Rc files read:
  NONE
Latexmk: This is Latexmk, John Collins, 15 June 2025. Version 4.87.
Force everything to be remade.
Latexmk: applying rule 'xelatex'...
Rule 'xelatex':  Reasons for rerun
Category 'other':
  Rerun of 'xelatex' forced or previously required:
    Reason or flag: 'go_mode'

------------
Run number 1 of rule 'xelatex'
------------
------------
Running 'xelatex -no-pdf -interaction=nonstopmode -halt-on-error -file-line-error -recorder -output-directory="/Users/rob/dev/Presentation/ROB-Books/tmp/pdfs"  "volume-1-meet-rob.tex"'
------------
This is XeTeX, Version 3.141592653-2.6-0.999998 (TeX Live 2026/Homebrew) (preloaded format=xelatex)
 restricted \write18 enabled.
entering extended mode
(./volume-1-meet-rob.tex
LaTeX2e <2025-11-01>
L3 programming layer <2026-01-19>

(/opt/homebrew/Cellar/texlive/20260301/share/texmf-dist/tex/latex/base/book.cls
Document Class: book 2025/01/22 v1.4n Standard LaTeX document class

(/opt/homebrew/Cellar/texlive/20260301/share/texmf-dist/tex/latex/base/bk11.clo
)) (./robbook.sty
(/opt/homebrew/Cellar/texlive/20260301/share/texmf-dist/tex/latex/geometry/geom
etry.sty
(/opt/homebrew/Cellar/texlive/20260301/share/texmf-dist/tex/latex/graphics/keyv
al.sty)
(/opt/homebrew/Cellar/texlive/20260301/share/texmf-dist/tex/generic/iftex/ifvte
x.sty
(/opt/homebrew/Cellar/texlive/20260301/share/texmf-dist/tex/generic/iftex/iftex
.sty)))
(/opt/homebrew/Cellar/texlive/20260301/share/texmf-dist/tex/latex/fontspec/font
spec.sty
(/opt/homebrew/Cellar/texlive/20260301/share/texmf-dist/tex/latex/l3packages/xp
arse/xparse.sty
(/opt/homebrew/Cellar/texlive/20260301/share/texmf-dist/tex/latex/l3kernel/expl
3.sty
(/opt/homebrew/Cellar/texlive/20260301/share/texmf-dist/tex/latex/l3backend/l3b
ackend-xetex.def)))
(/opt/homebrew/Cellar/texlive/20260301/share/texmf-dist/tex/latex/fontspec/font
spec-xetex.sty
(/opt/homebrew/Cellar/texlive/20260301/share/texmf-dist/tex/latex/base/fontenc.
sty)
(/opt/homebrew/Cellar/texlive/20260301/share/texmf-dist/tex/latex/fontspec/font
spec.cfg)))
(/opt/homebrew/Cellar/texlive/20260301/share/texmf-dist/tex/latex/graphics/grap
hicx.sty
(/opt/homebrew/Cellar/texlive/20260301/share/texmf-dist/tex/latex/graphics/grap
hics.sty
(/opt/homebrew/Cellar/texlive/20260301/share/texmf-dist/tex/latex/graphics/trig
.sty)
(/opt/homebrew/Cellar/texlive/20260301/share/texmf-dist/tex/latex/graphics-cfg/
graphics.cfg)
(/opt/homebrew/Cellar/texlive/20260301/share/texmf-dist/tex/latex/graphics-def/
xetex.def)))
(/opt/homebrew/Cellar/texlive/20260301/share/texmf-dist/tex/latex/adjustbox/adj
ustbox.sty
(/opt/homebrew/Cellar/texlive/20260301/share/texmf-dist/tex/latex/xkeyval/xkeyv
al.sty
(/opt/homebrew/Cellar/texlive/20260301/share/texmf-dist/tex/generic/xkeyval/xke
yval.tex
(/opt/homebrew/Cellar/texlive/20260301/share/texmf-dist/tex/generic/xkeyval/xkv
utils.tex)))
(/opt/homebrew/Cellar/texlive/20260301/share/texmf-dist/tex/latex/adjustbox/adj
calc.sty)
(/opt/homebrew/Cellar/texlive/20260301/share/texmf-dist/tex/latex/adjustbox/tri
mclip.sty
(/opt/homebrew/Cellar/texlive/20260301/share/texmf-dist/tex/latex/collectbox/co
llectbox.sty)
(/opt/homebrew/Cellar/texlive/20260301/share/texmf-dist/tex/latex/adjustbox/tc-
xetex.def))
(/opt/homebrew/Cellar/texlive/20260301/share/texmf-dist/tex/latex/ifoddpage/ifo
ddpage.sty)
(/opt/homebrew/Cellar/texlive/20260301/share/texmf-dist/tex/latex/varwidth/varw
idth.sty)
==> First Aid for varwidth.sty applied!
)
(/opt/homebrew/Cellar/texlive/20260301/share/texmf-dist/tex/latex/pgf/frontendl
ayer/tikz.sty
(/opt/homebrew/Cellar/texlive/20260301/share/texmf-dist/tex/latex/pgf/basiclaye
r/pgf.sty
(/opt/homebrew/Cellar/texlive/20260301/share/texmf-dist/tex/latex/pgf/utilities
/pgfrcs.sty
(/opt/homebrew/Cellar/texlive/20260301/share/texmf-dist/tex/generic/pgf/utiliti
es/pgfutil-common.tex)
(/opt/homebrew/Cellar/texlive/20260301/share/texmf-dist/tex/generic/pgf/utiliti
es/pgfutil-latex.def)
(/opt/homebrew/Cellar/texlive/20260301/share/texmf-dist/tex/generic/pgf/utiliti
es/pgfrcs.code.tex
(/opt/homebrew/Cellar/texlive/20260301/share/texmf-dist/tex/generic/pgf/pgf.rev
ision.tex)))
(/opt/homebrew/Cellar/texlive/20260301/share/texmf-dist/tex/latex/pgf/basiclaye
r/pgfcore.sty
(/opt/homebrew/Cellar/texlive/20260301/share/texmf-dist/tex/latex/pgf/systemlay
er/pgfsys.sty
(/opt/homebrew/Cellar/texlive/20260301/share/texmf-dist/tex/generic/pgf/systeml
ayer/pgfsys.code.tex
(/opt/homebrew/Cellar/texlive/20260301/share/texmf-dist/tex/generic/pgf/utiliti
es/pgfkeys.code.tex
(/opt/homebrew/Cellar/texlive/20260301/share/texmf-dist/tex/generic/pgf/utiliti
es/pgfkeyslibraryfiltered.code.tex))
(/opt/homebrew/Cellar/texlive/20260301/share/texmf-dist/tex/generic/pgf/systeml
ayer/pgf.cfg)
(/opt/homebrew/Cellar/texlive/20260301/share/texmf-dist/tex/generic/pgf/systeml
ayer/pgfsys-xetex.def
(/opt/homebrew/Cellar/texlive/20260301/share/texmf-dist/tex/generic/pgf/systeml
ayer/pgfsys-dvipdfmx.def
(/opt/homebrew/Cellar/texlive/20260301/share/texmf-dist/tex/generic/pgf/systeml
ayer/pgfsys-common-pdf.def))))
(/opt/homebrew/Cellar/texlive/20260301/share/texmf-dist/tex/generic/pgf/systeml
ayer/pgfsyssoftpath.code.tex)
(/opt/homebrew/Cellar/texlive/20260301/share/texmf-dist/tex/generic/pgf/systeml
ayer/pgfsysprotocol.code.tex))
(/opt/homebrew/Cellar/texlive/20260301/share/texmf-dist/tex/latex/xcolor/xcolor
.sty
(/opt/homebrew/Cellar/texlive/20260301/share/texmf-dist/tex/latex/graphics-cfg/
color.cfg)
(/opt/homebrew/Cellar/texlive/20260301/share/texmf-dist/tex/latex/graphics/math
color.ltx))
(/opt/homebrew/Cellar/texlive/20260301/share/texmf-dist/tex/generic/pgf/basicla
yer/pgfcore.code.tex
(/opt/homebrew/Cellar/texlive/20260301/share/texmf-dist/tex/generic/pgf/math/pg
fmath.code.tex
(/opt/homebrew/Cellar/texlive/20260301/share/texmf-dist/tex/generic/pgf/math/pg
fmathutil.code.tex)
(/opt/homebrew/Cellar/texlive/20260301/share/texmf-dist/tex/generic/pgf/math/pg
fmathparser.code.tex)
(/opt/homebrew/Cellar/texlive/20260301/share/texmf-dist/tex/generic/pgf/math/pg
fmathfunctions.code.tex)
(/opt/homebrew/Cellar/texlive/20260301/share/texmf-dist/tex/generic/pgf/math/pg
fmathfunctions.basic.code.tex)
(/opt/homebrew/Cellar/texlive/20260301/share/texmf-dist/tex/generic/pgf/math/pg
fmathfunctions.trigonometric.code.tex)
(/opt/homebrew/Cellar/texlive/20260301/share/texmf-dist/tex/generic/pgf/math/pg
fmathfunctions.random.code.tex)
(/opt/homebrew/Cellar/texlive/20260301/share/texmf-dist/tex/generic/pgf/math/pg
fmathfunctions.comparison.code.tex)
(/opt/homebrew/Cellar/texlive/20260301/share/texmf-dist/tex/generic/pgf/math/pg
fmathfunctions.base.code.tex)
(/opt/homebrew/Cellar/texlive/20260301/share/texmf-dist/tex/generic/pgf/math/pg
fmathfunctions.round.code.tex)
(/opt/homebrew/Cellar/texlive/20260301/share/texmf-dist/tex/generic/pgf/math/pg
fmathfunctions.misc.code.tex)
(/opt/homebrew/Cellar/texlive/20260301/share/texmf-dist/tex/generic/pgf/math/pg
fmathfunctions.integerarithmetics.code.tex)
(/opt/homebrew/Cellar/texlive/20260301/share/texmf-dist/tex/generic/pgf/math/pg
fmathcalc.code.tex)
(/opt/homebrew/Cellar/texlive/20260301/share/texmf-dist/tex/generic/pgf/math/pg
fmathfloat.code.tex))
(/opt/homebrew/Cellar/texlive/20260301/share/texmf-dist/tex/generic/pgf/math/pg
fint.code.tex)
(/opt/homebrew/Cellar/texlive/20260301/share/texmf-dist/tex/generic/pgf/basicla
yer/pgfcorepoints.code.tex)
(/opt/homebrew/Cellar/texlive/20260301/share/texmf-dist/tex/generic/pgf/basicla
yer/pgfcorepathconstruct.code.tex)
(/opt/homebrew/Cellar/texlive/20260301/share/texmf-dist/tex/generic/pgf/basicla
yer/pgfcorepathusage.code.tex)
(/opt/homebrew/Cellar/texlive/20260301/share/texmf-dist/tex/generic/pgf/basicla
yer/pgfcorescopes.code.tex)
(/opt/homebrew/Cellar/texlive/20260301/share/texmf-dist/tex/generic/pgf/basicla
yer/pgfcoregraphicstate.code.tex)
(/opt/homebrew/Cellar/texlive/20260301/share/texmf-dist/tex/generic/pgf/basicla
yer/pgfcoretransformations.code.tex)
(/opt/homebrew/Cellar/texlive/20260301/share/texmf-dist/tex/generic/pgf/basicla
yer/pgfcorequick.code.tex)
(/opt/homebrew/Cellar/texlive/20260301/share/texmf-dist/tex/generic/pgf/basicla
yer/pgfcoreobjects.code.tex)
(/opt/homebrew/Cellar/texlive/20260301/share/texmf-dist/tex/generic/pgf/basicla
yer/pgfcorepathprocessing.code.tex)
(/opt/homebrew/Cellar/texlive/20260301/share/texmf-dist/tex/generic/pgf/basicla
yer/pgfcorearrows.code.tex)
(/opt/homebrew/Cellar/texlive/20260301/share/texmf-dist/tex/generic/pgf/basicla
yer/pgfcoreshade.code.tex)
(/opt/homebrew/Cellar/texlive/20260301/share/texmf-dist/tex/generic/pgf/basicla
yer/pgfcoreimage.code.tex)
(/opt/homebrew/Cellar/texlive/20260301/share/texmf-dist/tex/generic/pgf/basicla
yer/pgfcoreexternal.code.tex)
(/opt/homebrew/Cellar/texlive/20260301/share/texmf-dist/tex/generic/pgf/basicla
yer/pgfcorelayers.code.tex)
(/opt/homebrew/Cellar/texlive/20260301/share/texmf-dist/tex/generic/pgf/basicla
yer/pgfcoretransparency.code.tex)
(/opt/homebrew/Cellar/texlive/20260301/share/texmf-dist/tex/generic/pgf/basicla
yer/pgfcorepatterns.code.tex)
(/opt/homebrew/Cellar/texlive/20260301/share/texmf-dist/tex/generic/pgf/basicla
yer/pgfcorerdf.code.tex)))
(/opt/homebrew/Cellar/texlive/20260301/share/texmf-dist/tex/generic/pgf/modules
/pgfmoduleshapes.code.tex)
(/opt/homebrew/Cellar/texlive/20260301/share/texmf-dist/tex/generic/pgf/modules
/pgfmoduleplot.code.tex)
(/opt/homebrew/Cellar/texlive/20260301/share/texmf-dist/tex/latex/pgf/compatibi
lity/pgfcomp-version-0-65.sty)
(/opt/homebrew/Cellar/texlive/20260301/share/texmf-dist/tex/latex/pgf/compatibi
lity/pgfcomp-version-1-18.sty))
(/opt/homebrew/Cellar/texlive/20260301/share/texmf-dist/tex/latex/pgf/utilities
/pgffor.sty
(/opt/homebrew/Cellar/texlive/20260301/share/texmf-dist/tex/latex/pgf/utilities
/pgfkeys.sty
(/opt/homebrew/Cellar/texlive/20260301/share/texmf-dist/tex/generic/pgf/utiliti
es/pgfkeys.code.tex))
(/opt/homebrew/Cellar/texlive/20260301/share/texmf-dist/tex/latex/pgf/math/pgfm
ath.sty
(/opt/homebrew/Cellar/texlive/20260301/share/texmf-dist/tex/generic/pgf/math/pg
fmath.code.tex))
(/opt/homebrew/Cellar/texlive/20260301/share/texmf-dist/tex/generic/pgf/utiliti
es/pgffor.code.tex))
(/opt/homebrew/Cellar/texlive/20260301/share/texmf-dist/tex/generic/pgf/fronten
dlayer/tikz/tikz.code.tex
(/opt/homebrew/Cellar/texlive/20260301/share/texmf-dist/tex/generic/pgf/librari
es/pgflibraryplothandlers.code.tex)
(/opt/homebrew/Cellar/texlive/20260301/share/texmf-dist/tex/generic/pgf/modules
/pgfmodulematrix.code.tex)
(/opt/homebrew/Cellar/texlive/20260301/share/texmf-dist/tex/generic/pgf/fronten
dlayer/tikz/libraries/tikzlibrarytopaths.code.tex)))
(/opt/homebrew/Cellar/texlive/20260301/share/texmf-dist/tex/generic/pgf/fronten
dlayer/tikz/libraries/tikzlibrarypositioning.code.tex)
(/opt/homebrew/Cellar/texlive/20260301/share/texmf-dist/tex/generic/pgf/fronten
dlayer/tikz/libraries/tikzlibrarycalc.code.tex)
(/opt/homebrew/Cellar/texlive/20260301/share/texmf-dist/tex/latex/tcolorbox/tco
lorbox.sty
(/opt/homebrew/Cellar/texlive/20260301/share/texmf-dist/tex/latex/tools/verbati
m.sty)
(/opt/homebrew/Cellar/texlive/20260301/share/texmf-dist/tex/latex/environ/envir
on.sty
(/opt/homebrew/Cellar/texlive/20260301/share/texmf-dist/tex/latex/trimspaces/tr
imspaces.sty))
(/opt/homebrew/Cellar/texlive/20260301/share/texmf-dist/tex/latex/etoolbox/etoo
lbox.sty)
(/opt/homebrew/Cellar/texlive/20260301/share/texmf-dist/tex/latex/tcolorbox/tcb
raster.code.tex
Library (tcolorbox): 'tcbraster.code.tex' version '6.9.0'
)
(/opt/homebrew/Cellar/texlive/20260301/share/texmf-dist/tex/latex/tcolorbox/tcb
skins.code.tex
Library (tcolorbox): 'tcbskins.code.tex' version '6.9.0'

(/opt/homebrew/Cellar/texlive/20260301/share/texmf-dist/tex/latex/tikzfill/tikz
fill.image.sty
(/opt/homebrew/Cellar/texlive/20260301/share/texmf-dist/tex/latex/tikzfill/tikz
fill-common.sty)
(/opt/homebrew/Cellar/texlive/20260301/share/texmf-dist/tex/latex/tikzfill/tikz
libraryfill.image.code.tex))
(/opt/homebrew/Cellar/texlive/20260301/share/texmf-dist/tex/latex/tcolorbox/tcb
skinsjigsaw.code.tex
Library (tcolorbox): 'tcbskinsjigsaw.code.tex' version '6.9.0'
))
(/opt/homebrew/Cellar/texlive/20260301/share/texmf-dist/tex/latex/tcolorbox/tcb
breakable.code.tex
Library (tcolorbox): 'tcbbreakable.code.tex' version '6.9.0'

(/opt/homebrew/Cellar/texlive/20260301/share/texmf-dist/tex/latex/pdfcol/pdfcol
.sty
(/opt/homebrew/Cellar/texlive/20260301/share/texmf-dist/tex/generic/ltxcmds/ltx
cmds.sty)
(/opt/homebrew/Cellar/texlive/20260301/share/texmf-dist/tex/generic/infwarerr/i
nfwarerr.sty)))
(/opt/homebrew/Cellar/texlive/20260301/share/texmf-dist/tex/latex/tcolorbox/tcb
hooks.code.tex
Library (tcolorbox): 'tcbhooks.code.tex' version '6.9.0'
)
(/opt/homebrew/Cellar/texlive/20260301/share/texmf-dist/tex/latex/tcolorbox/tcb
theorems.code.tex
Library (tcolorbox): 'tcbtheorems.code.tex' version '6.9.0'

(/opt/homebrew/Cellar/texlive/20260301/share/texmf-dist/tex/latex/amsmath/amsma
th.sty
For additional information on amsmath, use the `?' option.

(/opt/homebrew/Cellar/texlive/20260301/share/texmf-dist/tex/latex/amsmath/amste
xt.sty
(/opt/homebrew/Cellar/texlive/20260301/share/texmf-dist/tex/latex/amsmath/amsge
n.sty))
(/opt/homebrew/Cellar/texlive/20260301/share/texmf-dist/tex/latex/amsmath/amsbs
y.sty)
(/opt/homebrew/Cellar/texlive/20260301/share/texmf-dist/tex/latex/amsmath/amsop
n.sty)))
(/opt/homebrew/Cellar/texlive/20260301/share/texmf-dist/tex/latex/tcolorbox/tcb
fitting.code.tex
Library (tcolorbox): 'tcbfitting.code.tex' version '6.9.0'
)
(/opt/homebrew/Cellar/texlive/20260301/share/texmf-dist/tex/latex/tcolorbox/tcb
listingsutf8.code.tex
Library (tcolorbox): 'tcblistingsutf8.code.tex' version '6.9.0'

(/opt/homebrew/Cellar/texlive/20260301/share/texmf-dist/tex/latex/tcolorbox/tcb
listings.code.tex
Library (tcolorbox): 'tcblistings.code.tex' version '6.9.0'

(/opt/homebrew/Cellar/texlive/20260301/share/texmf-dist/tex/latex/listings/list
ings.sty
(/opt/homebrew/Cellar/texlive/20260301/share/texmf-dist/tex/latex/listings/lstp
atch.sty)
(/opt/homebrew/Cellar/texlive/20260301/share/texmf-dist/tex/latex/listings/lstm
isc.sty)
(/opt/homebrew/Cellar/texlive/20260301/share/texmf-dist/tex/latex/listings/list
ings.cfg))
==> First Aid for listings.sty no longer applied!
    Expected:
        2024/09/23 1.10c (Carsten Heinz)
    but found:
        2025/11/14 1.11b (Carsten Heinz)
    so I'm assuming it got fixed.

(/opt/homebrew/Cellar/texlive/20260301/share/texmf-dist/tex/latex/tcolorbox/tcb
listingscore.code.tex
Library (tcolorbox): 'tcblistingscore.code.tex' version '6.9.0'

(/opt/homebrew/Cellar/texlive/20260301/share/texmf-dist/tex/latex/tcolorbox/tcb
processing.code.tex
Library (tcolorbox): 'tcbprocessing.code.tex' version '6.9.0'
))))
(/opt/homebrew/Cellar/texlive/20260301/share/texmf-dist/tex/latex/tcolorbox/tcb
external.code.tex
Library (tcolorbox): 'tcbexternal.code.tex' version '6.9.0'
)
(/opt/homebrew/Cellar/texlive/20260301/share/texmf-dist/tex/latex/tcolorbox/tcb
magazine.code.tex
Library (tcolorbox): 'tcbmagazine.code.tex' version '6.9.0'
)
(/opt/homebrew/Cellar/texlive/20260301/share/texmf-dist/tex/latex/tcolorbox/tcb
vignette.code.tex
Library (tcolorbox): 'tcbvignette.code.tex' version '6.9.0'

(/opt/homebrew/Cellar/texlive/20260301/share/texmf-dist/tex/generic/pgf/fronten
dlayer/tikz/libraries/tikzlibraryfadings.code.tex
(/opt/homebrew/Cellar/texlive/20260301/share/texmf-dist/tex/generic/pgf/librari
es/pgflibraryfadings.code.tex)))
(/opt/homebrew/Cellar/texlive/20260301/share/texmf-dist/tex/latex/tcolorbox/tcb
poster.code.tex
Library (tcolorbox): 'tcbposter.code.tex' version '6.9.0'
))
(/opt/homebrew/Cellar/texlive/20260301/share/texmf-dist/tex/latex/tools/tabular
x.sty
(/opt/homebrew/Cellar/texlive/20260301/share/texmf-dist/tex/latex/tools/array.s
ty))
(/opt/homebrew/Cellar/texlive/20260301/share/texmf-dist/tex/latex/booktabs/book
tabs.sty)
(/opt/homebrew/Cellar/texlive/20260301/share/texmf-dist/tex/latex/enumitem/enum
item.sty)
(/opt/homebrew/Cellar/texlive/20260301/share/texmf-dist/tex/latex/fancyhdr/fanc
yhdr.sty)
(/opt/homebrew/Cellar/texlive/20260301/share/texmf-dist/tex/latex/titlesec/titl
esec.sty)
(/opt/homebrew/Cellar/texlive/20260301/share/texmf-dist/tex/latex/hyperref/hype
rref.sty
(/opt/homebrew/Cellar/texlive/20260301/share/texmf-dist/tex/latex/kvsetkeys/kvs
etkeys.sty)
(/opt/homebrew/Cellar/texlive/20260301/share/texmf-dist/tex/generic/kvdefinekey
s/kvdefinekeys.sty)
(/opt/homebrew/Cellar/texlive/20260301/share/texmf-dist/tex/generic/pdfescape/p
dfescape.sty
(/opt/homebrew/Cellar/texlive/20260301/share/texmf-dist/tex/generic/pdftexcmds/
pdftexcmds.sty))
(/opt/homebrew/Cellar/texlive/20260301/share/texmf-dist/tex/latex/hycolor/hycol
or.sty)
(/opt/homebrew/Cellar/texlive/20260301/share/texmf-dist/tex/latex/hyperref/name
ref.sty
(/opt/homebrew/Cellar/texlive/20260301/share/texmf-dist/tex/latex/refcount/refc
ount.sty)
(/opt/homebrew/Cellar/texlive/20260301/share/texmf-dist/tex/generic/gettitlestr
ing/gettitlestring.sty
(/opt/homebrew/Cellar/texlive/20260301/share/texmf-dist/tex/latex/kvoptions/kvo
ptions.sty)))
(/opt/homebrew/Cellar/texlive/20260301/share/texmf-dist/tex/generic/stringenc/s
tringenc.sty)
(/opt/homebrew/Cellar/texlive/20260301/share/texmf-dist/tex/latex/hyperref/pd1e
nc.def)
(/opt/homebrew/Cellar/texlive/20260301/share/texmf-dist/tex/generic/intcalc/int
calc.sty)
(/opt/homebrew/Cellar/texlive/20260301/share/texmf-dist/tex/latex/hyperref/puen
c.def)
(/opt/homebrew/Cellar/texlive/20260301/share/texmf-dist/tex/latex/url/url.sty)
(/opt/homebrew/Cellar/texlive/20260301/share/texmf-dist/tex/generic/bitset/bits
et.sty
(/opt/homebrew/Cellar/texlive/20260301/share/texmf-dist/tex/generic/bigintcalc/
bigintcalc.sty)))
(/opt/homebrew/Cellar/texlive/20260301/share/texmf-dist/tex/latex/hyperref/hxet
ex.def
(/opt/homebrew/Cellar/texlive/20260301/share/texmf-dist/tex/latex/rerunfilechec
k/rerunfilecheck.sty
(/opt/homebrew/Cellar/texlive/20260301/share/texmf-dist/tex/generic/uniquecount
er/uniquecounter.sty)))
(/opt/homebrew/Cellar/texlive/20260301/share/texmf-dist/tex/latex/microtype/mic
rotype.sty
(/opt/homebrew/Cellar/texlive/20260301/share/texmf-dist/tex/latex/microtype/mic
rotype-xetex.def)
(/opt/homebrew/Cellar/texlive/20260301/share/texmf-dist/tex/latex/microtype/mic
rotype.cfg))
(/opt/homebrew/Cellar/texlive/20260301/share/texmf-dist/tex/latex/setspace/sets
pace.sty)
(/opt/homebrew/Cellar/texlive/20260301/share/texmf-dist/tex/latex/caption/capti
on.sty
(/opt/homebrew/Cellar/texlive/20260301/share/texmf-dist/tex/latex/caption/capti
on3.sty))
(/opt/homebrew/Cellar/texlive/20260301/share/texmf-dist/tex/latex/tools/multico
l.sty)
(/opt/homebrew/Cellar/texlive/20260301/share/texmf-dist/tex/latex/ragged2e/ragg
ed2e.sty)
(/opt/homebrew/Cellar/texlive/20260301/share/texmf-dist/tex/latex/base/ifthen.s
ty)
(/opt/homebrew/Cellar/texlive/20260301/share/texmf-dist/tex/latex/lastpage/last
page.sty
(/opt/homebrew/Cellar/texlive/20260301/share/texmf-dist/tex/latex/lastpage/last
page2e.sty
(/opt/homebrew/Cellar/texlive/20260301/share/texmf-dist/tex/latex/lastpage/last
pagemodern.sty) 
))) (/Users/rob/dev/Presentation/ROB-Books/tmp/pdfs/volume-1-meet-rob.aux)
*geometry* driver: auto-detecting
*geometry* detected driver: xetex
(/Users/rob/dev/Presentation/ROB-Books/tmp/pdfs/volume-1-meet-rob.out)
(/Users/rob/dev/Presentation/ROB-Books/tmp/pdfs/volume-1-meet-rob.out)

Package microtype Warning: Unable to apply patch `footnote' on input line 6.

[1] [2]
(/opt/homebrew/Cellar/texlive/20260301/share/texmf-dist/tex/latex/microtype/mt-
cmr.cfg) [3] [4]
(/Users/rob/dev/Presentation/ROB-Books/tmp/pdfs/volume-1-meet-rob.toc) [5]
[6] [1]
Chapter 1.
[2] [3] [4] [5]
Chapter 2.
[6] [7] [8] [9]
Chapter 3.
[10] [11]
Underfull \hbox (badness 1199) in paragraph at lines 152--152
[]\TU/Futura(0)/b/n/29 Sensors turn the world into num- 
[12]
Chapter 4.
[13] [14] [15]
Chapter 5.
[16] [17] [18] [19]
Chapter 6.

Underfull \hbox (badness 3657) in paragraph at lines 224--224
[][] []\TU/AvenirNext(0)/m/it/8 The early black tracked

Underfull \hbox (badness 10000) in paragraph at lines 224--224
[][]
[20] [21] [22] [23]
Underfull \hbox (badness 10000) in paragraph at lines 238--238
[][]
[24]
Chapter 7.
(./volume-1-deep-dive.tex [25] [26]
Chapter 8.

Underfull \hbox (badness 2065) in paragraph at lines 43--43
[]|\TU/AvenirNext(0)/m/n/10.95 Which variable changes while others
[27] [28]
Chapter 9.
) [29] [30] 
enddocument/afterlastpage (AED): lastpage setting LastPage.
(/Users/rob/dev/Presentation/ROB-Books/tmp/pdfs/volume-1-meet-rob.aux) )
(see the transcript file for additional information)
Output written on /Users/rob/dev/Presentation/ROB-Books/tmp/pdfs/volume-1-meet-
rob.xdv (36 pages, 538988 bytes).
Transcript written on /Users/rob/dev/Presentation/ROB-Books/tmp/pdfs/volume-1-m
eet-rob.log.
Latexmk: Getting log file '/Users/rob/dev/Presentation/ROB-Books/tmp/pdfs/volume-1-meet-rob.log'
Latexmk: Examining '/Users/rob/dev/Presentation/ROB-Books/tmp/pdfs/volume-1-meet-rob.fls'
Latexmk: Examining '/Users/rob/dev/Presentation/ROB-Books/tmp/pdfs/volume-1-meet-rob.log'
Latexmk: Log file says output to '/Users/rob/dev/Presentation/ROB-Books/tmp/pdfs/volume-1-meet-rob.xdv'
Latexmk: Using bibtex to make bibliography file(s).
Latexmk: applying rule 'xdvipdfmx'...
Rule 'xdvipdfmx':  Reasons for rerun
Category 'other':
  Rerun of 'xdvipdfmx' forced or previously required:
    Reason or flag: 'go_mode'

------------
Run number 1 of rule 'xdvipdfmx'
------------
------------
Running 'xdvipdfmx -E -o "/Users/rob/dev/Presentation/ROB-Books/tmp/pdfs/volume-1-meet-rob.pdf"  "/Users/rob/dev/Presentation/ROB-Books/tmp/pdfs/volume-1-meet-rob.xdv"'
------------
/Users/rob/dev/Presentation/ROB-Books/tmp/pdfs/volume-1-meet-rob.xdv -> /Users/rob/dev/Presentation/ROB-Books/tmp/pdfs/volume-1-meet-rob.pdf
[1][2][3][4][5][6][7
xdvipdfmx:warning: Object @page.1 already defined.
][8
xdvipdfmx:warning: Object @page.2 already defined.
][9
xdvipdfmx:warning: Object @page.3 already defined.
][10
xdvipdfmx:warning: Object @page.4 already defined.
][11
xdvipdfmx:warning: Object @page.5 already defined.
][12
xdvipdfmx:warning: Object @page.6 already defined.
][13][14][15][16][17][18][19][20][21][22][23][24][25][26][27][28][29][30][31][32][33][34][35][36]
27822101 bytes written
Latexmk: All targets (/Users/rob/dev/Presentation/ROB-Books/tmp/pdfs/volume-1-meet-rob.xdv /Users/rob/dev/Presentation/ROB-Books/tmp/pdfs/volume-1-meet-rob.pdf) are up-to-date

Rc files read:
  NONE
Latexmk: This is Latexmk, John Collins, 15 June 2025. Version 4.87.
Force everything to be remade.
Latexmk: applying rule 'xelatex'...
Rule 'xelatex':  Reasons for rerun
Category 'other':
  Rerun of 'xelatex' forced or previously required:
    Reason or flag: 'go_mode'

------------
Run number 1 of rule 'xelatex'
------------
------------
Running 'xelatex -no-pdf -interaction=nonstopmode -halt-on-error -file-line-error -recorder -output-directory="/Users/rob/dev/Presentation/ROB-Books/tmp/pdfs"  "volume-2-circuits-and-signals.tex"'
------------
This is XeTeX, Version 3.141592653-2.6-0.999998 (TeX Live 2026/Homebrew) (preloaded format=xelatex)
 restricted \write18 enabled.
entering extended mode
(./volume-2-circuits-and-signals.tex
LaTeX2e <2025-11-01>
L3 programming layer <2026-01-19>

(/opt/homebrew/Cellar/texlive/20260301/share/texmf-dist/tex/latex/base/book.cls
Document Class: book 2025/01/22 v1.4n Standard LaTeX document class

(/opt/homebrew/Cellar/texlive/20260301/share/texmf-dist/tex/latex/base/bk11.clo
)) (./robbook.sty
(/opt/homebrew/Cellar/texlive/20260301/share/texmf-dist/tex/latex/geometry/geom
etry.sty
(/opt/homebrew/Cellar/texlive/20260301/share/texmf-dist/tex/latex/graphics/keyv
al.sty)
(/opt/homebrew/Cellar/texlive/20260301/share/texmf-dist/tex/generic/iftex/ifvte
x.sty
(/opt/homebrew/Cellar/texlive/20260301/share/texmf-dist/tex/generic/iftex/iftex
.sty)))
(/opt/homebrew/Cellar/texlive/20260301/share/texmf-dist/tex/latex/fontspec/font
spec.sty
(/opt/homebrew/Cellar/texlive/20260301/share/texmf-dist/tex/latex/l3packages/xp
arse/xparse.sty
(/opt/homebrew/Cellar/texlive/20260301/share/texmf-dist/tex/latex/l3kernel/expl
3.sty
(/opt/homebrew/Cellar/texlive/20260301/share/texmf-dist/tex/latex/l3backend/l3b
ackend-xetex.def)))
(/opt/homebrew/Cellar/texlive/20260301/share/texmf-dist/tex/latex/fontspec/font
spec-xetex.sty
(/opt/homebrew/Cellar/texlive/20260301/share/texmf-dist/tex/latex/base/fontenc.
sty)
(/opt/homebrew/Cellar/texlive/20260301/share/texmf-dist/tex/latex/fontspec/font
spec.cfg)))
(/opt/homebrew/Cellar/texlive/20260301/share/texmf-dist/tex/latex/graphics/grap
hicx.sty
(/opt/homebrew/Cellar/texlive/20260301/share/texmf-dist/tex/latex/graphics/grap
hics.sty
(/opt/homebrew/Cellar/texlive/20260301/share/texmf-dist/tex/latex/graphics/trig
.sty)
(/opt/homebrew/Cellar/texlive/20260301/share/texmf-dist/tex/latex/graphics-cfg/
graphics.cfg)
(/opt/homebrew/Cellar/texlive/20260301/share/texmf-dist/tex/latex/graphics-def/
xetex.def)))
(/opt/homebrew/Cellar/texlive/20260301/share/texmf-dist/tex/latex/adjustbox/adj
ustbox.sty
(/opt/homebrew/Cellar/texlive/20260301/share/texmf-dist/tex/latex/xkeyval/xkeyv
al.sty
(/opt/homebrew/Cellar/texlive/20260301/share/texmf-dist/tex/generic/xkeyval/xke
yval.tex
(/opt/homebrew/Cellar/texlive/20260301/share/texmf-dist/tex/generic/xkeyval/xkv
utils.tex)))
(/opt/homebrew/Cellar/texlive/20260301/share/texmf-dist/tex/latex/adjustbox/adj
calc.sty)
(/opt/homebrew/Cellar/texlive/20260301/share/texmf-dist/tex/latex/adjustbox/tri
mclip.sty
(/opt/homebrew/Cellar/texlive/20260301/share/texmf-dist/tex/latex/collectbox/co
llectbox.sty)
(/opt/homebrew/Cellar/texlive/20260301/share/texmf-dist/tex/latex/adjustbox/tc-
xetex.def))
(/opt/homebrew/Cellar/texlive/20260301/share/texmf-dist/tex/latex/ifoddpage/ifo
ddpage.sty)
(/opt/homebrew/Cellar/texlive/20260301/share/texmf-dist/tex/latex/varwidth/varw
idth.sty)
==> First Aid for varwidth.sty applied!
)
(/opt/homebrew/Cellar/texlive/20260301/share/texmf-dist/tex/latex/pgf/frontendl
ayer/tikz.sty
(/opt/homebrew/Cellar/texlive/20260301/share/texmf-dist/tex/latex/pgf/basiclaye
r/pgf.sty
(/opt/homebrew/Cellar/texlive/20260301/share/texmf-dist/tex/latex/pgf/utilities
/pgfrcs.sty
(/opt/homebrew/Cellar/texlive/20260301/share/texmf-dist/tex/generic/pgf/utiliti
es/pgfutil-common.tex)
(/opt/homebrew/Cellar/texlive/20260301/share/texmf-dist/tex/generic/pgf/utiliti
es/pgfutil-latex.def)
(/opt/homebrew/Cellar/texlive/20260301/share/texmf-dist/tex/generic/pgf/utiliti
es/pgfrcs.code.tex
(/opt/homebrew/Cellar/texlive/20260301/share/texmf-dist/tex/generic/pgf/pgf.rev
ision.tex)))
(/opt/homebrew/Cellar/texlive/20260301/share/texmf-dist/tex/latex/pgf/basiclaye
r/pgfcore.sty
(/opt/homebrew/Cellar/texlive/20260301/share/texmf-dist/tex/latex/pgf/systemlay
er/pgfsys.sty
(/opt/homebrew/Cellar/texlive/20260301/share/texmf-dist/tex/generic/pgf/systeml
ayer/pgfsys.code.tex
(/opt/homebrew/Cellar/texlive/20260301/share/texmf-dist/tex/generic/pgf/utiliti
es/pgfkeys.code.tex
(/opt/homebrew/Cellar/texlive/20260301/share/texmf-dist/tex/generic/pgf/utiliti
es/pgfkeyslibraryfiltered.code.tex))
(/opt/homebrew/Cellar/texlive/20260301/share/texmf-dist/tex/generic/pgf/systeml
ayer/pgf.cfg)
(/opt/homebrew/Cellar/texlive/20260301/share/texmf-dist/tex/generic/pgf/systeml
ayer/pgfsys-xetex.def
(/opt/homebrew/Cellar/texlive/20260301/share/texmf-dist/tex/generic/pgf/systeml
ayer/pgfsys-dvipdfmx.def
(/opt/homebrew/Cellar/texlive/20260301/share/texmf-dist/tex/generic/pgf/systeml
ayer/pgfsys-common-pdf.def))))
(/opt/homebrew/Cellar/texlive/20260301/share/texmf-dist/tex/generic/pgf/systeml
ayer/pgfsyssoftpath.code.tex)
(/opt/homebrew/Cellar/texlive/20260301/share/texmf-dist/tex/generic/pgf/systeml
ayer/pgfsysprotocol.code.tex))
(/opt/homebrew/Cellar/texlive/20260301/share/texmf-dist/tex/latex/xcolor/xcolor
.sty
(/opt/homebrew/Cellar/texlive/20260301/share/texmf-dist/tex/latex/graphics-cfg/
color.cfg)
(/opt/homebrew/Cellar/texlive/20260301/share/texmf-dist/tex/latex/graphics/math
color.ltx))
(/opt/homebrew/Cellar/texlive/20260301/share/texmf-dist/tex/generic/pgf/basicla
yer/pgfcore.code.tex
(/opt/homebrew/Cellar/texlive/20260301/share/texmf-dist/tex/generic/pgf/math/pg
fmath.code.tex
(/opt/homebrew/Cellar/texlive/20260301/share/texmf-dist/tex/generic/pgf/math/pg
fmathutil.code.tex)
(/opt/homebrew/Cellar/texlive/20260301/share/texmf-dist/tex/generic/pgf/math/pg
fmathparser.code.tex)
(/opt/homebrew/Cellar/texlive/20260301/share/texmf-dist/tex/generic/pgf/math/pg
fmathfunctions.code.tex)
(/opt/homebrew/Cellar/texlive/20260301/share/texmf-dist/tex/generic/pgf/math/pg
fmathfunctions.basic.code.tex)
(/opt/homebrew/Cellar/texlive/20260301/share/texmf-dist/tex/generic/pgf/math/pg
fmathfunctions.trigonometric.code.tex)
(/opt/homebrew/Cellar/texlive/20260301/share/texmf-dist/tex/generic/pgf/math/pg
fmathfunctions.random.code.tex)
(/opt/homebrew/Cellar/texlive/20260301/share/texmf-dist/tex/generic/pgf/math/pg
fmathfunctions.comparison.code.tex)
(/opt/homebrew/Cellar/texlive/20260301/share/texmf-dist/tex/generic/pgf/math/pg
fmathfunctions.base.code.tex)
(/opt/homebrew/Cellar/texlive/20260301/share/texmf-dist/tex/generic/pgf/math/pg
fmathfunctions.round.code.tex)
(/opt/homebrew/Cellar/texlive/20260301/share/texmf-dist/tex/generic/pgf/math/pg
fmathfunctions.misc.code.tex)
(/opt/homebrew/Cellar/texlive/20260301/share/texmf-dist/tex/generic/pgf/math/pg
fmathfunctions.integerarithmetics.code.tex)
(/opt/homebrew/Cellar/texlive/20260301/share/texmf-dist/tex/generic/pgf/math/pg
fmathcalc.code.tex)
(/opt/homebrew/Cellar/texlive/20260301/share/texmf-dist/tex/generic/pgf/math/pg
fmathfloat.code.tex))
(/opt/homebrew/Cellar/texlive/20260301/share/texmf-dist/tex/generic/pgf/math/pg
fint.code.tex)
(/opt/homebrew/Cellar/texlive/20260301/share/texmf-dist/tex/generic/pgf/basicla
yer/pgfcorepoints.code.tex)
(/opt/homebrew/Cellar/texlive/20260301/share/texmf-dist/tex/generic/pgf/basicla
yer/pgfcorepathconstruct.code.tex)
(/opt/homebrew/Cellar/texlive/20260301/share/texmf-dist/tex/generic/pgf/basicla
yer/pgfcorepathusage.code.tex)
(/opt/homebrew/Cellar/texlive/20260301/share/texmf-dist/tex/generic/pgf/basicla
yer/pgfcorescopes.code.tex)
(/opt/homebrew/Cellar/texlive/20260301/share/texmf-dist/tex/generic/pgf/basicla
yer/pgfcoregraphicstate.code.tex)
(/opt/homebrew/Cellar/texlive/20260301/share/texmf-dist/tex/generic/pgf/basicla
yer/pgfcoretransformations.code.tex)
(/opt/homebrew/Cellar/texlive/20260301/share/texmf-dist/tex/generic/pgf/basicla
yer/pgfcorequick.code.tex)
(/opt/homebrew/Cellar/texlive/20260301/share/texmf-dist/tex/generic/pgf/basicla
yer/pgfcoreobjects.code.tex)
(/opt/homebrew/Cellar/texlive/20260301/share/texmf-dist/tex/generic/pgf/basicla
yer/pgfcorepathprocessing.code.tex)
(/opt/homebrew/Cellar/texlive/20260301/share/texmf-dist/tex/generic/pgf/basicla
yer/pgfcorearrows.code.tex)
(/opt/homebrew/Cellar/texlive/20260301/share/texmf-dist/tex/generic/pgf/basicla
yer/pgfcoreshade.code.tex)
(/opt/homebrew/Cellar/texlive/20260301/share/texmf-dist/tex/generic/pgf/basicla
yer/pgfcoreimage.code.tex)
(/opt/homebrew/Cellar/texlive/20260301/share/texmf-dist/tex/generic/pgf/basicla
yer/pgfcoreexternal.code.tex)
(/opt/homebrew/Cellar/texlive/20260301/share/texmf-dist/tex/generic/pgf/basicla
yer/pgfcorelayers.code.tex)
(/opt/homebrew/Cellar/texlive/20260301/share/texmf-dist/tex/generic/pgf/basicla
yer/pgfcoretransparency.code.tex)
(/opt/homebrew/Cellar/texlive/20260301/share/texmf-dist/tex/generic/pgf/basicla
yer/pgfcorepatterns.code.tex)
(/opt/homebrew/Cellar/texlive/20260301/share/texmf-dist/tex/generic/pgf/basicla
yer/pgfcorerdf.code.tex)))
(/opt/homebrew/Cellar/texlive/20260301/share/texmf-dist/tex/generic/pgf/modules
/pgfmoduleshapes.code.tex)
(/opt/homebrew/Cellar/texlive/20260301/share/texmf-dist/tex/generic/pgf/modules
/pgfmoduleplot.code.tex)
(/opt/homebrew/Cellar/texlive/20260301/share/texmf-dist/tex/latex/pgf/compatibi
lity/pgfcomp-version-0-65.sty)
(/opt/homebrew/Cellar/texlive/20260301/share/texmf-dist/tex/latex/pgf/compatibi
lity/pgfcomp-version-1-18.sty))
(/opt/homebrew/Cellar/texlive/20260301/share/texmf-dist/tex/latex/pgf/utilities
/pgffor.sty
(/opt/homebrew/Cellar/texlive/20260301/share/texmf-dist/tex/latex/pgf/utilities
/pgfkeys.sty
(/opt/homebrew/Cellar/texlive/20260301/share/texmf-dist/tex/generic/pgf/utiliti
es/pgfkeys.code.tex))
(/opt/homebrew/Cellar/texlive/20260301/share/texmf-dist/tex/latex/pgf/math/pgfm
ath.sty
(/opt/homebrew/Cellar/texlive/20260301/share/texmf-dist/tex/generic/pgf/math/pg
fmath.code.tex))
(/opt/homebrew/Cellar/texlive/20260301/share/texmf-dist/tex/generic/pgf/utiliti
es/pgffor.code.tex))
(/opt/homebrew/Cellar/texlive/20260301/share/texmf-dist/tex/generic/pgf/fronten
dlayer/tikz/tikz.code.tex
(/opt/homebrew/Cellar/texlive/20260301/share/texmf-dist/tex/generic/pgf/librari
es/pgflibraryplothandlers.code.tex)
(/opt/homebrew/Cellar/texlive/20260301/share/texmf-dist/tex/generic/pgf/modules
/pgfmodulematrix.code.tex)
(/opt/homebrew/Cellar/texlive/20260301/share/texmf-dist/tex/generic/pgf/fronten
dlayer/tikz/libraries/tikzlibrarytopaths.code.tex)))
(/opt/homebrew/Cellar/texlive/20260301/share/texmf-dist/tex/generic/pgf/fronten
dlayer/tikz/libraries/tikzlibrarypositioning.code.tex)
(/opt/homebrew/Cellar/texlive/20260301/share/texmf-dist/tex/generic/pgf/fronten
dlayer/tikz/libraries/tikzlibrarycalc.code.tex)
(/opt/homebrew/Cellar/texlive/20260301/share/texmf-dist/tex/latex/tcolorbox/tco
lorbox.sty
(/opt/homebrew/Cellar/texlive/20260301/share/texmf-dist/tex/latex/tools/verbati
m.sty)
(/opt/homebrew/Cellar/texlive/20260301/share/texmf-dist/tex/latex/environ/envir
on.sty
(/opt/homebrew/Cellar/texlive/20260301/share/texmf-dist/tex/latex/trimspaces/tr
imspaces.sty))
(/opt/homebrew/Cellar/texlive/20260301/share/texmf-dist/tex/latex/etoolbox/etoo
lbox.sty)
(/opt/homebrew/Cellar/texlive/20260301/share/texmf-dist/tex/latex/tcolorbox/tcb
raster.code.tex
Library (tcolorbox): 'tcbraster.code.tex' version '6.9.0'
)
(/opt/homebrew/Cellar/texlive/20260301/share/texmf-dist/tex/latex/tcolorbox/tcb
skins.code.tex
Library (tcolorbox): 'tcbskins.code.tex' version '6.9.0'

(/opt/homebrew/Cellar/texlive/20260301/share/texmf-dist/tex/latex/tikzfill/tikz
fill.image.sty
(/opt/homebrew/Cellar/texlive/20260301/share/texmf-dist/tex/latex/tikzfill/tikz
fill-common.sty)
(/opt/homebrew/Cellar/texlive/20260301/share/texmf-dist/tex/latex/tikzfill/tikz
libraryfill.image.code.tex))
(/opt/homebrew/Cellar/texlive/20260301/share/texmf-dist/tex/latex/tcolorbox/tcb
skinsjigsaw.code.tex
Library (tcolorbox): 'tcbskinsjigsaw.code.tex' version '6.9.0'
))
(/opt/homebrew/Cellar/texlive/20260301/share/texmf-dist/tex/latex/tcolorbox/tcb
breakable.code.tex
Library (tcolorbox): 'tcbbreakable.code.tex' version '6.9.0'

(/opt/homebrew/Cellar/texlive/20260301/share/texmf-dist/tex/latex/pdfcol/pdfcol
.sty
(/opt/homebrew/Cellar/texlive/20260301/share/texmf-dist/tex/generic/ltxcmds/ltx
cmds.sty)
(/opt/homebrew/Cellar/texlive/20260301/share/texmf-dist/tex/generic/infwarerr/i
nfwarerr.sty)))
(/opt/homebrew/Cellar/texlive/20260301/share/texmf-dist/tex/latex/tcolorbox/tcb
hooks.code.tex
Library (tcolorbox): 'tcbhooks.code.tex' version '6.9.0'
)
(/opt/homebrew/Cellar/texlive/20260301/share/texmf-dist/tex/latex/tcolorbox/tcb
theorems.code.tex
Library (tcolorbox): 'tcbtheorems.code.tex' version '6.9.0'

(/opt/homebrew/Cellar/texlive/20260301/share/texmf-dist/tex/latex/amsmath/amsma
th.sty
For additional information on amsmath, use the `?' option.

(/opt/homebrew/Cellar/texlive/20260301/share/texmf-dist/tex/latex/amsmath/amste
xt.sty
(/opt/homebrew/Cellar/texlive/20260301/share/texmf-dist/tex/latex/amsmath/amsge
n.sty))
(/opt/homebrew/Cellar/texlive/20260301/share/texmf-dist/tex/latex/amsmath/amsbs
y.sty)
(/opt/homebrew/Cellar/texlive/20260301/share/texmf-dist/tex/latex/amsmath/amsop
n.sty)))
(/opt/homebrew/Cellar/texlive/20260301/share/texmf-dist/tex/latex/tcolorbox/tcb
fitting.code.tex
Library (tcolorbox): 'tcbfitting.code.tex' version '6.9.0'
)
(/opt/homebrew/Cellar/texlive/20260301/share/texmf-dist/tex/latex/tcolorbox/tcb
listingsutf8.code.tex
Library (tcolorbox): 'tcblistingsutf8.code.tex' version '6.9.0'

(/opt/homebrew/Cellar/texlive/20260301/share/texmf-dist/tex/latex/tcolorbox/tcb
listings.code.tex
Library (tcolorbox): 'tcblistings.code.tex' version '6.9.0'

(/opt/homebrew/Cellar/texlive/20260301/share/texmf-dist/tex/latex/listings/list
ings.sty
(/opt/homebrew/Cellar/texlive/20260301/share/texmf-dist/tex/latex/listings/lstp
atch.sty)
(/opt/homebrew/Cellar/texlive/20260301/share/texmf-dist/tex/latex/listings/lstm
isc.sty)
(/opt/homebrew/Cellar/texlive/20260301/share/texmf-dist/tex/latex/listings/list
ings.cfg))
==> First Aid for listings.sty no longer applied!
    Expected:
        2024/09/23 1.10c (Carsten Heinz)
    but found:
        2025/11/14 1.11b (Carsten Heinz)
    so I'm assuming it got fixed.

(/opt/homebrew/Cellar/texlive/20260301/share/texmf-dist/tex/latex/tcolorbox/tcb
listingscore.code.tex
Library (tcolorbox): 'tcblistingscore.code.tex' version '6.9.0'

(/opt/homebrew/Cellar/texlive/20260301/share/texmf-dist/tex/latex/tcolorbox/tcb
processing.code.tex
Library (tcolorbox): 'tcbprocessing.code.tex' version '6.9.0'
))))
(/opt/homebrew/Cellar/texlive/20260301/share/texmf-dist/tex/latex/tcolorbox/tcb
external.code.tex
Library (tcolorbox): 'tcbexternal.code.tex' version '6.9.0'
)
(/opt/homebrew/Cellar/texlive/20260301/share/texmf-dist/tex/latex/tcolorbox/tcb
magazine.code.tex
Library (tcolorbox): 'tcbmagazine.code.tex' version '6.9.0'
)
(/opt/homebrew/Cellar/texlive/20260301/share/texmf-dist/tex/latex/tcolorbox/tcb
vignette.code.tex
Library (tcolorbox): 'tcbvignette.code.tex' version '6.9.0'

(/opt/homebrew/Cellar/texlive/20260301/share/texmf-dist/tex/generic/pgf/fronten
dlayer/tikz/libraries/tikzlibraryfadings.code.tex
(/opt/homebrew/Cellar/texlive/20260301/share/texmf-dist/tex/generic/pgf/librari
es/pgflibraryfadings.code.tex)))
(/opt/homebrew/Cellar/texlive/20260301/share/texmf-dist/tex/latex/tcolorbox/tcb
poster.code.tex
Library (tcolorbox): 'tcbposter.code.tex' version '6.9.0'
))
(/opt/homebrew/Cellar/texlive/20260301/share/texmf-dist/tex/latex/tools/tabular
x.sty
(/opt/homebrew/Cellar/texlive/20260301/share/texmf-dist/tex/latex/tools/array.s
ty))
(/opt/homebrew/Cellar/texlive/20260301/share/texmf-dist/tex/latex/booktabs/book
tabs.sty)
(/opt/homebrew/Cellar/texlive/20260301/share/texmf-dist/tex/latex/enumitem/enum
item.sty)
(/opt/homebrew/Cellar/texlive/20260301/share/texmf-dist/tex/latex/fancyhdr/fanc
yhdr.sty)
(/opt/homebrew/Cellar/texlive/20260301/share/texmf-dist/tex/latex/titlesec/titl
esec.sty)
(/opt/homebrew/Cellar/texlive/20260301/share/texmf-dist/tex/latex/hyperref/hype
rref.sty
(/opt/homebrew/Cellar/texlive/20260301/share/texmf-dist/tex/latex/kvsetkeys/kvs
etkeys.sty)
(/opt/homebrew/Cellar/texlive/20260301/share/texmf-dist/tex/generic/kvdefinekey
s/kvdefinekeys.sty)
(/opt/homebrew/Cellar/texlive/20260301/share/texmf-dist/tex/generic/pdfescape/p
dfescape.sty
(/opt/homebrew/Cellar/texlive/20260301/share/texmf-dist/tex/generic/pdftexcmds/
pdftexcmds.sty))
(/opt/homebrew/Cellar/texlive/20260301/share/texmf-dist/tex/latex/hycolor/hycol
or.sty)
(/opt/homebrew/Cellar/texlive/20260301/share/texmf-dist/tex/latex/hyperref/name
ref.sty
(/opt/homebrew/Cellar/texlive/20260301/share/texmf-dist/tex/latex/refcount/refc
ount.sty)
(/opt/homebrew/Cellar/texlive/20260301/share/texmf-dist/tex/generic/gettitlestr
ing/gettitlestring.sty
(/opt/homebrew/Cellar/texlive/20260301/share/texmf-dist/tex/latex/kvoptions/kvo
ptions.sty)))
(/opt/homebrew/Cellar/texlive/20260301/share/texmf-dist/tex/generic/stringenc/s
tringenc.sty)
(/opt/homebrew/Cellar/texlive/20260301/share/texmf-dist/tex/latex/hyperref/pd1e
nc.def)
(/opt/homebrew/Cellar/texlive/20260301/share/texmf-dist/tex/generic/intcalc/int
calc.sty)
(/opt/homebrew/Cellar/texlive/20260301/share/texmf-dist/tex/latex/hyperref/puen
c.def)
(/opt/homebrew/Cellar/texlive/20260301/share/texmf-dist/tex/latex/url/url.sty)
(/opt/homebrew/Cellar/texlive/20260301/share/texmf-dist/tex/generic/bitset/bits
et.sty
(/opt/homebrew/Cellar/texlive/20260301/share/texmf-dist/tex/generic/bigintcalc/
bigintcalc.sty)))
(/opt/homebrew/Cellar/texlive/20260301/share/texmf-dist/tex/latex/hyperref/hxet
ex.def
(/opt/homebrew/Cellar/texlive/20260301/share/texmf-dist/tex/latex/rerunfilechec
k/rerunfilecheck.sty
(/opt/homebrew/Cellar/texlive/20260301/share/texmf-dist/tex/generic/uniquecount
er/uniquecounter.sty)))
(/opt/homebrew/Cellar/texlive/20260301/share/texmf-dist/tex/latex/microtype/mic
rotype.sty
(/opt/homebrew/Cellar/texlive/20260301/share/texmf-dist/tex/latex/microtype/mic
rotype-xetex.def)
(/opt/homebrew/Cellar/texlive/20260301/share/texmf-dist/tex/latex/microtype/mic
rotype.cfg))
(/opt/homebrew/Cellar/texlive/20260301/share/texmf-dist/tex/latex/setspace/sets
pace.sty)
(/opt/homebrew/Cellar/texlive/20260301/share/texmf-dist/tex/latex/caption/capti
on.sty
(/opt/homebrew/Cellar/texlive/20260301/share/texmf-dist/tex/latex/caption/capti
on3.sty))
(/opt/homebrew/Cellar/texlive/20260301/share/texmf-dist/tex/latex/tools/multico
l.sty)
(/opt/homebrew/Cellar/texlive/20260301/share/texmf-dist/tex/latex/ragged2e/ragg
ed2e.sty)
(/opt/homebrew/Cellar/texlive/20260301/share/texmf-dist/tex/latex/base/ifthen.s
ty)
(/opt/homebrew/Cellar/texlive/20260301/share/texmf-dist/tex/latex/lastpage/last
page.sty
(/opt/homebrew/Cellar/texlive/20260301/share/texmf-dist/tex/latex/lastpage/last
page2e.sty
(/opt/homebrew/Cellar/texlive/20260301/share/texmf-dist/tex/latex/lastpage/last
pagemodern.sty) 
)))
(/Users/rob/dev/Presentation/ROB-Books/tmp/pdfs/volume-2-circuits-and-signals.a
ux)
*geometry* driver: auto-detecting
*geometry* detected driver: xetex

(/Users/rob/dev/Presentation/ROB-Books/tmp/pdfs/volume-2-circuits-and-signals.o
ut)
(/Users/rob/dev/Presentation/ROB-Books/tmp/pdfs/volume-2-circuits-and-signals.o
ut)

Package microtype Warning: Unable to apply patch `footnote' on input line 6.

[1] [2]
(/opt/homebrew/Cellar/texlive/20260301/share/texmf-dist/tex/latex/microtype/mt-
cmr.cfg) [3] [4]
(/Users/rob/dev/Presentation/ROB-Books/tmp/pdfs/volume-2-circuits-and-signals.t
oc) [5] [6] [1]
Chapter 1.

Underfull \hbox (badness 10000) in paragraph at lines 52--52
[][]
[2] [3] [4]
Chapter 2.

Underfull \hbox (badness 2343) in paragraph at lines 92--93
[]\TU/AvenirNext(0)/m/n/10.95 With a mentor-approved Arduino and LED circuit, w
rite three fixed brightness levels using

(/opt/homebrew/Cellar/texlive/20260301/share/texmf-dist/tex/latex/listings/lstl
ang1.sty)
(/opt/homebrew/Cellar/texlive/20260301/share/texmf-dist/tex/latex/listings/lstl
ang1.sty)
(/opt/homebrew/Cellar/texlive/20260301/share/texmf-dist/tex/latex/listings/lstm
isc.sty) [5] [6]
Chapter 3.

Underfull \hbox (badness 10000) in paragraph at lines 148--148
[]|\TU/AvenirNextCondensed(0)/b/n/10.95 Linear actuator serial
[7]
Underfull \hbox (badness 10000) in paragraph at lines 158--158
[][]

Underfull \hbox (badness 10000) in paragraph at lines 158--158
[][]
[8] [9] [10]
Chapter 4.
[11] [12] [13]
Underfull \hbox (badness 1406) in paragraph at lines 251--251
[]\TU/Futura(0)/b/n/29 Sensors are measurements, not 
[14]
Chapter 5.
[15] [16]
Chapter 6.
[17] [18]
Chapter 7.

Underfull \hbox (badness 10000) in paragraph at lines 341--341
[]|\TU/AvenirNextCondensed(0)/b/n/10.95 Some method names,

Underfull \hbox (badness 10000) in paragraph at lines 341--341
\TU/AvenirNextCondensed(0)/b/n/10.95 direction comments,

Underfull \hbox (badness 10000) in paragraph at lines 341--341
\TU/AvenirNextCondensed(0)/b/n/10.95 and printed labels

Underfull \hbox (badness 7168) in paragraph at lines 341--341
[]|\TU/AvenirNextCondensed(0)/b/n/10.95 The IR inhibit assign-

Underfull \hbox (badness 10000) in paragraph at lines 341--341
[]|\TU/AvenirNextCondensed(0)/b/n/10.95 Ramping and speed

Underfull \hbox (badness 1533) in paragraph at lines 341--341
\TU/AvenirNextCondensed(0)/b/n/10.95 cial values 3201 and -
(./volume-2-deep-dive.tex [19] [20]
Chapter 8.
[21]
Chapter 9.
[22] [23] [24] [25]
Chapter 10.

Underfull \hbox (badness 10000) in paragraph at lines 124--124
[]|\TU/AvenirNextCondensed(0)/b/n/10.95 Where does it

Underfull \hbox (badness 1325) in paragraph at lines 124--124
[]|\TU/AvenirNextCondensed(0)/b/n/10.95 May that device do
) [26] [27] 
enddocument/afterlastpage (AED): lastpage setting LastPage.

(/Users/rob/dev/Presentation/ROB-Books/tmp/pdfs/volume-2-circuits-and-signals.a
ux) )
(see the transcript file for additional information)
Output written on /Users/rob/dev/Presentation/ROB-Books/tmp/pdfs/volume-2-circu
its-and-signals.xdv (33 pages, 662320 bytes).
Transcript written on /Users/rob/dev/Presentation/ROB-Books/tmp/pdfs/volume-2-c
ircuits-and-signals.log.
Latexmk: Getting log file '/Users/rob/dev/Presentation/ROB-Books/tmp/pdfs/volume-2-circuits-and-signals.log'
Latexmk: Examining '/Users/rob/dev/Presentation/ROB-Books/tmp/pdfs/volume-2-circuits-and-signals.fls'
Latexmk: Examining '/Users/rob/dev/Presentation/ROB-Books/tmp/pdfs/volume-2-circuits-and-signals.log'
Latexmk: Log file says output to '/Users/rob/dev/Presentation/ROB-Books/tmp/pdfs/volume-2-circuits-and-signals.xdv'
Latexmk: Using bibtex to make bibliography file(s).
Latexmk: applying rule 'xdvipdfmx'...
Rule 'xdvipdfmx':  Reasons for rerun
Category 'other':
  Rerun of 'xdvipdfmx' forced or previously required:
    Reason or flag: 'go_mode'

------------
Run number 1 of rule 'xdvipdfmx'
------------
------------
Running 'xdvipdfmx -E -o "/Users/rob/dev/Presentation/ROB-Books/tmp/pdfs/volume-2-circuits-and-signals.pdf"  "/Users/rob/dev/Presentation/ROB-Books/tmp/pdfs/volume-2-circuits-and-signals.xdv"'
------------
/Users/rob/dev/Presentation/ROB-Books/tmp/pdfs/volume-2-circuits-and-signals.xdv -> /Users/rob/dev/Presentation/ROB-Books/tmp/pdfs/volume-2-circuits-and-signals.pdf
[1][2][3][4][5][6][7
xdvipdfmx:warning: Object @page.1 already defined.
][8
xdvipdfmx:warning: Object @page.2 already defined.
][9
xdvipdfmx:warning: Object @page.3 already defined.
][10
xdvipdfmx:warning: Object @page.4 already defined.
][11
xdvipdfmx:warning: Object @page.5 already defined.
][12
xdvipdfmx:warning: Object @page.6 already defined.
][13][14][15][16][17][18][19][20][21][22][23][24][25][26][27][28][29][30][31][32][33]
27247257 bytes written
Latexmk: All targets (/Users/rob/dev/Presentation/ROB-Books/tmp/pdfs/volume-2-circuits-and-signals.xdv /Users/rob/dev/Presentation/ROB-Books/tmp/pdfs/volume-2-circuits-and-signals.pdf) are up-to-date

Rc files read:
  NONE
Latexmk: This is Latexmk, John Collins, 15 June 2025. Version 4.87.
Force everything to be remade.
Latexmk: applying rule 'xelatex'...
Rule 'xelatex':  Reasons for rerun
Category 'other':
  Rerun of 'xelatex' forced or previously required:
    Reason or flag: 'go_mode'

------------
Run number 1 of rule 'xelatex'
------------
------------
Running 'xelatex -no-pdf -interaction=nonstopmode -halt-on-error -file-line-error -recorder -output-directory="/Users/rob/dev/Presentation/ROB-Books/tmp/pdfs"  "volume-3-motion-workshop.tex"'
------------
This is XeTeX, Version 3.141592653-2.6-0.999998 (TeX Live 2026/Homebrew) (preloaded format=xelatex)
 restricted \write18 enabled.
entering extended mode
(./volume-3-motion-workshop.tex
LaTeX2e <2025-11-01>
L3 programming layer <2026-01-19>

(/opt/homebrew/Cellar/texlive/20260301/share/texmf-dist/tex/latex/base/book.cls
Document Class: book 2025/01/22 v1.4n Standard LaTeX document class

(/opt/homebrew/Cellar/texlive/20260301/share/texmf-dist/tex/latex/base/bk11.clo
)) (./robbook.sty
(/opt/homebrew/Cellar/texlive/20260301/share/texmf-dist/tex/latex/geometry/geom
etry.sty
(/opt/homebrew/Cellar/texlive/20260301/share/texmf-dist/tex/latex/graphics/keyv
al.sty)
(/opt/homebrew/Cellar/texlive/20260301/share/texmf-dist/tex/generic/iftex/ifvte
x.sty
(/opt/homebrew/Cellar/texlive/20260301/share/texmf-dist/tex/generic/iftex/iftex
.sty)))
(/opt/homebrew/Cellar/texlive/20260301/share/texmf-dist/tex/latex/fontspec/font
spec.sty
(/opt/homebrew/Cellar/texlive/20260301/share/texmf-dist/tex/latex/l3packages/xp
arse/xparse.sty
(/opt/homebrew/Cellar/texlive/20260301/share/texmf-dist/tex/latex/l3kernel/expl
3.sty
(/opt/homebrew/Cellar/texlive/20260301/share/texmf-dist/tex/latex/l3backend/l3b
ackend-xetex.def)))
(/opt/homebrew/Cellar/texlive/20260301/share/texmf-dist/tex/latex/fontspec/font
spec-xetex.sty
(/opt/homebrew/Cellar/texlive/20260301/share/texmf-dist/tex/latex/base/fontenc.
sty)
(/opt/homebrew/Cellar/texlive/20260301/share/texmf-dist/tex/latex/fontspec/font
spec.cfg)))
(/opt/homebrew/Cellar/texlive/20260301/share/texmf-dist/tex/latex/graphics/grap
hicx.sty
(/opt/homebrew/Cellar/texlive/20260301/share/texmf-dist/tex/latex/graphics/grap
hics.sty
(/opt/homebrew/Cellar/texlive/20260301/share/texmf-dist/tex/latex/graphics/trig
.sty)
(/opt/homebrew/Cellar/texlive/20260301/share/texmf-dist/tex/latex/graphics-cfg/
graphics.cfg)
(/opt/homebrew/Cellar/texlive/20260301/share/texmf-dist/tex/latex/graphics-def/
xetex.def)))
(/opt/homebrew/Cellar/texlive/20260301/share/texmf-dist/tex/latex/adjustbox/adj
ustbox.sty
(/opt/homebrew/Cellar/texlive/20260301/share/texmf-dist/tex/latex/xkeyval/xkeyv
al.sty
(/opt/homebrew/Cellar/texlive/20260301/share/texmf-dist/tex/generic/xkeyval/xke
yval.tex
(/opt/homebrew/Cellar/texlive/20260301/share/texmf-dist/tex/generic/xkeyval/xkv
utils.tex)))
(/opt/homebrew/Cellar/texlive/20260301/share/texmf-dist/tex/latex/adjustbox/adj
calc.sty)
(/opt/homebrew/Cellar/texlive/20260301/share/texmf-dist/tex/latex/adjustbox/tri
mclip.sty
(/opt/homebrew/Cellar/texlive/20260301/share/texmf-dist/tex/latex/collectbox/co
llectbox.sty)
(/opt/homebrew/Cellar/texlive/20260301/share/texmf-dist/tex/latex/adjustbox/tc-
xetex.def))
(/opt/homebrew/Cellar/texlive/20260301/share/texmf-dist/tex/latex/ifoddpage/ifo
ddpage.sty)
(/opt/homebrew/Cellar/texlive/20260301/share/texmf-dist/tex/latex/varwidth/varw
idth.sty)
==> First Aid for varwidth.sty applied!
)
(/opt/homebrew/Cellar/texlive/20260301/share/texmf-dist/tex/latex/pgf/frontendl
ayer/tikz.sty
(/opt/homebrew/Cellar/texlive/20260301/share/texmf-dist/tex/latex/pgf/basiclaye
r/pgf.sty
(/opt/homebrew/Cellar/texlive/20260301/share/texmf-dist/tex/latex/pgf/utilities
/pgfrcs.sty
(/opt/homebrew/Cellar/texlive/20260301/share/texmf-dist/tex/generic/pgf/utiliti
es/pgfutil-common.tex)
(/opt/homebrew/Cellar/texlive/20260301/share/texmf-dist/tex/generic/pgf/utiliti
es/pgfutil-latex.def)
(/opt/homebrew/Cellar/texlive/20260301/share/texmf-dist/tex/generic/pgf/utiliti
es/pgfrcs.code.tex
(/opt/homebrew/Cellar/texlive/20260301/share/texmf-dist/tex/generic/pgf/pgf.rev
ision.tex)))
(/opt/homebrew/Cellar/texlive/20260301/share/texmf-dist/tex/latex/pgf/basiclaye
r/pgfcore.sty
(/opt/homebrew/Cellar/texlive/20260301/share/texmf-dist/tex/latex/pgf/systemlay
er/pgfsys.sty
(/opt/homebrew/Cellar/texlive/20260301/share/texmf-dist/tex/generic/pgf/systeml
ayer/pgfsys.code.tex
(/opt/homebrew/Cellar/texlive/20260301/share/texmf-dist/tex/generic/pgf/utiliti
es/pgfkeys.code.tex
(/opt/homebrew/Cellar/texlive/20260301/share/texmf-dist/tex/generic/pgf/utiliti
es/pgfkeyslibraryfiltered.code.tex))
(/opt/homebrew/Cellar/texlive/20260301/share/texmf-dist/tex/generic/pgf/systeml
ayer/pgf.cfg)
(/opt/homebrew/Cellar/texlive/20260301/share/texmf-dist/tex/generic/pgf/systeml
ayer/pgfsys-xetex.def
(/opt/homebrew/Cellar/texlive/20260301/share/texmf-dist/tex/generic/pgf/systeml
ayer/pgfsys-dvipdfmx.def
(/opt/homebrew/Cellar/texlive/20260301/share/texmf-dist/tex/generic/pgf/systeml
ayer/pgfsys-common-pdf.def))))
(/opt/homebrew/Cellar/texlive/20260301/share/texmf-dist/tex/generic/pgf/systeml
ayer/pgfsyssoftpath.code.tex)
(/opt/homebrew/Cellar/texlive/20260301/share/texmf-dist/tex/generic/pgf/systeml
ayer/pgfsysprotocol.code.tex))
(/opt/homebrew/Cellar/texlive/20260301/share/texmf-dist/tex/latex/xcolor/xcolor
.sty
(/opt/homebrew/Cellar/texlive/20260301/share/texmf-dist/tex/latex/graphics-cfg/
color.cfg)
(/opt/homebrew/Cellar/texlive/20260301/share/texmf-dist/tex/latex/graphics/math
color.ltx))
(/opt/homebrew/Cellar/texlive/20260301/share/texmf-dist/tex/generic/pgf/basicla
yer/pgfcore.code.tex
(/opt/homebrew/Cellar/texlive/20260301/share/texmf-dist/tex/generic/pgf/math/pg
fmath.code.tex
(/opt/homebrew/Cellar/texlive/20260301/share/texmf-dist/tex/generic/pgf/math/pg
fmathutil.code.tex)
(/opt/homebrew/Cellar/texlive/20260301/share/texmf-dist/tex/generic/pgf/math/pg
fmathparser.code.tex)
(/opt/homebrew/Cellar/texlive/20260301/share/texmf-dist/tex/generic/pgf/math/pg
fmathfunctions.code.tex)
(/opt/homebrew/Cellar/texlive/20260301/share/texmf-dist/tex/generic/pgf/math/pg
fmathfunctions.basic.code.tex)
(/opt/homebrew/Cellar/texlive/20260301/share/texmf-dist/tex/generic/pgf/math/pg
fmathfunctions.trigonometric.code.tex)
(/opt/homebrew/Cellar/texlive/20260301/share/texmf-dist/tex/generic/pgf/math/pg
fmathfunctions.random.code.tex)
(/opt/homebrew/Cellar/texlive/20260301/share/texmf-dist/tex/generic/pgf/math/pg
fmathfunctions.comparison.code.tex)
(/opt/homebrew/Cellar/texlive/20260301/share/texmf-dist/tex/generic/pgf/math/pg
fmathfunctions.base.code.tex)
(/opt/homebrew/Cellar/texlive/20260301/share/texmf-dist/tex/generic/pgf/math/pg
fmathfunctions.round.code.tex)
(/opt/homebrew/Cellar/texlive/20260301/share/texmf-dist/tex/generic/pgf/math/pg
fmathfunctions.misc.code.tex)
(/opt/homebrew/Cellar/texlive/20260301/share/texmf-dist/tex/generic/pgf/math/pg
fmathfunctions.integerarithmetics.code.tex)
(/opt/homebrew/Cellar/texlive/20260301/share/texmf-dist/tex/generic/pgf/math/pg
fmathcalc.code.tex)
(/opt/homebrew/Cellar/texlive/20260301/share/texmf-dist/tex/generic/pgf/math/pg
fmathfloat.code.tex))
(/opt/homebrew/Cellar/texlive/20260301/share/texmf-dist/tex/generic/pgf/math/pg
fint.code.tex)
(/opt/homebrew/Cellar/texlive/20260301/share/texmf-dist/tex/generic/pgf/basicla
yer/pgfcorepoints.code.tex)
(/opt/homebrew/Cellar/texlive/20260301/share/texmf-dist/tex/generic/pgf/basicla
yer/pgfcorepathconstruct.code.tex)
(/opt/homebrew/Cellar/texlive/20260301/share/texmf-dist/tex/generic/pgf/basicla
yer/pgfcorepathusage.code.tex)
(/opt/homebrew/Cellar/texlive/20260301/share/texmf-dist/tex/generic/pgf/basicla
yer/pgfcorescopes.code.tex)
(/opt/homebrew/Cellar/texlive/20260301/share/texmf-dist/tex/generic/pgf/basicla
yer/pgfcoregraphicstate.code.tex)
(/opt/homebrew/Cellar/texlive/20260301/share/texmf-dist/tex/generic/pgf/basicla
yer/pgfcoretransformations.code.tex)
(/opt/homebrew/Cellar/texlive/20260301/share/texmf-dist/tex/generic/pgf/basicla
yer/pgfcorequick.code.tex)
(/opt/homebrew/Cellar/texlive/20260301/share/texmf-dist/tex/generic/pgf/basicla
yer/pgfcoreobjects.code.tex)
(/opt/homebrew/Cellar/texlive/20260301/share/texmf-dist/tex/generic/pgf/basicla
yer/pgfcorepathprocessing.code.tex)
(/opt/homebrew/Cellar/texlive/20260301/share/texmf-dist/tex/generic/pgf/basicla
yer/pgfcorearrows.code.tex)
(/opt/homebrew/Cellar/texlive/20260301/share/texmf-dist/tex/generic/pgf/basicla
yer/pgfcoreshade.code.tex)
(/opt/homebrew/Cellar/texlive/20260301/share/texmf-dist/tex/generic/pgf/basicla
yer/pgfcoreimage.code.tex)
(/opt/homebrew/Cellar/texlive/20260301/share/texmf-dist/tex/generic/pgf/basicla
yer/pgfcoreexternal.code.tex)
(/opt/homebrew/Cellar/texlive/20260301/share/texmf-dist/tex/generic/pgf/basicla
yer/pgfcorelayers.code.tex)
(/opt/homebrew/Cellar/texlive/20260301/share/texmf-dist/tex/generic/pgf/basicla
yer/pgfcoretransparency.code.tex)
(/opt/homebrew/Cellar/texlive/20260301/share/texmf-dist/tex/generic/pgf/basicla
yer/pgfcorepatterns.code.tex)
(/opt/homebrew/Cellar/texlive/20260301/share/texmf-dist/tex/generic/pgf/basicla
yer/pgfcorerdf.code.tex)))
(/opt/homebrew/Cellar/texlive/20260301/share/texmf-dist/tex/generic/pgf/modules
/pgfmoduleshapes.code.tex)
(/opt/homebrew/Cellar/texlive/20260301/share/texmf-dist/tex/generic/pgf/modules
/pgfmoduleplot.code.tex)
(/opt/homebrew/Cellar/texlive/20260301/share/texmf-dist/tex/latex/pgf/compatibi
lity/pgfcomp-version-0-65.sty)
(/opt/homebrew/Cellar/texlive/20260301/share/texmf-dist/tex/latex/pgf/compatibi
lity/pgfcomp-version-1-18.sty))
(/opt/homebrew/Cellar/texlive/20260301/share/texmf-dist/tex/latex/pgf/utilities
/pgffor.sty
(/opt/homebrew/Cellar/texlive/20260301/share/texmf-dist/tex/latex/pgf/utilities
/pgfkeys.sty
(/opt/homebrew/Cellar/texlive/20260301/share/texmf-dist/tex/generic/pgf/utiliti
es/pgfkeys.code.tex))
(/opt/homebrew/Cellar/texlive/20260301/share/texmf-dist/tex/latex/pgf/math/pgfm
ath.sty
(/opt/homebrew/Cellar/texlive/20260301/share/texmf-dist/tex/generic/pgf/math/pg
fmath.code.tex))
(/opt/homebrew/Cellar/texlive/20260301/share/texmf-dist/tex/generic/pgf/utiliti
es/pgffor.code.tex))
(/opt/homebrew/Cellar/texlive/20260301/share/texmf-dist/tex/generic/pgf/fronten
dlayer/tikz/tikz.code.tex
(/opt/homebrew/Cellar/texlive/20260301/share/texmf-dist/tex/generic/pgf/librari
es/pgflibraryplothandlers.code.tex)
(/opt/homebrew/Cellar/texlive/20260301/share/texmf-dist/tex/generic/pgf/modules
/pgfmodulematrix.code.tex)
(/opt/homebrew/Cellar/texlive/20260301/share/texmf-dist/tex/generic/pgf/fronten
dlayer/tikz/libraries/tikzlibrarytopaths.code.tex)))
(/opt/homebrew/Cellar/texlive/20260301/share/texmf-dist/tex/generic/pgf/fronten
dlayer/tikz/libraries/tikzlibrarypositioning.code.tex)
(/opt/homebrew/Cellar/texlive/20260301/share/texmf-dist/tex/generic/pgf/fronten
dlayer/tikz/libraries/tikzlibrarycalc.code.tex)
(/opt/homebrew/Cellar/texlive/20260301/share/texmf-dist/tex/latex/tcolorbox/tco
lorbox.sty
(/opt/homebrew/Cellar/texlive/20260301/share/texmf-dist/tex/latex/tools/verbati
m.sty)
(/opt/homebrew/Cellar/texlive/20260301/share/texmf-dist/tex/latex/environ/envir
on.sty
(/opt/homebrew/Cellar/texlive/20260301/share/texmf-dist/tex/latex/trimspaces/tr
imspaces.sty))
(/opt/homebrew/Cellar/texlive/20260301/share/texmf-dist/tex/latex/etoolbox/etoo
lbox.sty)
(/opt/homebrew/Cellar/texlive/20260301/share/texmf-dist/tex/latex/tcolorbox/tcb
raster.code.tex
Library (tcolorbox): 'tcbraster.code.tex' version '6.9.0'
)
(/opt/homebrew/Cellar/texlive/20260301/share/texmf-dist/tex/latex/tcolorbox/tcb
skins.code.tex
Library (tcolorbox): 'tcbskins.code.tex' version '6.9.0'

(/opt/homebrew/Cellar/texlive/20260301/share/texmf-dist/tex/latex/tikzfill/tikz
fill.image.sty
(/opt/homebrew/Cellar/texlive/20260301/share/texmf-dist/tex/latex/tikzfill/tikz
fill-common.sty)
(/opt/homebrew/Cellar/texlive/20260301/share/texmf-dist/tex/latex/tikzfill/tikz
libraryfill.image.code.tex))
(/opt/homebrew/Cellar/texlive/20260301/share/texmf-dist/tex/latex/tcolorbox/tcb
skinsjigsaw.code.tex
Library (tcolorbox): 'tcbskinsjigsaw.code.tex' version '6.9.0'
))
(/opt/homebrew/Cellar/texlive/20260301/share/texmf-dist/tex/latex/tcolorbox/tcb
breakable.code.tex
Library (tcolorbox): 'tcbbreakable.code.tex' version '6.9.0'

(/opt/homebrew/Cellar/texlive/20260301/share/texmf-dist/tex/latex/pdfcol/pdfcol
.sty
(/opt/homebrew/Cellar/texlive/20260301/share/texmf-dist/tex/generic/ltxcmds/ltx
cmds.sty)
(/opt/homebrew/Cellar/texlive/20260301/share/texmf-dist/tex/generic/infwarerr/i
nfwarerr.sty)))
(/opt/homebrew/Cellar/texlive/20260301/share/texmf-dist/tex/latex/tcolorbox/tcb
hooks.code.tex
Library (tcolorbox): 'tcbhooks.code.tex' version '6.9.0'
)
(/opt/homebrew/Cellar/texlive/20260301/share/texmf-dist/tex/latex/tcolorbox/tcb
theorems.code.tex
Library (tcolorbox): 'tcbtheorems.code.tex' version '6.9.0'

(/opt/homebrew/Cellar/texlive/20260301/share/texmf-dist/tex/latex/amsmath/amsma
th.sty
For additional information on amsmath, use the `?' option.

(/opt/homebrew/Cellar/texlive/20260301/share/texmf-dist/tex/latex/amsmath/amste
xt.sty
(/opt/homebrew/Cellar/texlive/20260301/share/texmf-dist/tex/latex/amsmath/amsge
n.sty))
(/opt/homebrew/Cellar/texlive/20260301/share/texmf-dist/tex/latex/amsmath/amsbs
y.sty)
(/opt/homebrew/Cellar/texlive/20260301/share/texmf-dist/tex/latex/amsmath/amsop
n.sty)))
(/opt/homebrew/Cellar/texlive/20260301/share/texmf-dist/tex/latex/tcolorbox/tcb
fitting.code.tex
Library (tcolorbox): 'tcbfitting.code.tex' version '6.9.0'
)
(/opt/homebrew/Cellar/texlive/20260301/share/texmf-dist/tex/latex/tcolorbox/tcb
listingsutf8.code.tex
Library (tcolorbox): 'tcblistingsutf8.code.tex' version '6.9.0'

(/opt/homebrew/Cellar/texlive/20260301/share/texmf-dist/tex/latex/tcolorbox/tcb
listings.code.tex
Library (tcolorbox): 'tcblistings.code.tex' version '6.9.0'

(/opt/homebrew/Cellar/texlive/20260301/share/texmf-dist/tex/latex/listings/list
ings.sty
(/opt/homebrew/Cellar/texlive/20260301/share/texmf-dist/tex/latex/listings/lstp
atch.sty)
(/opt/homebrew/Cellar/texlive/20260301/share/texmf-dist/tex/latex/listings/lstm
isc.sty)
(/opt/homebrew/Cellar/texlive/20260301/share/texmf-dist/tex/latex/listings/list
ings.cfg))
==> First Aid for listings.sty no longer applied!
    Expected:
        2024/09/23 1.10c (Carsten Heinz)
    but found:
        2025/11/14 1.11b (Carsten Heinz)
    so I'm assuming it got fixed.

(/opt/homebrew/Cellar/texlive/20260301/share/texmf-dist/tex/latex/tcolorbox/tcb
listingscore.code.tex
Library (tcolorbox): 'tcblistingscore.code.tex' version '6.9.0'

(/opt/homebrew/Cellar/texlive/20260301/share/texmf-dist/tex/latex/tcolorbox/tcb
processing.code.tex
Library (tcolorbox): 'tcbprocessing.code.tex' version '6.9.0'
))))
(/opt/homebrew/Cellar/texlive/20260301/share/texmf-dist/tex/latex/tcolorbox/tcb
external.code.tex
Library (tcolorbox): 'tcbexternal.code.tex' version '6.9.0'
)
(/opt/homebrew/Cellar/texlive/20260301/share/texmf-dist/tex/latex/tcolorbox/tcb
magazine.code.tex
Library (tcolorbox): 'tcbmagazine.code.tex' version '6.9.0'
)
(/opt/homebrew/Cellar/texlive/20260301/share/texmf-dist/tex/latex/tcolorbox/tcb
vignette.code.tex
Library (tcolorbox): 'tcbvignette.code.tex' version '6.9.0'

(/opt/homebrew/Cellar/texlive/20260301/share/texmf-dist/tex/generic/pgf/fronten
dlayer/tikz/libraries/tikzlibraryfadings.code.tex
(/opt/homebrew/Cellar/texlive/20260301/share/texmf-dist/tex/generic/pgf/librari
es/pgflibraryfadings.code.tex)))
(/opt/homebrew/Cellar/texlive/20260301/share/texmf-dist/tex/latex/tcolorbox/tcb
poster.code.tex
Library (tcolorbox): 'tcbposter.code.tex' version '6.9.0'
))
(/opt/homebrew/Cellar/texlive/20260301/share/texmf-dist/tex/latex/tools/tabular
x.sty
(/opt/homebrew/Cellar/texlive/20260301/share/texmf-dist/tex/latex/tools/array.s
ty))
(/opt/homebrew/Cellar/texlive/20260301/share/texmf-dist/tex/latex/booktabs/book
tabs.sty)
(/opt/homebrew/Cellar/texlive/20260301/share/texmf-dist/tex/latex/enumitem/enum
item.sty)
(/opt/homebrew/Cellar/texlive/20260301/share/texmf-dist/tex/latex/fancyhdr/fanc
yhdr.sty)
(/opt/homebrew/Cellar/texlive/20260301/share/texmf-dist/tex/latex/titlesec/titl
esec.sty)
(/opt/homebrew/Cellar/texlive/20260301/share/texmf-dist/tex/latex/hyperref/hype
rref.sty
(/opt/homebrew/Cellar/texlive/20260301/share/texmf-dist/tex/latex/kvsetkeys/kvs
etkeys.sty)
(/opt/homebrew/Cellar/texlive/20260301/share/texmf-dist/tex/generic/kvdefinekey
s/kvdefinekeys.sty)
(/opt/homebrew/Cellar/texlive/20260301/share/texmf-dist/tex/generic/pdfescape/p
dfescape.sty
(/opt/homebrew/Cellar/texlive/20260301/share/texmf-dist/tex/generic/pdftexcmds/
pdftexcmds.sty))
(/opt/homebrew/Cellar/texlive/20260301/share/texmf-dist/tex/latex/hycolor/hycol
or.sty)
(/opt/homebrew/Cellar/texlive/20260301/share/texmf-dist/tex/latex/hyperref/name
ref.sty
(/opt/homebrew/Cellar/texlive/20260301/share/texmf-dist/tex/latex/refcount/refc
ount.sty)
(/opt/homebrew/Cellar/texlive/20260301/share/texmf-dist/tex/generic/gettitlestr
ing/gettitlestring.sty
(/opt/homebrew/Cellar/texlive/20260301/share/texmf-dist/tex/latex/kvoptions/kvo
ptions.sty)))
(/opt/homebrew/Cellar/texlive/20260301/share/texmf-dist/tex/generic/stringenc/s
tringenc.sty)
(/opt/homebrew/Cellar/texlive/20260301/share/texmf-dist/tex/latex/hyperref/pd1e
nc.def)
(/opt/homebrew/Cellar/texlive/20260301/share/texmf-dist/tex/generic/intcalc/int
calc.sty)
(/opt/homebrew/Cellar/texlive/20260301/share/texmf-dist/tex/latex/hyperref/puen
c.def)
(/opt/homebrew/Cellar/texlive/20260301/share/texmf-dist/tex/latex/url/url.sty)
(/opt/homebrew/Cellar/texlive/20260301/share/texmf-dist/tex/generic/bitset/bits
et.sty
(/opt/homebrew/Cellar/texlive/20260301/share/texmf-dist/tex/generic/bigintcalc/
bigintcalc.sty)))
(/opt/homebrew/Cellar/texlive/20260301/share/texmf-dist/tex/latex/hyperref/hxet
ex.def
(/opt/homebrew/Cellar/texlive/20260301/share/texmf-dist/tex/latex/rerunfilechec
k/rerunfilecheck.sty
(/opt/homebrew/Cellar/texlive/20260301/share/texmf-dist/tex/generic/uniquecount
er/uniquecounter.sty)))
(/opt/homebrew/Cellar/texlive/20260301/share/texmf-dist/tex/latex/microtype/mic
rotype.sty
(/opt/homebrew/Cellar/texlive/20260301/share/texmf-dist/tex/latex/microtype/mic
rotype-xetex.def)
(/opt/homebrew/Cellar/texlive/20260301/share/texmf-dist/tex/latex/microtype/mic
rotype.cfg))
(/opt/homebrew/Cellar/texlive/20260301/share/texmf-dist/tex/latex/setspace/sets
pace.sty)
(/opt/homebrew/Cellar/texlive/20260301/share/texmf-dist/tex/latex/caption/capti
on.sty
(/opt/homebrew/Cellar/texlive/20260301/share/texmf-dist/tex/latex/caption/capti
on3.sty))
(/opt/homebrew/Cellar/texlive/20260301/share/texmf-dist/tex/latex/tools/multico
l.sty)
(/opt/homebrew/Cellar/texlive/20260301/share/texmf-dist/tex/latex/ragged2e/ragg
ed2e.sty)
(/opt/homebrew/Cellar/texlive/20260301/share/texmf-dist/tex/latex/base/ifthen.s
ty)
(/opt/homebrew/Cellar/texlive/20260301/share/texmf-dist/tex/latex/lastpage/last
page.sty
(/opt/homebrew/Cellar/texlive/20260301/share/texmf-dist/tex/latex/lastpage/last
page2e.sty
(/opt/homebrew/Cellar/texlive/20260301/share/texmf-dist/tex/latex/lastpage/last
pagemodern.sty) 
)))
(/Users/rob/dev/Presentation/ROB-Books/tmp/pdfs/volume-3-motion-workshop.aux)
*geometry* driver: auto-detecting
*geometry* detected driver: xetex
(/Users/rob/dev/Presentation/ROB-Books/tmp/pdfs/volume-3-motion-workshop.out)
(/Users/rob/dev/Presentation/ROB-Books/tmp/pdfs/volume-3-motion-workshop.out)

Package microtype Warning: Unable to apply patch `footnote' on input line 6.

[1] [2]
(/opt/homebrew/Cellar/texlive/20260301/share/texmf-dist/tex/latex/microtype/mt-
cmr.cfg) [3] [4]
(/Users/rob/dev/Presentation/ROB-Books/tmp/pdfs/volume-3-motion-workshop.toc)
[5] [6] [1]
Chapter 1.

Underfull \hbox (badness 10000) in paragraph at lines 45--45
[][]

Underfull \hbox (badness 3229) in paragraph at lines 45--45
[][] []\TU/AvenirNext(0)/m/it/8 A removed arm reveals
[2] [3] [4]
Chapter 2.
[5] [6] [7]
Chapter 3.

Underfull \hbox (badness 10000) in paragraph at lines 100--100
[][] []\TU/AvenirNext(0)/m/it/8 Intermeshing shoulder
[8] [9]
Underfull \hbox (badness 10000) in paragraph at lines 125--125
[][]
[10] [11]
Chapter 4.

Underfull \hbox (badness 10000) in paragraph at lines 138--138
[][]
[12] [13] [14]
Chapter 5.

Underfull \hbox (badness 1365) in paragraph at lines 162--163
\TU/AvenirNext(0)/m/n/10.95 The presentation describes inexpensive quarter-inch
 plywood scraps in early tread-layout models,

Underfull \hbox (badness 1478) in paragraph at lines 175--175
[]|\TU/AvenirNext(0)/m/n/10.95 High strength and wear resistance for

Underfull \hbox (badness 1661) in paragraph at lines 175--175
[]|\TU/AvenirNext(0)/m/n/10.95 Mass, rust protection, weldability, ma-

Underfull \hbox (badness 10000) in paragraph at lines 181--181
[][]

Underfull \hbox (badness 2503) in paragraph at lines 181--181
[]\TU/AvenirNext(0)/m/it/8 The drill operation shows work supported on a red fi
xture. A

Underfull \hbox (badness 10000) in paragraph at lines 181--181
[][]
[15] [16] [17]
Chapter 6.

Underfull \hbox (badness 10000) in paragraph at lines 213--213
[][]
[18] [19]
Underfull \hbox (badness 1442) in paragraph at lines 223--223
[]\TU/Futura(0)/b/n/29 Assembly order is part of the de- 
[20]
Chapter 7.

Underfull \hbox (badness 10000) in paragraph at lines 246--246
[][]
[21] [22] [23]
Chapter 8.

Underfull \hbox (badness 10000) in paragraph at lines 273--273
[]|\TU/AvenirNext(0)/m/n/10.95 Full drive hardware on rated stands,

Underfull \hbox (badness 1303) in paragraph at lines 273--273
[]|\TU/AvenirNext(0)/m/n/10.95 Tracking, stopping distance, thermal and
(./volume-3-deep-dive.tex [24] [25]
Chapter 9.
[26]
Chapter 10.

Underfull \hbox (badness 4242) in paragraph at lines 38--38
[]|\TU/AvenirNext(0)/m/n/10.95 deadlines or acceptance criteria are
) [27] [28] 
enddocument/afterlastpage (AED): lastpage setting LastPage.
(/Users/rob/dev/Presentation/ROB-Books/tmp/pdfs/volume-3-motion-workshop.aux) )
(see the transcript file for additional information)
Output written on /Users/rob/dev/Presentation/ROB-Books/tmp/pdfs/volume-3-motio
n-workshop.xdv (34 pages, 552368 bytes).
Transcript written on /Users/rob/dev/Presentation/ROB-Books/tmp/pdfs/volume-3-m
otion-workshop.log.
Latexmk: Getting log file '/Users/rob/dev/Presentation/ROB-Books/tmp/pdfs/volume-3-motion-workshop.log'
Latexmk: Examining '/Users/rob/dev/Presentation/ROB-Books/tmp/pdfs/volume-3-motion-workshop.fls'
Latexmk: Examining '/Users/rob/dev/Presentation/ROB-Books/tmp/pdfs/volume-3-motion-workshop.log'
Latexmk: Log file says output to '/Users/rob/dev/Presentation/ROB-Books/tmp/pdfs/volume-3-motion-workshop.xdv'
Latexmk: Using bibtex to make bibliography file(s).
Latexmk: applying rule 'xdvipdfmx'...
Rule 'xdvipdfmx':  Reasons for rerun
Category 'other':
  Rerun of 'xdvipdfmx' forced or previously required:
    Reason or flag: 'go_mode'

------------
Run number 1 of rule 'xdvipdfmx'
------------
------------
Running 'xdvipdfmx -E -o "/Users/rob/dev/Presentation/ROB-Books/tmp/pdfs/volume-3-motion-workshop.pdf"  "/Users/rob/dev/Presentation/ROB-Books/tmp/pdfs/volume-3-motion-workshop.xdv"'
------------
/Users/rob/dev/Presentation/ROB-Books/tmp/pdfs/volume-3-motion-workshop.xdv -> /Users/rob/dev/Presentation/ROB-Books/tmp/pdfs/volume-3-motion-workshop.pdf
[1][2][3][4][5][6][7
xdvipdfmx:warning: Object @page.1 already defined.
][8
xdvipdfmx:warning: Object @page.2 already defined.
][9
xdvipdfmx:warning: Object @page.3 already defined.
][10
xdvipdfmx:warning: Object @page.4 already defined.
][11
xdvipdfmx:warning: Object @page.5 already defined.
][12
xdvipdfmx:warning: Object @page.6 already defined.
][13][14][15][16][17][18][19][20][21][22][23][24][25][26][27][28][29][30][31][32][33][34]
48107520 bytes written
Latexmk: All targets (/Users/rob/dev/Presentation/ROB-Books/tmp/pdfs/volume-3-motion-workshop.xdv /Users/rob/dev/Presentation/ROB-Books/tmp/pdfs/volume-3-motion-workshop.pdf) are up-to-date

Rc files read:
  NONE
Latexmk: This is Latexmk, John Collins, 15 June 2025. Version 4.87.
Force everything to be remade.
Latexmk: applying rule 'xelatex'...
Rule 'xelatex':  Reasons for rerun
Category 'other':
  Rerun of 'xelatex' forced or previously required:
    Reason or flag: 'go_mode'

------------
Run number 1 of rule 'xelatex'
------------
------------
Running 'xelatex -no-pdf -interaction=nonstopmode -halt-on-error -file-line-error -recorder -output-directory="/Users/rob/dev/Presentation/ROB-Books/tmp/pdfs"  "volume-4-mission-control.tex"'
------------
This is XeTeX, Version 3.141592653-2.6-0.999998 (TeX Live 2026/Homebrew) (preloaded format=xelatex)
 restricted \write18 enabled.
entering extended mode
(./volume-4-mission-control.tex
LaTeX2e <2025-11-01>
L3 programming layer <2026-01-19>

(/opt/homebrew/Cellar/texlive/20260301/share/texmf-dist/tex/latex/base/book.cls
Document Class: book 2025/01/22 v1.4n Standard LaTeX document class

(/opt/homebrew/Cellar/texlive/20260301/share/texmf-dist/tex/latex/base/bk11.clo
)) (./robbook.sty
(/opt/homebrew/Cellar/texlive/20260301/share/texmf-dist/tex/latex/geometry/geom
etry.sty
(/opt/homebrew/Cellar/texlive/20260301/share/texmf-dist/tex/latex/graphics/keyv
al.sty)
(/opt/homebrew/Cellar/texlive/20260301/share/texmf-dist/tex/generic/iftex/ifvte
x.sty
(/opt/homebrew/Cellar/texlive/20260301/share/texmf-dist/tex/generic/iftex/iftex
.sty)))
(/opt/homebrew/Cellar/texlive/20260301/share/texmf-dist/tex/latex/fontspec/font
spec.sty
(/opt/homebrew/Cellar/texlive/20260301/share/texmf-dist/tex/latex/l3packages/xp
arse/xparse.sty
(/opt/homebrew/Cellar/texlive/20260301/share/texmf-dist/tex/latex/l3kernel/expl
3.sty
(/opt/homebrew/Cellar/texlive/20260301/share/texmf-dist/tex/latex/l3backend/l3b
ackend-xetex.def)))
(/opt/homebrew/Cellar/texlive/20260301/share/texmf-dist/tex/latex/fontspec/font
spec-xetex.sty
(/opt/homebrew/Cellar/texlive/20260301/share/texmf-dist/tex/latex/base/fontenc.
sty)
(/opt/homebrew/Cellar/texlive/20260301/share/texmf-dist/tex/latex/fontspec/font
spec.cfg)))
(/opt/homebrew/Cellar/texlive/20260301/share/texmf-dist/tex/latex/graphics/grap
hicx.sty
(/opt/homebrew/Cellar/texlive/20260301/share/texmf-dist/tex/latex/graphics/grap
hics.sty
(/opt/homebrew/Cellar/texlive/20260301/share/texmf-dist/tex/latex/graphics/trig
.sty)
(/opt/homebrew/Cellar/texlive/20260301/share/texmf-dist/tex/latex/graphics-cfg/
graphics.cfg)
(/opt/homebrew/Cellar/texlive/20260301/share/texmf-dist/tex/latex/graphics-def/
xetex.def)))
(/opt/homebrew/Cellar/texlive/20260301/share/texmf-dist/tex/latex/adjustbox/adj
ustbox.sty
(/opt/homebrew/Cellar/texlive/20260301/share/texmf-dist/tex/latex/xkeyval/xkeyv
al.sty
(/opt/homebrew/Cellar/texlive/20260301/share/texmf-dist/tex/generic/xkeyval/xke
yval.tex
(/opt/homebrew/Cellar/texlive/20260301/share/texmf-dist/tex/generic/xkeyval/xkv
utils.tex)))
(/opt/homebrew/Cellar/texlive/20260301/share/texmf-dist/tex/latex/adjustbox/adj
calc.sty)
(/opt/homebrew/Cellar/texlive/20260301/share/texmf-dist/tex/latex/adjustbox/tri
mclip.sty
(/opt/homebrew/Cellar/texlive/20260301/share/texmf-dist/tex/latex/collectbox/co
llectbox.sty)
(/opt/homebrew/Cellar/texlive/20260301/share/texmf-dist/tex/latex/adjustbox/tc-
xetex.def))
(/opt/homebrew/Cellar/texlive/20260301/share/texmf-dist/tex/latex/ifoddpage/ifo
ddpage.sty)
(/opt/homebrew/Cellar/texlive/20260301/share/texmf-dist/tex/latex/varwidth/varw
idth.sty)
==> First Aid for varwidth.sty applied!
)
(/opt/homebrew/Cellar/texlive/20260301/share/texmf-dist/tex/latex/pgf/frontendl
ayer/tikz.sty
(/opt/homebrew/Cellar/texlive/20260301/share/texmf-dist/tex/latex/pgf/basiclaye
r/pgf.sty
(/opt/homebrew/Cellar/texlive/20260301/share/texmf-dist/tex/latex/pgf/utilities
/pgfrcs.sty
(/opt/homebrew/Cellar/texlive/20260301/share/texmf-dist/tex/generic/pgf/utiliti
es/pgfutil-common.tex)
(/opt/homebrew/Cellar/texlive/20260301/share/texmf-dist/tex/generic/pgf/utiliti
es/pgfutil-latex.def)
(/opt/homebrew/Cellar/texlive/20260301/share/texmf-dist/tex/generic/pgf/utiliti
es/pgfrcs.code.tex
(/opt/homebrew/Cellar/texlive/20260301/share/texmf-dist/tex/generic/pgf/pgf.rev
ision.tex)))
(/opt/homebrew/Cellar/texlive/20260301/share/texmf-dist/tex/latex/pgf/basiclaye
r/pgfcore.sty
(/opt/homebrew/Cellar/texlive/20260301/share/texmf-dist/tex/latex/pgf/systemlay
er/pgfsys.sty
(/opt/homebrew/Cellar/texlive/20260301/share/texmf-dist/tex/generic/pgf/systeml
ayer/pgfsys.code.tex
(/opt/homebrew/Cellar/texlive/20260301/share/texmf-dist/tex/generic/pgf/utiliti
es/pgfkeys.code.tex
(/opt/homebrew/Cellar/texlive/20260301/share/texmf-dist/tex/generic/pgf/utiliti
es/pgfkeyslibraryfiltered.code.tex))
(/opt/homebrew/Cellar/texlive/20260301/share/texmf-dist/tex/generic/pgf/systeml
ayer/pgf.cfg)
(/opt/homebrew/Cellar/texlive/20260301/share/texmf-dist/tex/generic/pgf/systeml
ayer/pgfsys-xetex.def
(/opt/homebrew/Cellar/texlive/20260301/share/texmf-dist/tex/generic/pgf/systeml
ayer/pgfsys-dvipdfmx.def
(/opt/homebrew/Cellar/texlive/20260301/share/texmf-dist/tex/generic/pgf/systeml
ayer/pgfsys-common-pdf.def))))
(/opt/homebrew/Cellar/texlive/20260301/share/texmf-dist/tex/generic/pgf/systeml
ayer/pgfsyssoftpath.code.tex)
(/opt/homebrew/Cellar/texlive/20260301/share/texmf-dist/tex/generic/pgf/systeml
ayer/pgfsysprotocol.code.tex))
(/opt/homebrew/Cellar/texlive/20260301/share/texmf-dist/tex/latex/xcolor/xcolor
.sty
(/opt/homebrew/Cellar/texlive/20260301/share/texmf-dist/tex/latex/graphics-cfg/
color.cfg)
(/opt/homebrew/Cellar/texlive/20260301/share/texmf-dist/tex/latex/graphics/math
color.ltx))
(/opt/homebrew/Cellar/texlive/20260301/share/texmf-dist/tex/generic/pgf/basicla
yer/pgfcore.code.tex
(/opt/homebrew/Cellar/texlive/20260301/share/texmf-dist/tex/generic/pgf/math/pg
fmath.code.tex
(/opt/homebrew/Cellar/texlive/20260301/share/texmf-dist/tex/generic/pgf/math/pg
fmathutil.code.tex)
(/opt/homebrew/Cellar/texlive/20260301/share/texmf-dist/tex/generic/pgf/math/pg
fmathparser.code.tex)
(/opt/homebrew/Cellar/texlive/20260301/share/texmf-dist/tex/generic/pgf/math/pg
fmathfunctions.code.tex)
(/opt/homebrew/Cellar/texlive/20260301/share/texmf-dist/tex/generic/pgf/math/pg
fmathfunctions.basic.code.tex)
(/opt/homebrew/Cellar/texlive/20260301/share/texmf-dist/tex/generic/pgf/math/pg
fmathfunctions.trigonometric.code.tex)
(/opt/homebrew/Cellar/texlive/20260301/share/texmf-dist/tex/generic/pgf/math/pg
fmathfunctions.random.code.tex)
(/opt/homebrew/Cellar/texlive/20260301/share/texmf-dist/tex/generic/pgf/math/pg
fmathfunctions.comparison.code.tex)
(/opt/homebrew/Cellar/texlive/20260301/share/texmf-dist/tex/generic/pgf/math/pg
fmathfunctions.base.code.tex)
(/opt/homebrew/Cellar/texlive/20260301/share/texmf-dist/tex/generic/pgf/math/pg
fmathfunctions.round.code.tex)
(/opt/homebrew/Cellar/texlive/20260301/share/texmf-dist/tex/generic/pgf/math/pg
fmathfunctions.misc.code.tex)
(/opt/homebrew/Cellar/texlive/20260301/share/texmf-dist/tex/generic/pgf/math/pg
fmathfunctions.integerarithmetics.code.tex)
(/opt/homebrew/Cellar/texlive/20260301/share/texmf-dist/tex/generic/pgf/math/pg
fmathcalc.code.tex)
(/opt/homebrew/Cellar/texlive/20260301/share/texmf-dist/tex/generic/pgf/math/pg
fmathfloat.code.tex))
(/opt/homebrew/Cellar/texlive/20260301/share/texmf-dist/tex/generic/pgf/math/pg
fint.code.tex)
(/opt/homebrew/Cellar/texlive/20260301/share/texmf-dist/tex/generic/pgf/basicla
yer/pgfcorepoints.code.tex)
(/opt/homebrew/Cellar/texlive/20260301/share/texmf-dist/tex/generic/pgf/basicla
yer/pgfcorepathconstruct.code.tex)
(/opt/homebrew/Cellar/texlive/20260301/share/texmf-dist/tex/generic/pgf/basicla
yer/pgfcorepathusage.code.tex)
(/opt/homebrew/Cellar/texlive/20260301/share/texmf-dist/tex/generic/pgf/basicla
yer/pgfcorescopes.code.tex)
(/opt/homebrew/Cellar/texlive/20260301/share/texmf-dist/tex/generic/pgf/basicla
yer/pgfcoregraphicstate.code.tex)
(/opt/homebrew/Cellar/texlive/20260301/share/texmf-dist/tex/generic/pgf/basicla
yer/pgfcoretransformations.code.tex)
(/opt/homebrew/Cellar/texlive/20260301/share/texmf-dist/tex/generic/pgf/basicla
yer/pgfcorequick.code.tex)
(/opt/homebrew/Cellar/texlive/20260301/share/texmf-dist/tex/generic/pgf/basicla
yer/pgfcoreobjects.code.tex)
(/opt/homebrew/Cellar/texlive/20260301/share/texmf-dist/tex/generic/pgf/basicla
yer/pgfcorepathprocessing.code.tex)
(/opt/homebrew/Cellar/texlive/20260301/share/texmf-dist/tex/generic/pgf/basicla
yer/pgfcorearrows.code.tex)
(/opt/homebrew/Cellar/texlive/20260301/share/texmf-dist/tex/generic/pgf/basicla
yer/pgfcoreshade.code.tex)
(/opt/homebrew/Cellar/texlive/20260301/share/texmf-dist/tex/generic/pgf/basicla
yer/pgfcoreimage.code.tex)
(/opt/homebrew/Cellar/texlive/20260301/share/texmf-dist/tex/generic/pgf/basicla
yer/pgfcoreexternal.code.tex)
(/opt/homebrew/Cellar/texlive/20260301/share/texmf-dist/tex/generic/pgf/basicla
yer/pgfcorelayers.code.tex)
(/opt/homebrew/Cellar/texlive/20260301/share/texmf-dist/tex/generic/pgf/basicla
yer/pgfcoretransparency.code.tex)
(/opt/homebrew/Cellar/texlive/20260301/share/texmf-dist/tex/generic/pgf/basicla
yer/pgfcorepatterns.code.tex)
(/opt/homebrew/Cellar/texlive/20260301/share/texmf-dist/tex/generic/pgf/basicla
yer/pgfcorerdf.code.tex)))
(/opt/homebrew/Cellar/texlive/20260301/share/texmf-dist/tex/generic/pgf/modules
/pgfmoduleshapes.code.tex)
(/opt/homebrew/Cellar/texlive/20260301/share/texmf-dist/tex/generic/pgf/modules
/pgfmoduleplot.code.tex)
(/opt/homebrew/Cellar/texlive/20260301/share/texmf-dist/tex/latex/pgf/compatibi
lity/pgfcomp-version-0-65.sty)
(/opt/homebrew/Cellar/texlive/20260301/share/texmf-dist/tex/latex/pgf/compatibi
lity/pgfcomp-version-1-18.sty))
(/opt/homebrew/Cellar/texlive/20260301/share/texmf-dist/tex/latex/pgf/utilities
/pgffor.sty
(/opt/homebrew/Cellar/texlive/20260301/share/texmf-dist/tex/latex/pgf/utilities
/pgfkeys.sty
(/opt/homebrew/Cellar/texlive/20260301/share/texmf-dist/tex/generic/pgf/utiliti
es/pgfkeys.code.tex))
(/opt/homebrew/Cellar/texlive/20260301/share/texmf-dist/tex/latex/pgf/math/pgfm
ath.sty
(/opt/homebrew/Cellar/texlive/20260301/share/texmf-dist/tex/generic/pgf/math/pg
fmath.code.tex))
(/opt/homebrew/Cellar/texlive/20260301/share/texmf-dist/tex/generic/pgf/utiliti
es/pgffor.code.tex))
(/opt/homebrew/Cellar/texlive/20260301/share/texmf-dist/tex/generic/pgf/fronten
dlayer/tikz/tikz.code.tex
(/opt/homebrew/Cellar/texlive/20260301/share/texmf-dist/tex/generic/pgf/librari
es/pgflibraryplothandlers.code.tex)
(/opt/homebrew/Cellar/texlive/20260301/share/texmf-dist/tex/generic/pgf/modules
/pgfmodulematrix.code.tex)
(/opt/homebrew/Cellar/texlive/20260301/share/texmf-dist/tex/generic/pgf/fronten
dlayer/tikz/libraries/tikzlibrarytopaths.code.tex)))
(/opt/homebrew/Cellar/texlive/20260301/share/texmf-dist/tex/generic/pgf/fronten
dlayer/tikz/libraries/tikzlibrarypositioning.code.tex)
(/opt/homebrew/Cellar/texlive/20260301/share/texmf-dist/tex/generic/pgf/fronten
dlayer/tikz/libraries/tikzlibrarycalc.code.tex)
(/opt/homebrew/Cellar/texlive/20260301/share/texmf-dist/tex/latex/tcolorbox/tco
lorbox.sty
(/opt/homebrew/Cellar/texlive/20260301/share/texmf-dist/tex/latex/tools/verbati
m.sty)
(/opt/homebrew/Cellar/texlive/20260301/share/texmf-dist/tex/latex/environ/envir
on.sty
(/opt/homebrew/Cellar/texlive/20260301/share/texmf-dist/tex/latex/trimspaces/tr
imspaces.sty))
(/opt/homebrew/Cellar/texlive/20260301/share/texmf-dist/tex/latex/etoolbox/etoo
lbox.sty)
(/opt/homebrew/Cellar/texlive/20260301/share/texmf-dist/tex/latex/tcolorbox/tcb
raster.code.tex
Library (tcolorbox): 'tcbraster.code.tex' version '6.9.0'
)
(/opt/homebrew/Cellar/texlive/20260301/share/texmf-dist/tex/latex/tcolorbox/tcb
skins.code.tex
Library (tcolorbox): 'tcbskins.code.tex' version '6.9.0'

(/opt/homebrew/Cellar/texlive/20260301/share/texmf-dist/tex/latex/tikzfill/tikz
fill.image.sty
(/opt/homebrew/Cellar/texlive/20260301/share/texmf-dist/tex/latex/tikzfill/tikz
fill-common.sty)
(/opt/homebrew/Cellar/texlive/20260301/share/texmf-dist/tex/latex/tikzfill/tikz
libraryfill.image.code.tex))
(/opt/homebrew/Cellar/texlive/20260301/share/texmf-dist/tex/latex/tcolorbox/tcb
skinsjigsaw.code.tex
Library (tcolorbox): 'tcbskinsjigsaw.code.tex' version '6.9.0'
))
(/opt/homebrew/Cellar/texlive/20260301/share/texmf-dist/tex/latex/tcolorbox/tcb
breakable.code.tex
Library (tcolorbox): 'tcbbreakable.code.tex' version '6.9.0'

(/opt/homebrew/Cellar/texlive/20260301/share/texmf-dist/tex/latex/pdfcol/pdfcol
.sty
(/opt/homebrew/Cellar/texlive/20260301/share/texmf-dist/tex/generic/ltxcmds/ltx
cmds.sty)
(/opt/homebrew/Cellar/texlive/20260301/share/texmf-dist/tex/generic/infwarerr/i
nfwarerr.sty)))
(/opt/homebrew/Cellar/texlive/20260301/share/texmf-dist/tex/latex/tcolorbox/tcb
hooks.code.tex
Library (tcolorbox): 'tcbhooks.code.tex' version '6.9.0'
)
(/opt/homebrew/Cellar/texlive/20260301/share/texmf-dist/tex/latex/tcolorbox/tcb
theorems.code.tex
Library (tcolorbox): 'tcbtheorems.code.tex' version '6.9.0'

(/opt/homebrew/Cellar/texlive/20260301/share/texmf-dist/tex/latex/amsmath/amsma
th.sty
For additional information on amsmath, use the `?' option.

(/opt/homebrew/Cellar/texlive/20260301/share/texmf-dist/tex/latex/amsmath/amste
xt.sty
(/opt/homebrew/Cellar/texlive/20260301/share/texmf-dist/tex/latex/amsmath/amsge
n.sty))
(/opt/homebrew/Cellar/texlive/20260301/share/texmf-dist/tex/latex/amsmath/amsbs
y.sty)
(/opt/homebrew/Cellar/texlive/20260301/share/texmf-dist/tex/latex/amsmath/amsop
n.sty)))
(/opt/homebrew/Cellar/texlive/20260301/share/texmf-dist/tex/latex/tcolorbox/tcb
fitting.code.tex
Library (tcolorbox): 'tcbfitting.code.tex' version '6.9.0'
)
(/opt/homebrew/Cellar/texlive/20260301/share/texmf-dist/tex/latex/tcolorbox/tcb
listingsutf8.code.tex
Library (tcolorbox): 'tcblistingsutf8.code.tex' version '6.9.0'

(/opt/homebrew/Cellar/texlive/20260301/share/texmf-dist/tex/latex/tcolorbox/tcb
listings.code.tex
Library (tcolorbox): 'tcblistings.code.tex' version '6.9.0'

(/opt/homebrew/Cellar/texlive/20260301/share/texmf-dist/tex/latex/listings/list
ings.sty
(/opt/homebrew/Cellar/texlive/20260301/share/texmf-dist/tex/latex/listings/lstp
atch.sty)
(/opt/homebrew/Cellar/texlive/20260301/share/texmf-dist/tex/latex/listings/lstm
isc.sty)
(/opt/homebrew/Cellar/texlive/20260301/share/texmf-dist/tex/latex/listings/list
ings.cfg))
==> First Aid for listings.sty no longer applied!
    Expected:
        2024/09/23 1.10c (Carsten Heinz)
    but found:
        2025/11/14 1.11b (Carsten Heinz)
    so I'm assuming it got fixed.

(/opt/homebrew/Cellar/texlive/20260301/share/texmf-dist/tex/latex/tcolorbox/tcb
listingscore.code.tex
Library (tcolorbox): 'tcblistingscore.code.tex' version '6.9.0'

(/opt/homebrew/Cellar/texlive/20260301/share/texmf-dist/tex/latex/tcolorbox/tcb
processing.code.tex
Library (tcolorbox): 'tcbprocessing.code.tex' version '6.9.0'
))))
(/opt/homebrew/Cellar/texlive/20260301/share/texmf-dist/tex/latex/tcolorbox/tcb
external.code.tex
Library (tcolorbox): 'tcbexternal.code.tex' version '6.9.0'
)
(/opt/homebrew/Cellar/texlive/20260301/share/texmf-dist/tex/latex/tcolorbox/tcb
magazine.code.tex
Library (tcolorbox): 'tcbmagazine.code.tex' version '6.9.0'
)
(/opt/homebrew/Cellar/texlive/20260301/share/texmf-dist/tex/latex/tcolorbox/tcb
vignette.code.tex
Library (tcolorbox): 'tcbvignette.code.tex' version '6.9.0'

(/opt/homebrew/Cellar/texlive/20260301/share/texmf-dist/tex/generic/pgf/fronten
dlayer/tikz/libraries/tikzlibraryfadings.code.tex
(/opt/homebrew/Cellar/texlive/20260301/share/texmf-dist/tex/generic/pgf/librari
es/pgflibraryfadings.code.tex)))
(/opt/homebrew/Cellar/texlive/20260301/share/texmf-dist/tex/latex/tcolorbox/tcb
poster.code.tex
Library (tcolorbox): 'tcbposter.code.tex' version '6.9.0'
))
(/opt/homebrew/Cellar/texlive/20260301/share/texmf-dist/tex/latex/tools/tabular
x.sty
(/opt/homebrew/Cellar/texlive/20260301/share/texmf-dist/tex/latex/tools/array.s
ty))
(/opt/homebrew/Cellar/texlive/20260301/share/texmf-dist/tex/latex/booktabs/book
tabs.sty)
(/opt/homebrew/Cellar/texlive/20260301/share/texmf-dist/tex/latex/enumitem/enum
item.sty)
(/opt/homebrew/Cellar/texlive/20260301/share/texmf-dist/tex/latex/fancyhdr/fanc
yhdr.sty)
(/opt/homebrew/Cellar/texlive/20260301/share/texmf-dist/tex/latex/titlesec/titl
esec.sty)
(/opt/homebrew/Cellar/texlive/20260301/share/texmf-dist/tex/latex/hyperref/hype
rref.sty
(/opt/homebrew/Cellar/texlive/20260301/share/texmf-dist/tex/latex/kvsetkeys/kvs
etkeys.sty)
(/opt/homebrew/Cellar/texlive/20260301/share/texmf-dist/tex/generic/kvdefinekey
s/kvdefinekeys.sty)
(/opt/homebrew/Cellar/texlive/20260301/share/texmf-dist/tex/generic/pdfescape/p
dfescape.sty
(/opt/homebrew/Cellar/texlive/20260301/share/texmf-dist/tex/generic/pdftexcmds/
pdftexcmds.sty))
(/opt/homebrew/Cellar/texlive/20260301/share/texmf-dist/tex/latex/hycolor/hycol
or.sty)
(/opt/homebrew/Cellar/texlive/20260301/share/texmf-dist/tex/latex/hyperref/name
ref.sty
(/opt/homebrew/Cellar/texlive/20260301/share/texmf-dist/tex/latex/refcount/refc
ount.sty)
(/opt/homebrew/Cellar/texlive/20260301/share/texmf-dist/tex/generic/gettitlestr
ing/gettitlestring.sty
(/opt/homebrew/Cellar/texlive/20260301/share/texmf-dist/tex/latex/kvoptions/kvo
ptions.sty)))
(/opt/homebrew/Cellar/texlive/20260301/share/texmf-dist/tex/generic/stringenc/s
tringenc.sty)
(/opt/homebrew/Cellar/texlive/20260301/share/texmf-dist/tex/latex/hyperref/pd1e
nc.def)
(/opt/homebrew/Cellar/texlive/20260301/share/texmf-dist/tex/generic/intcalc/int
calc.sty)
(/opt/homebrew/Cellar/texlive/20260301/share/texmf-dist/tex/latex/hyperref/puen
c.def)
(/opt/homebrew/Cellar/texlive/20260301/share/texmf-dist/tex/latex/url/url.sty)
(/opt/homebrew/Cellar/texlive/20260301/share/texmf-dist/tex/generic/bitset/bits
et.sty
(/opt/homebrew/Cellar/texlive/20260301/share/texmf-dist/tex/generic/bigintcalc/
bigintcalc.sty)))
(/opt/homebrew/Cellar/texlive/20260301/share/texmf-dist/tex/latex/hyperref/hxet
ex.def
(/opt/homebrew/Cellar/texlive/20260301/share/texmf-dist/tex/latex/rerunfilechec
k/rerunfilecheck.sty
(/opt/homebrew/Cellar/texlive/20260301/share/texmf-dist/tex/generic/uniquecount
er/uniquecounter.sty)))
(/opt/homebrew/Cellar/texlive/20260301/share/texmf-dist/tex/latex/microtype/mic
rotype.sty
(/opt/homebrew/Cellar/texlive/20260301/share/texmf-dist/tex/latex/microtype/mic
rotype-xetex.def)
(/opt/homebrew/Cellar/texlive/20260301/share/texmf-dist/tex/latex/microtype/mic
rotype.cfg))
(/opt/homebrew/Cellar/texlive/20260301/share/texmf-dist/tex/latex/setspace/sets
pace.sty)
(/opt/homebrew/Cellar/texlive/20260301/share/texmf-dist/tex/latex/caption/capti
on.sty
(/opt/homebrew/Cellar/texlive/20260301/share/texmf-dist/tex/latex/caption/capti
on3.sty))
(/opt/homebrew/Cellar/texlive/20260301/share/texmf-dist/tex/latex/tools/multico
l.sty)
(/opt/homebrew/Cellar/texlive/20260301/share/texmf-dist/tex/latex/ragged2e/ragg
ed2e.sty)
(/opt/homebrew/Cellar/texlive/20260301/share/texmf-dist/tex/latex/base/ifthen.s
ty)
(/opt/homebrew/Cellar/texlive/20260301/share/texmf-dist/tex/latex/lastpage/last
page.sty
(/opt/homebrew/Cellar/texlive/20260301/share/texmf-dist/tex/latex/lastpage/last
page2e.sty
(/opt/homebrew/Cellar/texlive/20260301/share/texmf-dist/tex/latex/lastpage/last
pagemodern.sty) 
)))
(/Users/rob/dev/Presentation/ROB-Books/tmp/pdfs/volume-4-mission-control.aux)
*geometry* driver: auto-detecting
*geometry* detected driver: xetex
(/Users/rob/dev/Presentation/ROB-Books/tmp/pdfs/volume-4-mission-control.out)
(/Users/rob/dev/Presentation/ROB-Books/tmp/pdfs/volume-4-mission-control.out)

Package microtype Warning: Unable to apply patch `footnote' on input line 6.

[1] [2]
(/opt/homebrew/Cellar/texlive/20260301/share/texmf-dist/tex/latex/microtype/mt-
cmr.cfg) [3] [4]
(/Users/rob/dev/Presentation/ROB-Books/tmp/pdfs/volume-4-mission-control.toc)
[5] [6] [1]
Chapter 1.
[2] [3] [4]
Chapter 2.

Underfull \hbox (badness 10000) in paragraph at lines 76--76
[][]

Underfull \hbox (badness 10000) in paragraph at lines 76--76
[][]
[5]
(/opt/homebrew/Cellar/texlive/20260301/share/texmf-dist/tex/latex/listings/lstl
ang1.sty) [6] [7]
Chapter 3.

Underfull \hbox (badness 10000) in paragraph at lines 128--128
[]|\TU/AvenirNext(0)/m/n/10.95 SwiftUI control experience, simulator,
[8] [9] [10]
Chapter 4.

Underfull \hbox (badness 10000) in paragraph at lines 160--160
[]\TU/AvenirNext(0)/b/n/10.95 Why it is here: \TU/AvenirNext(0)/m/n/10.95 This 
client-side wire-contract implementation is the file being ana-

Underfull \hbox (badness 5147) in paragraph at lines 160--160
\TU/AvenirNext(0)/m/n/10.95 lyzed for identity, framing, authentication, sequen
cing, and freshness. Compare it with
[11] [12] [13]
Chapter 5.
[14] [15]
Chapter 6.

Underfull \hbox (badness 1917) in paragraph at lines 222--222
[][] []\TU/AvenirNext(0)/m/it/8 An OAK-D stereo depth

Underfull \hbox (badness 10000) in paragraph at lines 222--222
[][]
[16] [17] [18]
Chapter 7.

Underfull \hbox (badness 10000) in paragraph at lines 278--278
[]|\TU/AvenirNext(0)/m/n/10.95 CURRENT STA-

Underfull \hbox (badness 2229) in paragraph at lines 278--278
[]|\TU/AvenirNext(0)/m/n/10.95 Preempts local coordinators, sends one neutral/b
raked
[19] [20] [21]
Chapter 8.

Underfull \hbox (badness 10000) in paragraph at lines 325--325
[]|\TU/AvenirNextCondensed(0)/b/n/10.95 Controller snapshots

Underfull \hbox (badness 10000) in paragraph at lines 325--325
[]|\TU/AvenirNextCondensed(0)/b/n/10.95 Malformed ROBCon-

Underfull \hbox (badness 10000) in paragraph at lines 327--327
[][]

Underfull \hbox (badness 10000) in paragraph at lines 327--327
[][]
[22] (./volume-4-deep-dive.tex [23] [24]
Chapter 9.
[25]
Chapter 10.
) [26]
Underfull \hbox (badness 6047) in paragraph at lines 347--347
[][]\TU/AvenirNextCondensed(0)/b/n/10.95 PROCESS[] \TU/AvenirNext(0)/m/n/10.95 
A running program with its own re-
[27] 
enddocument/afterlastpage (AED): lastpage setting LastPage.
(/Users/rob/dev/Presentation/ROB-Books/tmp/pdfs/volume-4-mission-control.aux) )
(see the transcript file for additional information)
Output written on /Users/rob/dev/Presentation/ROB-Books/tmp/pdfs/volume-4-missi
on-control.xdv (33 pages, 629120 bytes).
Transcript written on /Users/rob/dev/Presentation/ROB-Books/tmp/pdfs/volume-4-m
ission-control.log.
Latexmk: Getting log file '/Users/rob/dev/Presentation/ROB-Books/tmp/pdfs/volume-4-mission-control.log'
Latexmk: Examining '/Users/rob/dev/Presentation/ROB-Books/tmp/pdfs/volume-4-mission-control.fls'
Latexmk: Examining '/Users/rob/dev/Presentation/ROB-Books/tmp/pdfs/volume-4-mission-control.log'
Latexmk: Log file says output to '/Users/rob/dev/Presentation/ROB-Books/tmp/pdfs/volume-4-mission-control.xdv'
Latexmk: Using bibtex to make bibliography file(s).
Latexmk: applying rule 'xdvipdfmx'...
Rule 'xdvipdfmx':  Reasons for rerun
Category 'other':
  Rerun of 'xdvipdfmx' forced or previously required:
    Reason or flag: 'go_mode'

------------
Run number 1 of rule 'xdvipdfmx'
------------
------------
Running 'xdvipdfmx -E -o "/Users/rob/dev/Presentation/ROB-Books/tmp/pdfs/volume-4-mission-control.pdf"  "/Users/rob/dev/Presentation/ROB-Books/tmp/pdfs/volume-4-mission-control.xdv"'
------------
/Users/rob/dev/Presentation/ROB-Books/tmp/pdfs/volume-4-mission-control.xdv -> /Users/rob/dev/Presentation/ROB-Books/tmp/pdfs/volume-4-mission-control.pdf
[1][2][3][4][5][6][7
xdvipdfmx:warning: Object @page.1 already defined.
][8
xdvipdfmx:warning: Object @page.2 already defined.
][9
xdvipdfmx:warning: Object @page.3 already defined.
][10
xdvipdfmx:warning: Object @page.4 already defined.
][11
xdvipdfmx:warning: Object @page.5 already defined.
][12
xdvipdfmx:warning: Object @page.6 already defined.
][13][14][15][16][17][18][19][20][21][22][23][24][25][26][27][28][29][30][31][32][33]
14820290 bytes written
Latexmk: All targets (/Users/rob/dev/Presentation/ROB-Books/tmp/pdfs/volume-4-mission-control.xdv /Users/rob/dev/Presentation/ROB-Books/tmp/pdfs/volume-4-mission-control.pdf) are up-to-date

Rc files read:
  NONE
Latexmk: This is Latexmk, John Collins, 15 June 2025. Version 4.87.
Force everything to be remade.
Latexmk: applying rule 'xelatex'...
Rule 'xelatex':  Reasons for rerun
Category 'other':
  Rerun of 'xelatex' forced or previously required:
    Reason or flag: 'go_mode'

------------
Run number 1 of rule 'xelatex'
------------
------------
Running 'xelatex -no-pdf -interaction=nonstopmode -halt-on-error -file-line-error -shell-escape -recorder -output-directory="/Users/rob/dev/Presentation/ROB-Books/tmp/pdfs"  "volume-5-ai-robotics-with-codex.tex"'
------------
This is XeTeX, Version 3.141592653-2.6-0.999998 (TeX Live 2026/Homebrew) (preloaded format=xelatex)
 \write18 enabled.
entering extended mode
(./volume-5-ai-robotics-with-codex.tex
LaTeX2e <2025-11-01>
L3 programming layer <2026-01-19>

(/opt/homebrew/Cellar/texlive/20260301/share/texmf-dist/tex/latex/base/book.cls
Document Class: book 2025/01/22 v1.4n Standard LaTeX document class

(/opt/homebrew/Cellar/texlive/20260301/share/texmf-dist/tex/latex/base/bk11.clo
)) (./robbook.sty
(/opt/homebrew/Cellar/texlive/20260301/share/texmf-dist/tex/latex/geometry/geom
etry.sty
(/opt/homebrew/Cellar/texlive/20260301/share/texmf-dist/tex/latex/graphics/keyv
al.sty)
(/opt/homebrew/Cellar/texlive/20260301/share/texmf-dist/tex/generic/iftex/ifvte
x.sty
(/opt/homebrew/Cellar/texlive/20260301/share/texmf-dist/tex/generic/iftex/iftex
.sty)))
(/opt/homebrew/Cellar/texlive/20260301/share/texmf-dist/tex/latex/fontspec/font
spec.sty
(/opt/homebrew/Cellar/texlive/20260301/share/texmf-dist/tex/latex/l3packages/xp
arse/xparse.sty
(/opt/homebrew/Cellar/texlive/20260301/share/texmf-dist/tex/latex/l3kernel/expl
3.sty
(/opt/homebrew/Cellar/texlive/20260301/share/texmf-dist/tex/latex/l3backend/l3b
ackend-xetex.def)))
(/opt/homebrew/Cellar/texlive/20260301/share/texmf-dist/tex/latex/fontspec/font
spec-xetex.sty
(/opt/homebrew/Cellar/texlive/20260301/share/texmf-dist/tex/latex/base/fontenc.
sty)
(/opt/homebrew/Cellar/texlive/20260301/share/texmf-dist/tex/latex/fontspec/font
spec.cfg)))
(/opt/homebrew/Cellar/texlive/20260301/share/texmf-dist/tex/latex/graphics/grap
hicx.sty
(/opt/homebrew/Cellar/texlive/20260301/share/texmf-dist/tex/latex/graphics/grap
hics.sty
(/opt/homebrew/Cellar/texlive/20260301/share/texmf-dist/tex/latex/graphics/trig
.sty)
(/opt/homebrew/Cellar/texlive/20260301/share/texmf-dist/tex/latex/graphics-cfg/
graphics.cfg)
(/opt/homebrew/Cellar/texlive/20260301/share/texmf-dist/tex/latex/graphics-def/
xetex.def)))
(/opt/homebrew/Cellar/texlive/20260301/share/texmf-dist/tex/latex/adjustbox/adj
ustbox.sty
(/opt/homebrew/Cellar/texlive/20260301/share/texmf-dist/tex/latex/xkeyval/xkeyv
al.sty
(/opt/homebrew/Cellar/texlive/20260301/share/texmf-dist/tex/generic/xkeyval/xke
yval.tex
(/opt/homebrew/Cellar/texlive/20260301/share/texmf-dist/tex/generic/xkeyval/xkv
utils.tex)))
(/opt/homebrew/Cellar/texlive/20260301/share/texmf-dist/tex/latex/adjustbox/adj
calc.sty)
(/opt/homebrew/Cellar/texlive/20260301/share/texmf-dist/tex/latex/adjustbox/tri
mclip.sty
(/opt/homebrew/Cellar/texlive/20260301/share/texmf-dist/tex/latex/collectbox/co
llectbox.sty)
(/opt/homebrew/Cellar/texlive/20260301/share/texmf-dist/tex/latex/adjustbox/tc-
xetex.def))
(/opt/homebrew/Cellar/texlive/20260301/share/texmf-dist/tex/latex/ifoddpage/ifo
ddpage.sty)
(/opt/homebrew/Cellar/texlive/20260301/share/texmf-dist/tex/latex/varwidth/varw
idth.sty)
==> First Aid for varwidth.sty applied!
)
(/opt/homebrew/Cellar/texlive/20260301/share/texmf-dist/tex/latex/pgf/frontendl
ayer/tikz.sty
(/opt/homebrew/Cellar/texlive/20260301/share/texmf-dist/tex/latex/pgf/basiclaye
r/pgf.sty
(/opt/homebrew/Cellar/texlive/20260301/share/texmf-dist/tex/latex/pgf/utilities
/pgfrcs.sty
(/opt/homebrew/Cellar/texlive/20260301/share/texmf-dist/tex/generic/pgf/utiliti
es/pgfutil-common.tex)
(/opt/homebrew/Cellar/texlive/20260301/share/texmf-dist/tex/generic/pgf/utiliti
es/pgfutil-latex.def)
(/opt/homebrew/Cellar/texlive/20260301/share/texmf-dist/tex/generic/pgf/utiliti
es/pgfrcs.code.tex
(/opt/homebrew/Cellar/texlive/20260301/share/texmf-dist/tex/generic/pgf/pgf.rev
ision.tex)))
(/opt/homebrew/Cellar/texlive/20260301/share/texmf-dist/tex/latex/pgf/basiclaye
r/pgfcore.sty
(/opt/homebrew/Cellar/texlive/20260301/share/texmf-dist/tex/latex/pgf/systemlay
er/pgfsys.sty
(/opt/homebrew/Cellar/texlive/20260301/share/texmf-dist/tex/generic/pgf/systeml
ayer/pgfsys.code.tex
(/opt/homebrew/Cellar/texlive/20260301/share/texmf-dist/tex/generic/pgf/utiliti
es/pgfkeys.code.tex
(/opt/homebrew/Cellar/texlive/20260301/share/texmf-dist/tex/generic/pgf/utiliti
es/pgfkeyslibraryfiltered.code.tex))
(/opt/homebrew/Cellar/texlive/20260301/share/texmf-dist/tex/generic/pgf/systeml
ayer/pgf.cfg)
(/opt/homebrew/Cellar/texlive/20260301/share/texmf-dist/tex/generic/pgf/systeml
ayer/pgfsys-xetex.def
(/opt/homebrew/Cellar/texlive/20260301/share/texmf-dist/tex/generic/pgf/systeml
ayer/pgfsys-dvipdfmx.def
(/opt/homebrew/Cellar/texlive/20260301/share/texmf-dist/tex/generic/pgf/systeml
ayer/pgfsys-common-pdf.def))))
(/opt/homebrew/Cellar/texlive/20260301/share/texmf-dist/tex/generic/pgf/systeml
ayer/pgfsyssoftpath.code.tex)
(/opt/homebrew/Cellar/texlive/20260301/share/texmf-dist/tex/generic/pgf/systeml
ayer/pgfsysprotocol.code.tex))
(/opt/homebrew/Cellar/texlive/20260301/share/texmf-dist/tex/latex/xcolor/xcolor
.sty
(/opt/homebrew/Cellar/texlive/20260301/share/texmf-dist/tex/latex/graphics-cfg/
color.cfg)
(/opt/homebrew/Cellar/texlive/20260301/share/texmf-dist/tex/latex/graphics/math
color.ltx))
(/opt/homebrew/Cellar/texlive/20260301/share/texmf-dist/tex/generic/pgf/basicla
yer/pgfcore.code.tex
(/opt/homebrew/Cellar/texlive/20260301/share/texmf-dist/tex/generic/pgf/math/pg
fmath.code.tex
(/opt/homebrew/Cellar/texlive/20260301/share/texmf-dist/tex/generic/pgf/math/pg
fmathutil.code.tex)
(/opt/homebrew/Cellar/texlive/20260301/share/texmf-dist/tex/generic/pgf/math/pg
fmathparser.code.tex)
(/opt/homebrew/Cellar/texlive/20260301/share/texmf-dist/tex/generic/pgf/math/pg
fmathfunctions.code.tex)
(/opt/homebrew/Cellar/texlive/20260301/share/texmf-dist/tex/generic/pgf/math/pg
fmathfunctions.basic.code.tex)
(/opt/homebrew/Cellar/texlive/20260301/share/texmf-dist/tex/generic/pgf/math/pg
fmathfunctions.trigonometric.code.tex)
(/opt/homebrew/Cellar/texlive/20260301/share/texmf-dist/tex/generic/pgf/math/pg
fmathfunctions.random.code.tex)
(/opt/homebrew/Cellar/texlive/20260301/share/texmf-dist/tex/generic/pgf/math/pg
fmathfunctions.comparison.code.tex)
(/opt/homebrew/Cellar/texlive/20260301/share/texmf-dist/tex/generic/pgf/math/pg
fmathfunctions.base.code.tex)
(/opt/homebrew/Cellar/texlive/20260301/share/texmf-dist/tex/generic/pgf/math/pg
fmathfunctions.round.code.tex)
(/opt/homebrew/Cellar/texlive/20260301/share/texmf-dist/tex/generic/pgf/math/pg
fmathfunctions.misc.code.tex)
(/opt/homebrew/Cellar/texlive/20260301/share/texmf-dist/tex/generic/pgf/math/pg
fmathfunctions.integerarithmetics.code.tex)
(/opt/homebrew/Cellar/texlive/20260301/share/texmf-dist/tex/generic/pgf/math/pg
fmathcalc.code.tex)
(/opt/homebrew/Cellar/texlive/20260301/share/texmf-dist/tex/generic/pgf/math/pg
fmathfloat.code.tex))
(/opt/homebrew/Cellar/texlive/20260301/share/texmf-dist/tex/generic/pgf/math/pg
fint.code.tex)
(/opt/homebrew/Cellar/texlive/20260301/share/texmf-dist/tex/generic/pgf/basicla
yer/pgfcorepoints.code.tex)
(/opt/homebrew/Cellar/texlive/20260301/share/texmf-dist/tex/generic/pgf/basicla
yer/pgfcorepathconstruct.code.tex)
(/opt/homebrew/Cellar/texlive/20260301/share/texmf-dist/tex/generic/pgf/basicla
yer/pgfcorepathusage.code.tex)
(/opt/homebrew/Cellar/texlive/20260301/share/texmf-dist/tex/generic/pgf/basicla
yer/pgfcorescopes.code.tex)
(/opt/homebrew/Cellar/texlive/20260301/share/texmf-dist/tex/generic/pgf/basicla
yer/pgfcoregraphicstate.code.tex)
(/opt/homebrew/Cellar/texlive/20260301/share/texmf-dist/tex/generic/pgf/basicla
yer/pgfcoretransformations.code.tex)
(/opt/homebrew/Cellar/texlive/20260301/share/texmf-dist/tex/generic/pgf/basicla
yer/pgfcorequick.code.tex)
(/opt/homebrew/Cellar/texlive/20260301/share/texmf-dist/tex/generic/pgf/basicla
yer/pgfcoreobjects.code.tex)
(/opt/homebrew/Cellar/texlive/20260301/share/texmf-dist/tex/generic/pgf/basicla
yer/pgfcorepathprocessing.code.tex)
(/opt/homebrew/Cellar/texlive/20260301/share/texmf-dist/tex/generic/pgf/basicla
yer/pgfcorearrows.code.tex)
(/opt/homebrew/Cellar/texlive/20260301/share/texmf-dist/tex/generic/pgf/basicla
yer/pgfcoreshade.code.tex)
(/opt/homebrew/Cellar/texlive/20260301/share/texmf-dist/tex/generic/pgf/basicla
yer/pgfcoreimage.code.tex)
(/opt/homebrew/Cellar/texlive/20260301/share/texmf-dist/tex/generic/pgf/basicla
yer/pgfcoreexternal.code.tex)
(/opt/homebrew/Cellar/texlive/20260301/share/texmf-dist/tex/generic/pgf/basicla
yer/pgfcorelayers.code.tex)
(/opt/homebrew/Cellar/texlive/20260301/share/texmf-dist/tex/generic/pgf/basicla
yer/pgfcoretransparency.code.tex)
(/opt/homebrew/Cellar/texlive/20260301/share/texmf-dist/tex/generic/pgf/basicla
yer/pgfcorepatterns.code.tex)
(/opt/homebrew/Cellar/texlive/20260301/share/texmf-dist/tex/generic/pgf/basicla
yer/pgfcorerdf.code.tex)))
(/opt/homebrew/Cellar/texlive/20260301/share/texmf-dist/tex/generic/pgf/modules
/pgfmoduleshapes.code.tex)
(/opt/homebrew/Cellar/texlive/20260301/share/texmf-dist/tex/generic/pgf/modules
/pgfmoduleplot.code.tex)
(/opt/homebrew/Cellar/texlive/20260301/share/texmf-dist/tex/latex/pgf/compatibi
lity/pgfcomp-version-0-65.sty)
(/opt/homebrew/Cellar/texlive/20260301/share/texmf-dist/tex/latex/pgf/compatibi
lity/pgfcomp-version-1-18.sty))
(/opt/homebrew/Cellar/texlive/20260301/share/texmf-dist/tex/latex/pgf/utilities
/pgffor.sty
(/opt/homebrew/Cellar/texlive/20260301/share/texmf-dist/tex/latex/pgf/utilities
/pgfkeys.sty
(/opt/homebrew/Cellar/texlive/20260301/share/texmf-dist/tex/generic/pgf/utiliti
es/pgfkeys.code.tex))
(/opt/homebrew/Cellar/texlive/20260301/share/texmf-dist/tex/latex/pgf/math/pgfm
ath.sty
(/opt/homebrew/Cellar/texlive/20260301/share/texmf-dist/tex/generic/pgf/math/pg
fmath.code.tex))
(/opt/homebrew/Cellar/texlive/20260301/share/texmf-dist/tex/generic/pgf/utiliti
es/pgffor.code.tex))
(/opt/homebrew/Cellar/texlive/20260301/share/texmf-dist/tex/generic/pgf/fronten
dlayer/tikz/tikz.code.tex
(/opt/homebrew/Cellar/texlive/20260301/share/texmf-dist/tex/generic/pgf/librari
es/pgflibraryplothandlers.code.tex)
(/opt/homebrew/Cellar/texlive/20260301/share/texmf-dist/tex/generic/pgf/modules
/pgfmodulematrix.code.tex)
(/opt/homebrew/Cellar/texlive/20260301/share/texmf-dist/tex/generic/pgf/fronten
dlayer/tikz/libraries/tikzlibrarytopaths.code.tex)))
(/opt/homebrew/Cellar/texlive/20260301/share/texmf-dist/tex/generic/pgf/fronten
dlayer/tikz/libraries/tikzlibrarypositioning.code.tex)
(/opt/homebrew/Cellar/texlive/20260301/share/texmf-dist/tex/generic/pgf/fronten
dlayer/tikz/libraries/tikzlibrarycalc.code.tex)
(/opt/homebrew/Cellar/texlive/20260301/share/texmf-dist/tex/latex/tcolorbox/tco
lorbox.sty
(/opt/homebrew/Cellar/texlive/20260301/share/texmf-dist/tex/latex/tools/verbati
m.sty)
(/opt/homebrew/Cellar/texlive/20260301/share/texmf-dist/tex/latex/environ/envir
on.sty
(/opt/homebrew/Cellar/texlive/20260301/share/texmf-dist/tex/latex/trimspaces/tr
imspaces.sty))
(/opt/homebrew/Cellar/texlive/20260301/share/texmf-dist/tex/latex/etoolbox/etoo
lbox.sty)
(/opt/homebrew/Cellar/texlive/20260301/share/texmf-dist/tex/latex/tcolorbox/tcb
raster.code.tex
Library (tcolorbox): 'tcbraster.code.tex' version '6.9.0'
)
(/opt/homebrew/Cellar/texlive/20260301/share/texmf-dist/tex/latex/tcolorbox/tcb
skins.code.tex
Library (tcolorbox): 'tcbskins.code.tex' version '6.9.0'

(/opt/homebrew/Cellar/texlive/20260301/share/texmf-dist/tex/latex/tikzfill/tikz
fill.image.sty
(/opt/homebrew/Cellar/texlive/20260301/share/texmf-dist/tex/latex/tikzfill/tikz
fill-common.sty)
(/opt/homebrew/Cellar/texlive/20260301/share/texmf-dist/tex/latex/tikzfill/tikz
libraryfill.image.code.tex))
(/opt/homebrew/Cellar/texlive/20260301/share/texmf-dist/tex/latex/tcolorbox/tcb
skinsjigsaw.code.tex
Library (tcolorbox): 'tcbskinsjigsaw.code.tex' version '6.9.0'
))
(/opt/homebrew/Cellar/texlive/20260301/share/texmf-dist/tex/latex/tcolorbox/tcb
breakable.code.tex
Library (tcolorbox): 'tcbbreakable.code.tex' version '6.9.0'

(/opt/homebrew/Cellar/texlive/20260301/share/texmf-dist/tex/latex/pdfcol/pdfcol
.sty
(/opt/homebrew/Cellar/texlive/20260301/share/texmf-dist/tex/generic/ltxcmds/ltx
cmds.sty)
(/opt/homebrew/Cellar/texlive/20260301/share/texmf-dist/tex/generic/infwarerr/i
nfwarerr.sty)))
(/opt/homebrew/Cellar/texlive/20260301/share/texmf-dist/tex/latex/tcolorbox/tcb
hooks.code.tex
Library (tcolorbox): 'tcbhooks.code.tex' version '6.9.0'
)
(/opt/homebrew/Cellar/texlive/20260301/share/texmf-dist/tex/latex/tcolorbox/tcb
theorems.code.tex
Library (tcolorbox): 'tcbtheorems.code.tex' version '6.9.0'

(/opt/homebrew/Cellar/texlive/20260301/share/texmf-dist/tex/latex/amsmath/amsma
th.sty
For additional information on amsmath, use the `?' option.

(/opt/homebrew/Cellar/texlive/20260301/share/texmf-dist/tex/latex/amsmath/amste
xt.sty
(/opt/homebrew/Cellar/texlive/20260301/share/texmf-dist/tex/latex/amsmath/amsge
n.sty))
(/opt/homebrew/Cellar/texlive/20260301/share/texmf-dist/tex/latex/amsmath/amsbs
y.sty)
(/opt/homebrew/Cellar/texlive/20260301/share/texmf-dist/tex/latex/amsmath/amsop
n.sty)))
(/opt/homebrew/Cellar/texlive/20260301/share/texmf-dist/tex/latex/tcolorbox/tcb
fitting.code.tex
Library (tcolorbox): 'tcbfitting.code.tex' version '6.9.0'
)
(/opt/homebrew/Cellar/texlive/20260301/share/texmf-dist/tex/latex/tcolorbox/tcb
listingsutf8.code.tex
Library (tcolorbox): 'tcblistingsutf8.code.tex' version '6.9.0'

(/opt/homebrew/Cellar/texlive/20260301/share/texmf-dist/tex/latex/tcolorbox/tcb
listings.code.tex
Library (tcolorbox): 'tcblistings.code.tex' version '6.9.0'

(/opt/homebrew/Cellar/texlive/20260301/share/texmf-dist/tex/latex/listings/list
ings.sty
(/opt/homebrew/Cellar/texlive/20260301/share/texmf-dist/tex/latex/listings/lstp
atch.sty)
(/opt/homebrew/Cellar/texlive/20260301/share/texmf-dist/tex/latex/listings/lstm
isc.sty)
(/opt/homebrew/Cellar/texlive/20260301/share/texmf-dist/tex/latex/listings/list
ings.cfg))
==> First Aid for listings.sty no longer applied!
    Expected:
        2024/09/23 1.10c (Carsten Heinz)
    but found:
        2025/11/14 1.11b (Carsten Heinz)
    so I'm assuming it got fixed.

(/opt/homebrew/Cellar/texlive/20260301/share/texmf-dist/tex/latex/tcolorbox/tcb
listingscore.code.tex
Library (tcolorbox): 'tcblistingscore.code.tex' version '6.9.0'

(/opt/homebrew/Cellar/texlive/20260301/share/texmf-dist/tex/latex/tcolorbox/tcb
processing.code.tex
Library (tcolorbox): 'tcbprocessing.code.tex' version '6.9.0'
))))
(/opt/homebrew/Cellar/texlive/20260301/share/texmf-dist/tex/latex/tcolorbox/tcb
external.code.tex
Library (tcolorbox): 'tcbexternal.code.tex' version '6.9.0'
)
(/opt/homebrew/Cellar/texlive/20260301/share/texmf-dist/tex/latex/tcolorbox/tcb
magazine.code.tex
Library (tcolorbox): 'tcbmagazine.code.tex' version '6.9.0'
)
(/opt/homebrew/Cellar/texlive/20260301/share/texmf-dist/tex/latex/tcolorbox/tcb
vignette.code.tex
Library (tcolorbox): 'tcbvignette.code.tex' version '6.9.0'

(/opt/homebrew/Cellar/texlive/20260301/share/texmf-dist/tex/generic/pgf/fronten
dlayer/tikz/libraries/tikzlibraryfadings.code.tex
(/opt/homebrew/Cellar/texlive/20260301/share/texmf-dist/tex/generic/pgf/librari
es/pgflibraryfadings.code.tex)))
(/opt/homebrew/Cellar/texlive/20260301/share/texmf-dist/tex/latex/tcolorbox/tcb
poster.code.tex
Library (tcolorbox): 'tcbposter.code.tex' version '6.9.0'
))
(/opt/homebrew/Cellar/texlive/20260301/share/texmf-dist/tex/latex/tools/tabular
x.sty
(/opt/homebrew/Cellar/texlive/20260301/share/texmf-dist/tex/latex/tools/array.s
ty))
(/opt/homebrew/Cellar/texlive/20260301/share/texmf-dist/tex/latex/booktabs/book
tabs.sty)
(/opt/homebrew/Cellar/texlive/20260301/share/texmf-dist/tex/latex/enumitem/enum
item.sty)
(/opt/homebrew/Cellar/texlive/20260301/share/texmf-dist/tex/latex/fancyhdr/fanc
yhdr.sty)
(/opt/homebrew/Cellar/texlive/20260301/share/texmf-dist/tex/latex/titlesec/titl
esec.sty)
(/opt/homebrew/Cellar/texlive/20260301/share/texmf-dist/tex/latex/hyperref/hype
rref.sty
(/opt/homebrew/Cellar/texlive/20260301/share/texmf-dist/tex/latex/kvsetkeys/kvs
etkeys.sty)
(/opt/homebrew/Cellar/texlive/20260301/share/texmf-dist/tex/generic/kvdefinekey
s/kvdefinekeys.sty)
(/opt/homebrew/Cellar/texlive/20260301/share/texmf-dist/tex/generic/pdfescape/p
dfescape.sty
(/opt/homebrew/Cellar/texlive/20260301/share/texmf-dist/tex/generic/pdftexcmds/
pdftexcmds.sty))
(/opt/homebrew/Cellar/texlive/20260301/share/texmf-dist/tex/latex/hycolor/hycol
or.sty)
(/opt/homebrew/Cellar/texlive/20260301/share/texmf-dist/tex/latex/hyperref/name
ref.sty
(/opt/homebrew/Cellar/texlive/20260301/share/texmf-dist/tex/latex/refcount/refc
ount.sty)
(/opt/homebrew/Cellar/texlive/20260301/share/texmf-dist/tex/generic/gettitlestr
ing/gettitlestring.sty
(/opt/homebrew/Cellar/texlive/20260301/share/texmf-dist/tex/latex/kvoptions/kvo
ptions.sty)))
(/opt/homebrew/Cellar/texlive/20260301/share/texmf-dist/tex/generic/stringenc/s
tringenc.sty)
(/opt/homebrew/Cellar/texlive/20260301/share/texmf-dist/tex/latex/hyperref/pd1e
nc.def)
(/opt/homebrew/Cellar/texlive/20260301/share/texmf-dist/tex/generic/intcalc/int
calc.sty)
(/opt/homebrew/Cellar/texlive/20260301/share/texmf-dist/tex/latex/hyperref/puen
c.def)
(/opt/homebrew/Cellar/texlive/20260301/share/texmf-dist/tex/latex/url/url.sty)
(/opt/homebrew/Cellar/texlive/20260301/share/texmf-dist/tex/generic/bitset/bits
et.sty
(/opt/homebrew/Cellar/texlive/20260301/share/texmf-dist/tex/generic/bigintcalc/
bigintcalc.sty)))
(/opt/homebrew/Cellar/texlive/20260301/share/texmf-dist/tex/latex/hyperref/hxet
ex.def
(/opt/homebrew/Cellar/texlive/20260301/share/texmf-dist/tex/latex/rerunfilechec
k/rerunfilecheck.sty
(/opt/homebrew/Cellar/texlive/20260301/share/texmf-dist/tex/generic/uniquecount
er/uniquecounter.sty)))
(/opt/homebrew/Cellar/texlive/20260301/share/texmf-dist/tex/latex/microtype/mic
rotype.sty
(/opt/homebrew/Cellar/texlive/20260301/share/texmf-dist/tex/latex/microtype/mic
rotype-xetex.def)
(/opt/homebrew/Cellar/texlive/20260301/share/texmf-dist/tex/latex/microtype/mic
rotype.cfg))
(/opt/homebrew/Cellar/texlive/20260301/share/texmf-dist/tex/latex/setspace/sets
pace.sty)
(/opt/homebrew/Cellar/texlive/20260301/share/texmf-dist/tex/latex/caption/capti
on.sty
(/opt/homebrew/Cellar/texlive/20260301/share/texmf-dist/tex/latex/caption/capti
on3.sty))
(/opt/homebrew/Cellar/texlive/20260301/share/texmf-dist/tex/latex/tools/multico
l.sty)
(/opt/homebrew/Cellar/texlive/20260301/share/texmf-dist/tex/latex/ragged2e/ragg
ed2e.sty)
(/opt/homebrew/Cellar/texlive/20260301/share/texmf-dist/tex/latex/base/ifthen.s
ty)
(/opt/homebrew/Cellar/texlive/20260301/share/texmf-dist/tex/latex/lastpage/last
page.sty
(/opt/homebrew/Cellar/texlive/20260301/share/texmf-dist/tex/latex/lastpage/last
page2e.sty
(/opt/homebrew/Cellar/texlive/20260301/share/texmf-dist/tex/latex/lastpage/last
pagemodern.sty) 
)))
(/opt/homebrew/Cellar/texlive/20260301/share/texmf-dist/tex/latex/markdown/mark
down.sty
(/opt/homebrew/Cellar/texlive/20260301/share/texmf-dist/tex/generic/markdown/ma
rkdown.tex
(/opt/homebrew/Cellar/texlive/20260301/share/texmf-dist/tex/generic/lt3luabridg
e/lt3luabridge.tex))
(|TEXMF_OUTPUT_DIRECTORY=${TEXMF_OUTPUT_DIRECTORY:-.}
texlua $TEXMF_OUTPUT_DIRECTORY/volume-5-ai-robotics-with-codex.luabridge.lua))
(/opt/homebrew/Cellar/texlive/20260301/share/texmf-dist/tex/latex/markdown/mark
downthemewitiko_markdown_defaults.sty
(/opt/homebrew/Cellar/texlive/20260301/share/texmf-dist/tex/generic/markdown/ma
rkdownthemewitiko_markdown_defaults.tex)
(/opt/homebrew/Cellar/texlive/20260301/share/texmf-dist/tex/latex/amsfonts/amss
ymb.sty
(/opt/homebrew/Cellar/texlive/20260301/share/texmf-dist/tex/latex/amsfonts/amsf
onts.sty))
(/opt/homebrew/Cellar/texlive/20260301/share/texmf-dist/tex/latex/csvsimple/csv
simple.sty)
(/opt/homebrew/Cellar/texlive/20260301/share/texmf-dist/tex/latex/csvsimple/csv
simple-legacy.sty
(/opt/homebrew/Cellar/texlive/20260301/share/texmf-dist/tex/latex/tools/shelles
c.sty))
(/opt/homebrew/Cellar/texlive/20260301/share/texmf-dist/tex/latex/fancyvrb/fanc
yvrb.sty)
(/opt/homebrew/Cellar/texlive/20260301/share/texmf-dist/tex/generic/soul/soul.s
ty
(/opt/homebrew/Cellar/texlive/20260301/share/texmf-dist/tex/generic/soul/soul-o
ri.sty)
(/opt/homebrew/Cellar/texlive/20260301/share/texmf-dist/tex/generic/etexcmds/et
excmds.sty)))
(/Users/rob/dev/Presentation/ROB-Books/tmp/pdfs/volume-5-ai-robotics-with-codex
.aux)
*geometry* driver: auto-detecting
*geometry* detected driver: xetex

(/Users/rob/dev/Presentation/ROB-Books/tmp/pdfs/volume-5-ai-robotics-with-codex
.out)
(/Users/rob/dev/Presentation/ROB-Books/tmp/pdfs/volume-5-ai-robotics-with-codex
.out)

Package microtype Warning: Unable to apply patch `footnote' on input line 30.

[1] [2] [3]
(/Users/rob/dev/Presentation/ROB-Books/tmp/pdfs/volume-5-ai-robotics-with-codex
.toc
(/opt/homebrew/Cellar/texlive/20260301/share/texmf-dist/tex/latex/amsfonts/umsa
.fd)
(/opt/homebrew/Cellar/texlive/20260301/share/texmf-dist/tex/latex/microtype/mt-
msa.cfg)
(/opt/homebrew/Cellar/texlive/20260301/share/texmf-dist/tex/latex/amsfonts/umsb
.fd)
(/opt/homebrew/Cellar/texlive/20260301/share/texmf-dist/tex/latex/microtype/mt-
msb.cfg)
(/opt/homebrew/Cellar/texlive/20260301/share/texmf-dist/tex/latex/microtype/mt-
cmr.cfg) [4] [5] [6]) [7] [8]
(|texlua /Users/rob/dev/Presentation/ROB-Books/tmp/pdfs/volume-5-ai-robotics-wi
th-codex.luabridge.lua)
(/Users/rob/dev/Presentation/ROB-Books/tmp/pdfs/_markdown_volume-5-ai-robotics-
with-codex/38baf9158d91d22fc0b7f6936bf5cce6.md.tex
Chapter 1.
[1]
(/Users/rob/dev/Presentation/ROB-Books/tmp/pdfs/_markdown_volume-5-ai-robotics-
with-codex/9b1b0c8be9856fc9d5bb1df5e95db737.verbatim)
(/Users/rob/dev/Presentation/ROB-Books/tmp/pdfs/_markdown_volume-5-ai-robotics-
with-codex/a5d0a1954ecb9d79b987eff4cfcb16fa.verbatim) [2]
(/Users/rob/dev/Presentation/ROB-Books/tmp/pdfs/_markdown_volume-5-ai-robotics-
with-codex/e7fe232962210ca71aaed5f69d043e59.verbatim) [3]
(/Users/rob/dev/Presentation/ROB-Books/tmp/pdfs/_markdown_volume-5-ai-robotics-
with-codex/42a2a132cf6418a4e7bb84f37f1ea31d.verbatim) [4]
(/Users/rob/dev/Presentation/ROB-Books/tmp/pdfs/_markdown_volume-5-ai-robotics-
with-codex/71b6b7fb4eb612591270eab27165ee63.verbatim)
(/Users/rob/dev/Presentation/ROB-Books/tmp/pdfs/_markdown_volume-5-ai-robotics-
with-codex/b341702cab0dd8b01bd0831034672cb0.verbatim)
(/Users/rob/dev/Presentation/ROB-Books/tmp/pdfs/_markdown_volume-5-ai-robotics-
with-codex/1bc57dc08495a260464e1107fe71f2ef.verbatim) [5]
(/Users/rob/dev/Presentation/ROB-Books/tmp/pdfs/_markdown_volume-5-ai-robotics-
with-codex/f5fc205995a3df5526dea0104870f6ae.verbatim)
(/Users/rob/dev/Presentation/ROB-Books/tmp/pdfs/_markdown_volume-5-ai-robotics-
with-codex/1d261981f5c1c1516a0afc993d216b08.verbatim) [6]
(/Users/rob/dev/Presentation/ROB-Books/tmp/pdfs/_markdown_volume-5-ai-robotics-
with-codex/b9443bf954d716505c6ade97b3d643b8.verbatim)
(/Users/rob/dev/Presentation/ROB-Books/tmp/pdfs/_markdown_volume-5-ai-robotics-
with-codex/5d06a65321a82a24a3c526eb6f4efe61.verbatim) [7]
(/Users/rob/dev/Presentation/ROB-Books/tmp/pdfs/_markdown_volume-5-ai-robotics-
with-codex/be72149530d4e0ed010eebca8eb35a2b.verbatim)
(/Users/rob/dev/Presentation/ROB-Books/tmp/pdfs/_markdown_volume-5-ai-robotics-
with-codex/ec817424852c9db7be104cf4c25dedb8.verbatim)
(/Users/rob/dev/Presentation/ROB-Books/tmp/pdfs/_markdown_volume-5-ai-robotics-
with-codex/ca46e1dc9d5664b42718819cc94cfc9c.verbatim) [8]
(/Users/rob/dev/Presentation/ROB-Books/tmp/pdfs/_markdown_volume-5-ai-robotics-
with-codex/be1136643826c800700c93f9e23a8d7b.verbatim) [9]
(/Users/rob/dev/Presentation/ROB-Books/tmp/pdfs/_markdown_volume-5-ai-robotics-
with-codex/85be9f82cdadacb8bfc5c22e3f8cf7e0.verbatim)
(/Users/rob/dev/Presentation/ROB-Books/tmp/pdfs/_markdown_volume-5-ai-robotics-
with-codex/4d14d31ded2aa8e39a2bfa9e2a4f5dec.verbatim)
(/Users/rob/dev/Presentation/ROB-Books/tmp/pdfs/_markdown_volume-5-ai-robotics-
with-codex/43d6ea8b015234df236091984a74d028.verbatim)
(/Users/rob/dev/Presentation/ROB-Books/tmp/pdfs/_markdown_volume-5-ai-robotics-
with-codex/4ef5bda13c9400dfccd2381a8a9610f0.verbatim)
(/Users/rob/dev/Presentation/ROB-Books/tmp/pdfs/_markdown_volume-5-ai-robotics-
with-codex/b51c399ded5a0db02464edc32e09f8a0.verbatim)
(/Users/rob/dev/Presentation/ROB-Books/tmp/pdfs/_markdown_volume-5-ai-robotics-
with-codex/e5f390792eaa2cc878b8ce1a474dfb48.verbatim)
(/Users/rob/dev/Presentation/ROB-Books/tmp/pdfs/_markdown_volume-5-ai-robotics-
with-codex/be168b781a3cd7fe386ffa408a1b854d.verbatim) [10] [11] [12]
(/Users/rob/dev/Presentation/ROB-Books/tmp/pdfs/_markdown_volume-5-ai-robotics-
with-codex/21aa13b6966d270d5e728a626dc378dc.verbatim)
(/Users/rob/dev/Presentation/ROB-Books/tmp/pdfs/_markdown_volume-5-ai-robotics-
with-codex/4661268c6b664f245c2fe4229e72a844.verbatim) [13]
(/Users/rob/dev/Presentation/ROB-Books/tmp/pdfs/_markdown_volume-5-ai-robotics-
with-codex/c4280b5df4b58707714d20fc0b3108cc.verbatim)
(/Users/rob/dev/Presentation/ROB-Books/tmp/pdfs/_markdown_volume-5-ai-robotics-
with-codex/31222354dab7b4bc11d01c20045b1249.verbatim) [14]
(/Users/rob/dev/Presentation/ROB-Books/tmp/pdfs/_markdown_volume-5-ai-robotics-
with-codex/a2cdfcb2dd36a8fd0e6310bd47a4fd80.verbatim)
(/Users/rob/dev/Presentation/ROB-Books/tmp/pdfs/_markdown_volume-5-ai-robotics-
with-codex/b62021c1680c09f91dc73d9989f667c2.verbatim [15])
(/Users/rob/dev/Presentation/ROB-Books/tmp/pdfs/_markdown_volume-5-ai-robotics-
with-codex/5cbd371aa2e73597c8a9259e0dc7be8c.verbatim)
(/Users/rob/dev/Presentation/ROB-Books/tmp/pdfs/_markdown_volume-5-ai-robotics-
with-codex/116511f19a1eb2bdca5704af3f21757a.verbatim)
(/Users/rob/dev/Presentation/ROB-Books/tmp/pdfs/_markdown_volume-5-ai-robotics-
with-codex/8b531506f0edcb3bbc53378149e090e4.verbatim)
(/Users/rob/dev/Presentation/ROB-Books/tmp/pdfs/_markdown_volume-5-ai-robotics-
with-codex/aafde5a090f51575e5eb532437f8fb38.verbatim)
(/Users/rob/dev/Presentation/ROB-Books/tmp/pdfs/_markdown_volume-5-ai-robotics-
with-codex/acd51289eff5aa520259ba3005ef1944.verbatim) [16]
(/Users/rob/dev/Presentation/ROB-Books/tmp/pdfs/_markdown_volume-5-ai-robotics-
with-codex/ab590c1b801ac43b1901a00c3ff61f36.verbatim)
(/Users/rob/dev/Presentation/ROB-Books/tmp/pdfs/_markdown_volume-5-ai-robotics-
with-codex/05c2f09143b14bc47be21f6182ad9f85.verbatim [17])
(/Users/rob/dev/Presentation/ROB-Books/tmp/pdfs/_markdown_volume-5-ai-robotics-
with-codex/d6a2de363bf451dc4c937a78fcf9948e.verbatim) [18]
(/Users/rob/dev/Presentation/ROB-Books/tmp/pdfs/_markdown_volume-5-ai-robotics-
with-codex/cde5e8c30040712873ea2c2f8bdf2051.verbatim)
(/Users/rob/dev/Presentation/ROB-Books/tmp/pdfs/_markdown_volume-5-ai-robotics-
with-codex/4859bb2dc945ed48f2b7f2190f495f04.verbatim) [19]
(/Users/rob/dev/Presentation/ROB-Books/tmp/pdfs/_markdown_volume-5-ai-robotics-
with-codex/1c9f064fb0a247bdccaf71e7d2c5293c.verbatim) [20] [21] [22]
(/Users/rob/dev/Presentation/ROB-Books/tmp/pdfs/_markdown_volume-5-ai-robotics-
with-codex/181df8f7843da464184be164cacf0150.verbatim) [23]
(/Users/rob/dev/Presentation/ROB-Books/tmp/pdfs/_markdown_volume-5-ai-robotics-
with-codex/596b3bc8d63f14187000f731af2486bf.verbatim)
(/Users/rob/dev/Presentation/ROB-Books/tmp/pdfs/_markdown_volume-5-ai-robotics-
with-codex/7792b5519e579079b825477f53ea1833.verbatim [24])
(/Users/rob/dev/Presentation/ROB-Books/tmp/pdfs/_markdown_volume-5-ai-robotics-
with-codex/a680a24ba3d74fe3fd807b57b78ad574.verbatim) [25]
(/Users/rob/dev/Presentation/ROB-Books/tmp/pdfs/_markdown_volume-5-ai-robotics-
with-codex/87e2dc07e45a90ce16277163b0972900.verbatim)
(/Users/rob/dev/Presentation/ROB-Books/tmp/pdfs/_markdown_volume-5-ai-robotics-
with-codex/76f036af2968af19a3c27a366d826754.verbatim)
(/Users/rob/dev/Presentation/ROB-Books/tmp/pdfs/_markdown_volume-5-ai-robotics-
with-codex/ed85ca82cd7aa9fffb548f0895653e00.verbatim) [26]
(/Users/rob/dev/Presentation/ROB-Books/tmp/pdfs/_markdown_volume-5-ai-robotics-
with-codex/163969e6263351aa5f20a4a33cfdb47a.verbatim)
(/Users/rob/dev/Presentation/ROB-Books/tmp/pdfs/_markdown_volume-5-ai-robotics-
with-codex/5a0ac7e988d608b93865a85c1b70a8c9.verbatim) [27] [28]
(/Users/rob/dev/Presentation/ROB-Books/tmp/pdfs/_markdown_volume-5-ai-robotics-
with-codex/b194a9162caec045518a7f47f9174ac7.verbatim) [29] [30]) [31]

enddocument/afterlastpage (AED): lastpage setting LastPage.

(/Users/rob/dev/Presentation/ROB-Books/tmp/pdfs/volume-5-ai-robotics-with-codex
.aux) )
Output written on /Users/rob/dev/Presentation/ROB-Books/tmp/pdfs/volume-5-ai-ro
botics-with-codex.xdv (39 pages, 1353772 bytes).
Transcript written on /Users/rob/dev/Presentation/ROB-Books/tmp/pdfs/volume-5-a
i-robotics-with-codex.log.
Latexmk: Getting log file '/Users/rob/dev/Presentation/ROB-Books/tmp/pdfs/volume-5-ai-robotics-with-codex.log'
Latexmk: Examining '/Users/rob/dev/Presentation/ROB-Books/tmp/pdfs/volume-5-ai-robotics-with-codex.fls'
Latexmk: Examining '/Users/rob/dev/Presentation/ROB-Books/tmp/pdfs/volume-5-ai-robotics-with-codex.log'
Latexmk: Log file says output to '/Users/rob/dev/Presentation/ROB-Books/tmp/pdfs/volume-5-ai-robotics-with-codex.xdv'
Latexmk: Using bibtex to make bibliography file(s).
Latexmk: applying rule 'xdvipdfmx'...
Rule 'xdvipdfmx':  Reasons for rerun
Category 'other':
  Rerun of 'xdvipdfmx' forced or previously required:
    Reason or flag: 'go_mode'

------------
Run number 1 of rule 'xdvipdfmx'
------------
------------
Running 'xdvipdfmx -E -o "/Users/rob/dev/Presentation/ROB-Books/tmp/pdfs/volume-5-ai-robotics-with-codex.pdf"  "/Users/rob/dev/Presentation/ROB-Books/tmp/pdfs/volume-5-ai-robotics-with-codex.xdv"'
------------
/Users/rob/dev/Presentation/ROB-Books/tmp/pdfs/volume-5-ai-robotics-with-codex.xdv -> /Users/rob/dev/Presentation/ROB-Books/tmp/pdfs/volume-5-ai-robotics-with-codex.pdf
[1][2][3][4][5][6][7][8][9
xdvipdfmx:warning: Object @page.1 already defined.
][10
xdvipdfmx:warning: Object @page.2 already defined.
][11
xdvipdfmx:warning: Object @page.3 already defined.
][12
xdvipdfmx:warning: Object @page.4 already defined.
][13
xdvipdfmx:warning: Object @page.5 already defined.
][14
xdvipdfmx:warning: Object @page.6 already defined.
][15
xdvipdfmx:warning: Object @page.7 already defined.
][16
xdvipdfmx:warning: Object @page.8 already defined.
][17][18][19][20][21][22][23][24][25][26][27][28][29][30][31][32][33][34][35][36][37][38][39]
2030412 bytes written
Latexmk: All targets (/Users/rob/dev/Presentation/ROB-Books/tmp/pdfs/volume-5-ai-robotics-with-codex.xdv /Users/rob/dev/Presentation/ROB-Books/tmp/pdfs/volume-5-ai-robotics-with-codex.pdf) are up-to-date

Rc files read:
  NONE
Latexmk: This is Latexmk, John Collins, 15 June 2025. Version 4.87.
Force everything to be remade.
Latexmk: applying rule 'xelatex'...
Rule 'xelatex':  Reasons for rerun
Category 'other':
  Rerun of 'xelatex' forced or previously required:
    Reason or flag: 'go_mode'

------------
Run number 1 of rule 'xelatex'
------------
------------
Running 'xelatex -no-pdf -interaction=nonstopmode -halt-on-error -file-line-error -shell-escape -recorder -output-directory="/Users/rob/dev/Presentation/ROB-Books/tmp/pdfs"  "volume-6-amber-dual-arm-robotics.tex"'
------------
This is XeTeX, Version 3.141592653-2.6-0.999998 (TeX Live 2026/Homebrew) (preloaded format=xelatex)
 \write18 enabled.
entering extended mode
(./volume-6-amber-dual-arm-robotics.tex
LaTeX2e <2025-11-01>
L3 programming layer <2026-01-19>

(/opt/homebrew/Cellar/texlive/20260301/share/texmf-dist/tex/latex/base/book.cls
Document Class: book 2025/01/22 v1.4n Standard LaTeX document class

(/opt/homebrew/Cellar/texlive/20260301/share/texmf-dist/tex/latex/base/bk11.clo
)) (./robbook.sty
(/opt/homebrew/Cellar/texlive/20260301/share/texmf-dist/tex/latex/geometry/geom
etry.sty
(/opt/homebrew/Cellar/texlive/20260301/share/texmf-dist/tex/latex/graphics/keyv
al.sty)
(/opt/homebrew/Cellar/texlive/20260301/share/texmf-dist/tex/generic/iftex/ifvte
x.sty
(/opt/homebrew/Cellar/texlive/20260301/share/texmf-dist/tex/generic/iftex/iftex
.sty)))
(/opt/homebrew/Cellar/texlive/20260301/share/texmf-dist/tex/latex/fontspec/font
spec.sty
(/opt/homebrew/Cellar/texlive/20260301/share/texmf-dist/tex/latex/l3packages/xp
arse/xparse.sty
(/opt/homebrew/Cellar/texlive/20260301/share/texmf-dist/tex/latex/l3kernel/expl
3.sty
(/opt/homebrew/Cellar/texlive/20260301/share/texmf-dist/tex/latex/l3backend/l3b
ackend-xetex.def)))
(/opt/homebrew/Cellar/texlive/20260301/share/texmf-dist/tex/latex/fontspec/font
spec-xetex.sty
(/opt/homebrew/Cellar/texlive/20260301/share/texmf-dist/tex/latex/base/fontenc.
sty)
(/opt/homebrew/Cellar/texlive/20260301/share/texmf-dist/tex/latex/fontspec/font
spec.cfg)))
(/opt/homebrew/Cellar/texlive/20260301/share/texmf-dist/tex/latex/graphics/grap
hicx.sty
(/opt/homebrew/Cellar/texlive/20260301/share/texmf-dist/tex/latex/graphics/grap
hics.sty
(/opt/homebrew/Cellar/texlive/20260301/share/texmf-dist/tex/latex/graphics/trig
.sty)
(/opt/homebrew/Cellar/texlive/20260301/share/texmf-dist/tex/latex/graphics-cfg/
graphics.cfg)
(/opt/homebrew/Cellar/texlive/20260301/share/texmf-dist/tex/latex/graphics-def/
xetex.def)))
(/opt/homebrew/Cellar/texlive/20260301/share/texmf-dist/tex/latex/adjustbox/adj
ustbox.sty
(/opt/homebrew/Cellar/texlive/20260301/share/texmf-dist/tex/latex/xkeyval/xkeyv
al.sty
(/opt/homebrew/Cellar/texlive/20260301/share/texmf-dist/tex/generic/xkeyval/xke
yval.tex
(/opt/homebrew/Cellar/texlive/20260301/share/texmf-dist/tex/generic/xkeyval/xkv
utils.tex)))
(/opt/homebrew/Cellar/texlive/20260301/share/texmf-dist/tex/latex/adjustbox/adj
calc.sty)
(/opt/homebrew/Cellar/texlive/20260301/share/texmf-dist/tex/latex/adjustbox/tri
mclip.sty
(/opt/homebrew/Cellar/texlive/20260301/share/texmf-dist/tex/latex/collectbox/co
llectbox.sty)
(/opt/homebrew/Cellar/texlive/20260301/share/texmf-dist/tex/latex/adjustbox/tc-
xetex.def))
(/opt/homebrew/Cellar/texlive/20260301/share/texmf-dist/tex/latex/ifoddpage/ifo
ddpage.sty)
(/opt/homebrew/Cellar/texlive/20260301/share/texmf-dist/tex/latex/varwidth/varw
idth.sty)
==> First Aid for varwidth.sty applied!
)
(/opt/homebrew/Cellar/texlive/20260301/share/texmf-dist/tex/latex/pgf/frontendl
ayer/tikz.sty
(/opt/homebrew/Cellar/texlive/20260301/share/texmf-dist/tex/latex/pgf/basiclaye
r/pgf.sty
(/opt/homebrew/Cellar/texlive/20260301/share/texmf-dist/tex/latex/pgf/utilities
/pgfrcs.sty
(/opt/homebrew/Cellar/texlive/20260301/share/texmf-dist/tex/generic/pgf/utiliti
es/pgfutil-common.tex)
(/opt/homebrew/Cellar/texlive/20260301/share/texmf-dist/tex/generic/pgf/utiliti
es/pgfutil-latex.def)
(/opt/homebrew/Cellar/texlive/20260301/share/texmf-dist/tex/generic/pgf/utiliti
es/pgfrcs.code.tex
(/opt/homebrew/Cellar/texlive/20260301/share/texmf-dist/tex/generic/pgf/pgf.rev
ision.tex)))
(/opt/homebrew/Cellar/texlive/20260301/share/texmf-dist/tex/latex/pgf/basiclaye
r/pgfcore.sty
(/opt/homebrew/Cellar/texlive/20260301/share/texmf-dist/tex/latex/pgf/systemlay
er/pgfsys.sty
(/opt/homebrew/Cellar/texlive/20260301/share/texmf-dist/tex/generic/pgf/systeml
ayer/pgfsys.code.tex
(/opt/homebrew/Cellar/texlive/20260301/share/texmf-dist/tex/generic/pgf/utiliti
es/pgfkeys.code.tex
(/opt/homebrew/Cellar/texlive/20260301/share/texmf-dist/tex/generic/pgf/utiliti
es/pgfkeyslibraryfiltered.code.tex))
(/opt/homebrew/Cellar/texlive/20260301/share/texmf-dist/tex/generic/pgf/systeml
ayer/pgf.cfg)
(/opt/homebrew/Cellar/texlive/20260301/share/texmf-dist/tex/generic/pgf/systeml
ayer/pgfsys-xetex.def
(/opt/homebrew/Cellar/texlive/20260301/share/texmf-dist/tex/generic/pgf/systeml
ayer/pgfsys-dvipdfmx.def
(/opt/homebrew/Cellar/texlive/20260301/share/texmf-dist/tex/generic/pgf/systeml
ayer/pgfsys-common-pdf.def))))
(/opt/homebrew/Cellar/texlive/20260301/share/texmf-dist/tex/generic/pgf/systeml
ayer/pgfsyssoftpath.code.tex)
(/opt/homebrew/Cellar/texlive/20260301/share/texmf-dist/tex/generic/pgf/systeml
ayer/pgfsysprotocol.code.tex))
(/opt/homebrew/Cellar/texlive/20260301/share/texmf-dist/tex/latex/xcolor/xcolor
.sty
(/opt/homebrew/Cellar/texlive/20260301/share/texmf-dist/tex/latex/graphics-cfg/
color.cfg)
(/opt/homebrew/Cellar/texlive/20260301/share/texmf-dist/tex/latex/graphics/math
color.ltx))
(/opt/homebrew/Cellar/texlive/20260301/share/texmf-dist/tex/generic/pgf/basicla
yer/pgfcore.code.tex
(/opt/homebrew/Cellar/texlive/20260301/share/texmf-dist/tex/generic/pgf/math/pg
fmath.code.tex
(/opt/homebrew/Cellar/texlive/20260301/share/texmf-dist/tex/generic/pgf/math/pg
fmathutil.code.tex)
(/opt/homebrew/Cellar/texlive/20260301/share/texmf-dist/tex/generic/pgf/math/pg
fmathparser.code.tex)
(/opt/homebrew/Cellar/texlive/20260301/share/texmf-dist/tex/generic/pgf/math/pg
fmathfunctions.code.tex)
(/opt/homebrew/Cellar/texlive/20260301/share/texmf-dist/tex/generic/pgf/math/pg
fmathfunctions.basic.code.tex)
(/opt/homebrew/Cellar/texlive/20260301/share/texmf-dist/tex/generic/pgf/math/pg
fmathfunctions.trigonometric.code.tex)
(/opt/homebrew/Cellar/texlive/20260301/share/texmf-dist/tex/generic/pgf/math/pg
fmathfunctions.random.code.tex)
(/opt/homebrew/Cellar/texlive/20260301/share/texmf-dist/tex/generic/pgf/math/pg
fmathfunctions.comparison.code.tex)
(/opt/homebrew/Cellar/texlive/20260301/share/texmf-dist/tex/generic/pgf/math/pg
fmathfunctions.base.code.tex)
(/opt/homebrew/Cellar/texlive/20260301/share/texmf-dist/tex/generic/pgf/math/pg
fmathfunctions.round.code.tex)
(/opt/homebrew/Cellar/texlive/20260301/share/texmf-dist/tex/generic/pgf/math/pg
fmathfunctions.misc.code.tex)
(/opt/homebrew/Cellar/texlive/20260301/share/texmf-dist/tex/generic/pgf/math/pg
fmathfunctions.integerarithmetics.code.tex)
(/opt/homebrew/Cellar/texlive/20260301/share/texmf-dist/tex/generic/pgf/math/pg
fmathcalc.code.tex)
(/opt/homebrew/Cellar/texlive/20260301/share/texmf-dist/tex/generic/pgf/math/pg
fmathfloat.code.tex))
(/opt/homebrew/Cellar/texlive/20260301/share/texmf-dist/tex/generic/pgf/math/pg
fint.code.tex)
(/opt/homebrew/Cellar/texlive/20260301/share/texmf-dist/tex/generic/pgf/basicla
yer/pgfcorepoints.code.tex)
(/opt/homebrew/Cellar/texlive/20260301/share/texmf-dist/tex/generic/pgf/basicla
yer/pgfcorepathconstruct.code.tex)
(/opt/homebrew/Cellar/texlive/20260301/share/texmf-dist/tex/generic/pgf/basicla
yer/pgfcorepathusage.code.tex)
(/opt/homebrew/Cellar/texlive/20260301/share/texmf-dist/tex/generic/pgf/basicla
yer/pgfcorescopes.code.tex)
(/opt/homebrew/Cellar/texlive/20260301/share/texmf-dist/tex/generic/pgf/basicla
yer/pgfcoregraphicstate.code.tex)
(/opt/homebrew/Cellar/texlive/20260301/share/texmf-dist/tex/generic/pgf/basicla
yer/pgfcoretransformations.code.tex)
(/opt/homebrew/Cellar/texlive/20260301/share/texmf-dist/tex/generic/pgf/basicla
yer/pgfcorequick.code.tex)
(/opt/homebrew/Cellar/texlive/20260301/share/texmf-dist/tex/generic/pgf/basicla
yer/pgfcoreobjects.code.tex)
(/opt/homebrew/Cellar/texlive/20260301/share/texmf-dist/tex/generic/pgf/basicla
yer/pgfcorepathprocessing.code.tex)
(/opt/homebrew/Cellar/texlive/20260301/share/texmf-dist/tex/generic/pgf/basicla
yer/pgfcorearrows.code.tex)
(/opt/homebrew/Cellar/texlive/20260301/share/texmf-dist/tex/generic/pgf/basicla
yer/pgfcoreshade.code.tex)
(/opt/homebrew/Cellar/texlive/20260301/share/texmf-dist/tex/generic/pgf/basicla
yer/pgfcoreimage.code.tex)
(/opt/homebrew/Cellar/texlive/20260301/share/texmf-dist/tex/generic/pgf/basicla
yer/pgfcoreexternal.code.tex)
(/opt/homebrew/Cellar/texlive/20260301/share/texmf-dist/tex/generic/pgf/basicla
yer/pgfcorelayers.code.tex)
(/opt/homebrew/Cellar/texlive/20260301/share/texmf-dist/tex/generic/pgf/basicla
yer/pgfcoretransparency.code.tex)
(/opt/homebrew/Cellar/texlive/20260301/share/texmf-dist/tex/generic/pgf/basicla
yer/pgfcorepatterns.code.tex)
(/opt/homebrew/Cellar/texlive/20260301/share/texmf-dist/tex/generic/pgf/basicla
yer/pgfcorerdf.code.tex)))
(/opt/homebrew/Cellar/texlive/20260301/share/texmf-dist/tex/generic/pgf/modules
/pgfmoduleshapes.code.tex)
(/opt/homebrew/Cellar/texlive/20260301/share/texmf-dist/tex/generic/pgf/modules
/pgfmoduleplot.code.tex)
(/opt/homebrew/Cellar/texlive/20260301/share/texmf-dist/tex/latex/pgf/compatibi
lity/pgfcomp-version-0-65.sty)
(/opt/homebrew/Cellar/texlive/20260301/share/texmf-dist/tex/latex/pgf/compatibi
lity/pgfcomp-version-1-18.sty))
(/opt/homebrew/Cellar/texlive/20260301/share/texmf-dist/tex/latex/pgf/utilities
/pgffor.sty
(/opt/homebrew/Cellar/texlive/20260301/share/texmf-dist/tex/latex/pgf/utilities
/pgfkeys.sty
(/opt/homebrew/Cellar/texlive/20260301/share/texmf-dist/tex/generic/pgf/utiliti
es/pgfkeys.code.tex))
(/opt/homebrew/Cellar/texlive/20260301/share/texmf-dist/tex/latex/pgf/math/pgfm
ath.sty
(/opt/homebrew/Cellar/texlive/20260301/share/texmf-dist/tex/generic/pgf/math/pg
fmath.code.tex))
(/opt/homebrew/Cellar/texlive/20260301/share/texmf-dist/tex/generic/pgf/utiliti
es/pgffor.code.tex))
(/opt/homebrew/Cellar/texlive/20260301/share/texmf-dist/tex/generic/pgf/fronten
dlayer/tikz/tikz.code.tex
(/opt/homebrew/Cellar/texlive/20260301/share/texmf-dist/tex/generic/pgf/librari
es/pgflibraryplothandlers.code.tex)
(/opt/homebrew/Cellar/texlive/20260301/share/texmf-dist/tex/generic/pgf/modules
/pgfmodulematrix.code.tex)
(/opt/homebrew/Cellar/texlive/20260301/share/texmf-dist/tex/generic/pgf/fronten
dlayer/tikz/libraries/tikzlibrarytopaths.code.tex)))
(/opt/homebrew/Cellar/texlive/20260301/share/texmf-dist/tex/generic/pgf/fronten
dlayer/tikz/libraries/tikzlibrarypositioning.code.tex)
(/opt/homebrew/Cellar/texlive/20260301/share/texmf-dist/tex/generic/pgf/fronten
dlayer/tikz/libraries/tikzlibrarycalc.code.tex)
(/opt/homebrew/Cellar/texlive/20260301/share/texmf-dist/tex/latex/tcolorbox/tco
lorbox.sty
(/opt/homebrew/Cellar/texlive/20260301/share/texmf-dist/tex/latex/tools/verbati
m.sty)
(/opt/homebrew/Cellar/texlive/20260301/share/texmf-dist/tex/latex/environ/envir
on.sty
(/opt/homebrew/Cellar/texlive/20260301/share/texmf-dist/tex/latex/trimspaces/tr
imspaces.sty))
(/opt/homebrew/Cellar/texlive/20260301/share/texmf-dist/tex/latex/etoolbox/etoo
lbox.sty)
(/opt/homebrew/Cellar/texlive/20260301/share/texmf-dist/tex/latex/tcolorbox/tcb
raster.code.tex
Library (tcolorbox): 'tcbraster.code.tex' version '6.9.0'
)
(/opt/homebrew/Cellar/texlive/20260301/share/texmf-dist/tex/latex/tcolorbox/tcb
skins.code.tex
Library (tcolorbox): 'tcbskins.code.tex' version '6.9.0'

(/opt/homebrew/Cellar/texlive/20260301/share/texmf-dist/tex/latex/tikzfill/tikz
fill.image.sty
(/opt/homebrew/Cellar/texlive/20260301/share/texmf-dist/tex/latex/tikzfill/tikz
fill-common.sty)
(/opt/homebrew/Cellar/texlive/20260301/share/texmf-dist/tex/latex/tikzfill/tikz
libraryfill.image.code.tex))
(/opt/homebrew/Cellar/texlive/20260301/share/texmf-dist/tex/latex/tcolorbox/tcb
skinsjigsaw.code.tex
Library (tcolorbox): 'tcbskinsjigsaw.code.tex' version '6.9.0'
))
(/opt/homebrew/Cellar/texlive/20260301/share/texmf-dist/tex/latex/tcolorbox/tcb
breakable.code.tex
Library (tcolorbox): 'tcbbreakable.code.tex' version '6.9.0'

(/opt/homebrew/Cellar/texlive/20260301/share/texmf-dist/tex/latex/pdfcol/pdfcol
.sty
(/opt/homebrew/Cellar/texlive/20260301/share/texmf-dist/tex/generic/ltxcmds/ltx
cmds.sty)
(/opt/homebrew/Cellar/texlive/20260301/share/texmf-dist/tex/generic/infwarerr/i
nfwarerr.sty)))
(/opt/homebrew/Cellar/texlive/20260301/share/texmf-dist/tex/latex/tcolorbox/tcb
hooks.code.tex
Library (tcolorbox): 'tcbhooks.code.tex' version '6.9.0'
)
(/opt/homebrew/Cellar/texlive/20260301/share/texmf-dist/tex/latex/tcolorbox/tcb
theorems.code.tex
Library (tcolorbox): 'tcbtheorems.code.tex' version '6.9.0'

(/opt/homebrew/Cellar/texlive/20260301/share/texmf-dist/tex/latex/amsmath/amsma
th.sty
For additional information on amsmath, use the `?' option.

(/opt/homebrew/Cellar/texlive/20260301/share/texmf-dist/tex/latex/amsmath/amste
xt.sty
(/opt/homebrew/Cellar/texlive/20260301/share/texmf-dist/tex/latex/amsmath/amsge
n.sty))
(/opt/homebrew/Cellar/texlive/20260301/share/texmf-dist/tex/latex/amsmath/amsbs
y.sty)
(/opt/homebrew/Cellar/texlive/20260301/share/texmf-dist/tex/latex/amsmath/amsop
n.sty)))
(/opt/homebrew/Cellar/texlive/20260301/share/texmf-dist/tex/latex/tcolorbox/tcb
fitting.code.tex
Library (tcolorbox): 'tcbfitting.code.tex' version '6.9.0'
)
(/opt/homebrew/Cellar/texlive/20260301/share/texmf-dist/tex/latex/tcolorbox/tcb
listingsutf8.code.tex
Library (tcolorbox): 'tcblistingsutf8.code.tex' version '6.9.0'

(/opt/homebrew/Cellar/texlive/20260301/share/texmf-dist/tex/latex/tcolorbox/tcb
listings.code.tex
Library (tcolorbox): 'tcblistings.code.tex' version '6.9.0'

(/opt/homebrew/Cellar/texlive/20260301/share/texmf-dist/tex/latex/listings/list
ings.sty
(/opt/homebrew/Cellar/texlive/20260301/share/texmf-dist/tex/latex/listings/lstp
atch.sty)
(/opt/homebrew/Cellar/texlive/20260301/share/texmf-dist/tex/latex/listings/lstm
isc.sty)
(/opt/homebrew/Cellar/texlive/20260301/share/texmf-dist/tex/latex/listings/list
ings.cfg))
==> First Aid for listings.sty no longer applied!
    Expected:
        2024/09/23 1.10c (Carsten Heinz)
    but found:
        2025/11/14 1.11b (Carsten Heinz)
    so I'm assuming it got fixed.

(/opt/homebrew/Cellar/texlive/20260301/share/texmf-dist/tex/latex/tcolorbox/tcb
listingscore.code.tex
Library (tcolorbox): 'tcblistingscore.code.tex' version '6.9.0'

(/opt/homebrew/Cellar/texlive/20260301/share/texmf-dist/tex/latex/tcolorbox/tcb
processing.code.tex
Library (tcolorbox): 'tcbprocessing.code.tex' version '6.9.0'
))))
(/opt/homebrew/Cellar/texlive/20260301/share/texmf-dist/tex/latex/tcolorbox/tcb
external.code.tex
Library (tcolorbox): 'tcbexternal.code.tex' version '6.9.0'
)
(/opt/homebrew/Cellar/texlive/20260301/share/texmf-dist/tex/latex/tcolorbox/tcb
magazine.code.tex
Library (tcolorbox): 'tcbmagazine.code.tex' version '6.9.0'
)
(/opt/homebrew/Cellar/texlive/20260301/share/texmf-dist/tex/latex/tcolorbox/tcb
vignette.code.tex
Library (tcolorbox): 'tcbvignette.code.tex' version '6.9.0'

(/opt/homebrew/Cellar/texlive/20260301/share/texmf-dist/tex/generic/pgf/fronten
dlayer/tikz/libraries/tikzlibraryfadings.code.tex
(/opt/homebrew/Cellar/texlive/20260301/share/texmf-dist/tex/generic/pgf/librari
es/pgflibraryfadings.code.tex)))
(/opt/homebrew/Cellar/texlive/20260301/share/texmf-dist/tex/latex/tcolorbox/tcb
poster.code.tex
Library (tcolorbox): 'tcbposter.code.tex' version '6.9.0'
))
(/opt/homebrew/Cellar/texlive/20260301/share/texmf-dist/tex/latex/tools/tabular
x.sty
(/opt/homebrew/Cellar/texlive/20260301/share/texmf-dist/tex/latex/tools/array.s
ty))
(/opt/homebrew/Cellar/texlive/20260301/share/texmf-dist/tex/latex/booktabs/book
tabs.sty)
(/opt/homebrew/Cellar/texlive/20260301/share/texmf-dist/tex/latex/enumitem/enum
item.sty)
(/opt/homebrew/Cellar/texlive/20260301/share/texmf-dist/tex/latex/fancyhdr/fanc
yhdr.sty)
(/opt/homebrew/Cellar/texlive/20260301/share/texmf-dist/tex/latex/titlesec/titl
esec.sty)
(/opt/homebrew/Cellar/texlive/20260301/share/texmf-dist/tex/latex/hyperref/hype
rref.sty
(/opt/homebrew/Cellar/texlive/20260301/share/texmf-dist/tex/latex/kvsetkeys/kvs
etkeys.sty)
(/opt/homebrew/Cellar/texlive/20260301/share/texmf-dist/tex/generic/kvdefinekey
s/kvdefinekeys.sty)
(/opt/homebrew/Cellar/texlive/20260301/share/texmf-dist/tex/generic/pdfescape/p
dfescape.sty
(/opt/homebrew/Cellar/texlive/20260301/share/texmf-dist/tex/generic/pdftexcmds/
pdftexcmds.sty))
(/opt/homebrew/Cellar/texlive/20260301/share/texmf-dist/tex/latex/hycolor/hycol
or.sty)
(/opt/homebrew/Cellar/texlive/20260301/share/texmf-dist/tex/latex/hyperref/name
ref.sty
(/opt/homebrew/Cellar/texlive/20260301/share/texmf-dist/tex/latex/refcount/refc
ount.sty)
(/opt/homebrew/Cellar/texlive/20260301/share/texmf-dist/tex/generic/gettitlestr
ing/gettitlestring.sty
(/opt/homebrew/Cellar/texlive/20260301/share/texmf-dist/tex/latex/kvoptions/kvo
ptions.sty)))
(/opt/homebrew/Cellar/texlive/20260301/share/texmf-dist/tex/generic/stringenc/s
tringenc.sty)
(/opt/homebrew/Cellar/texlive/20260301/share/texmf-dist/tex/latex/hyperref/pd1e
nc.def)
(/opt/homebrew/Cellar/texlive/20260301/share/texmf-dist/tex/generic/intcalc/int
calc.sty)
(/opt/homebrew/Cellar/texlive/20260301/share/texmf-dist/tex/latex/hyperref/puen
c.def)
(/opt/homebrew/Cellar/texlive/20260301/share/texmf-dist/tex/latex/url/url.sty)
(/opt/homebrew/Cellar/texlive/20260301/share/texmf-dist/tex/generic/bitset/bits
et.sty
(/opt/homebrew/Cellar/texlive/20260301/share/texmf-dist/tex/generic/bigintcalc/
bigintcalc.sty)))
(/opt/homebrew/Cellar/texlive/20260301/share/texmf-dist/tex/latex/hyperref/hxet
ex.def
(/opt/homebrew/Cellar/texlive/20260301/share/texmf-dist/tex/latex/rerunfilechec
k/rerunfilecheck.sty
(/opt/homebrew/Cellar/texlive/20260301/share/texmf-dist/tex/generic/uniquecount
er/uniquecounter.sty)))
(/opt/homebrew/Cellar/texlive/20260301/share/texmf-dist/tex/latex/microtype/mic
rotype.sty
(/opt/homebrew/Cellar/texlive/20260301/share/texmf-dist/tex/latex/microtype/mic
rotype-xetex.def)
(/opt/homebrew/Cellar/texlive/20260301/share/texmf-dist/tex/latex/microtype/mic
rotype.cfg))
(/opt/homebrew/Cellar/texlive/20260301/share/texmf-dist/tex/latex/setspace/sets
pace.sty)
(/opt/homebrew/Cellar/texlive/20260301/share/texmf-dist/tex/latex/caption/capti
on.sty
(/opt/homebrew/Cellar/texlive/20260301/share/texmf-dist/tex/latex/caption/capti
on3.sty))
(/opt/homebrew/Cellar/texlive/20260301/share/texmf-dist/tex/latex/tools/multico
l.sty)
(/opt/homebrew/Cellar/texlive/20260301/share/texmf-dist/tex/latex/ragged2e/ragg
ed2e.sty)
(/opt/homebrew/Cellar/texlive/20260301/share/texmf-dist/tex/latex/base/ifthen.s
ty)
(/opt/homebrew/Cellar/texlive/20260301/share/texmf-dist/tex/latex/lastpage/last
page.sty
(/opt/homebrew/Cellar/texlive/20260301/share/texmf-dist/tex/latex/lastpage/last
page2e.sty
(/opt/homebrew/Cellar/texlive/20260301/share/texmf-dist/tex/latex/lastpage/last
pagemodern.sty) 
)))
(/opt/homebrew/Cellar/texlive/20260301/share/texmf-dist/tex/latex/markdown/mark
down.sty
(/opt/homebrew/Cellar/texlive/20260301/share/texmf-dist/tex/generic/markdown/ma
rkdown.tex
(/opt/homebrew/Cellar/texlive/20260301/share/texmf-dist/tex/generic/lt3luabridg
e/lt3luabridge.tex))
(|TEXMF_OUTPUT_DIRECTORY=${TEXMF_OUTPUT_DIRECTORY:-.}
texlua $TEXMF_OUTPUT_DIRECTORY/volume-6-amber-dual-arm-robotics.luabridge.lua))

(/opt/homebrew/Cellar/texlive/20260301/share/texmf-dist/tex/latex/markdown/mark
downthemewitiko_markdown_defaults.sty
(/opt/homebrew/Cellar/texlive/20260301/share/texmf-dist/tex/generic/markdown/ma
rkdownthemewitiko_markdown_defaults.tex)
(/opt/homebrew/Cellar/texlive/20260301/share/texmf-dist/tex/latex/amsfonts/amss
ymb.sty
(/opt/homebrew/Cellar/texlive/20260301/share/texmf-dist/tex/latex/amsfonts/amsf
onts.sty))
(/opt/homebrew/Cellar/texlive/20260301/share/texmf-dist/tex/latex/csvsimple/csv
simple.sty)
(/opt/homebrew/Cellar/texlive/20260301/share/texmf-dist/tex/latex/csvsimple/csv
simple-legacy.sty
(/opt/homebrew/Cellar/texlive/20260301/share/texmf-dist/tex/latex/tools/shelles
c.sty))
(/opt/homebrew/Cellar/texlive/20260301/share/texmf-dist/tex/latex/fancyvrb/fanc
yvrb.sty))
(/Users/rob/dev/Presentation/ROB-Books/tmp/pdfs/volume-6-amber-dual-arm-robotic
s.aux)
*geometry* driver: auto-detecting
*geometry* detected driver: xetex

(/Users/rob/dev/Presentation/ROB-Books/tmp/pdfs/volume-6-amber-dual-arm-robotic
s.out)
(/Users/rob/dev/Presentation/ROB-Books/tmp/pdfs/volume-6-amber-dual-arm-robotic
s.out)

Package microtype Warning: Unable to apply patch `footnote' on input line 28.

[1] [2]
(/opt/homebrew/Cellar/texlive/20260301/share/texmf-dist/tex/latex/amsfonts/umsa
.fd)
(/opt/homebrew/Cellar/texlive/20260301/share/texmf-dist/tex/latex/microtype/mt-
msa.cfg)
(/opt/homebrew/Cellar/texlive/20260301/share/texmf-dist/tex/latex/amsfonts/umsb
.fd)
(/opt/homebrew/Cellar/texlive/20260301/share/texmf-dist/tex/latex/microtype/mt-
msb.cfg)
(/opt/homebrew/Cellar/texlive/20260301/share/texmf-dist/tex/latex/microtype/mt-
cmr.cfg) [3] [4]
(/Users/rob/dev/Presentation/ROB-Books/tmp/pdfs/volume-6-amber-dual-arm-robotic
s.toc [5]) [6]
(|texlua /Users/rob/dev/Presentation/ROB-Books/tmp/pdfs/volume-6-amber-dual-arm
-robotics.luabridge.lua)
(/Users/rob/dev/Presentation/ROB-Books/tmp/pdfs/_markdown_volume-6-amber-dual-a
rm-robotics/10d4f05988c5a7d150f01ff528b68a42.md.tex
Chapter 1.

Underfull \hbox (badness 2197) in paragraph at lines 5--5
[]\TU/AvenirNext(0)/b/n/10.95 SOURCE TRAIL — ANALYZING NOW: \TU/Menlo(0)/m/n/10
.95 AmberHomeFolder/amber/L-10/launch.json \TU/AvenirNext(0)/m/n/10.95 and

(/Users/rob/dev/Presentation/ROB-Books/tmp/pdfs/_markdown_volume-6-amber-dual-a
rm-robotics/99923fb453be3526787049c00682445f.verbatim) [1] [2]
Chapter 2.

(/Users/rob/dev/Presentation/ROB-Books/tmp/pdfs/_markdown_volume-6-amber-dual-a
rm-robotics/d3276e0785b71a8743233e0a4a787b62.verbatim)
(/Users/rob/dev/Presentation/ROB-Books/tmp/pdfs/_markdown_volume-6-amber-dual-a
rm-robotics/ec704a8c25a946b2c6071a454dd55670.verbatim) [3]
Chapter 3.
[4]
(/Users/rob/dev/Presentation/ROB-Books/tmp/pdfs/_markdown_volume-6-amber-dual-a
rm-robotics/ab5acdd5964bcc4fe3ef17df0a8977f2.verbatim) [5]
Chapter 4.

(/Users/rob/dev/Presentation/ROB-Books/tmp/pdfs/_markdown_volume-6-amber-dual-a
rm-robotics/f292067fa251e8098021e09b26da0e02.verbatim) [6]
Chapter 5.

(/Users/rob/dev/Presentation/ROB-Books/tmp/pdfs/_markdown_volume-6-amber-dual-a
rm-robotics/ff751083778f07712f5f42b8c45c1513.verbatim) [7]
Chapter 6.

(/Users/rob/dev/Presentation/ROB-Books/tmp/pdfs/_markdown_volume-6-amber-dual-a
rm-robotics/b8663b218a8318e4c0e3b06689634eba.verbatim)
(/Users/rob/dev/Presentation/ROB-Books/tmp/pdfs/_markdown_volume-6-amber-dual-a
rm-robotics/281d75d1ffe0f61959869d966fdba0e5.verbatim) [8]
Chapter 7.
[9] [10]
Chapter 8.
[11]
Chapter 9.

(/Users/rob/dev/Presentation/ROB-Books/tmp/pdfs/_markdown_volume-6-amber-dual-a
rm-robotics/8128f382f1de2717c4e0cf14f819b2f5.verbatim) [12] [13]
Chapter 10.

(/opt/homebrew/Cellar/texlive/20260301/share/texmf-dist/tex/latex/listings/lstl
ang1.sty)
(/Users/rob/dev/Presentation/ROB-Books/tmp/pdfs/_markdown_volume-6-amber-dual-a
rm-robotics/b41906f63cc360d28a0594874ea854bf.verbatim) [14]
Chapter 11.
[15] [16]
Chapter 12.
[17]
Chapter 13.

Underfull \hbox (badness 1117) in paragraph at lines 246--246
[]\TU/AvenirNext(0)/b/n/10.95 SOURCE TRAIL — ANALYZING NOW: \TU/AvenirNext(0)/m
/n/10.95 Cerebro has one AMBER V2 directory under
[18]
Chapter 14.
[19]
Chapter 15.
[20]
Chapter 16.
) [21] 
enddocument/afterlastpage (AED): lastpage setting LastPage.

(/Users/rob/dev/Presentation/ROB-Books/tmp/pdfs/volume-6-amber-dual-arm-robotic
s.aux) )
(see the transcript file for additional information)
Output written on /Users/rob/dev/Presentation/ROB-Books/tmp/pdfs/volume-6-amber
-dual-arm-robotics.xdv (27 pages, 593240 bytes).
Transcript written on /Users/rob/dev/Presentation/ROB-Books/tmp/pdfs/volume-6-a
mber-dual-arm-robotics.log.
Latexmk: Getting log file '/Users/rob/dev/Presentation/ROB-Books/tmp/pdfs/volume-6-amber-dual-arm-robotics.log'
Latexmk: Examining '/Users/rob/dev/Presentation/ROB-Books/tmp/pdfs/volume-6-amber-dual-arm-robotics.fls'
Latexmk: Examining '/Users/rob/dev/Presentation/ROB-Books/tmp/pdfs/volume-6-amber-dual-arm-robotics.log'
Latexmk: Log file says output to '/Users/rob/dev/Presentation/ROB-Books/tmp/pdfs/volume-6-amber-dual-arm-robotics.xdv'
Latexmk: Using bibtex to make bibliography file(s).
Latexmk: applying rule 'xdvipdfmx'...
Rule 'xdvipdfmx':  Reasons for rerun
Category 'other':
  Rerun of 'xdvipdfmx' forced or previously required:
    Reason or flag: 'go_mode'

------------
Run number 1 of rule 'xdvipdfmx'
------------
------------
Running 'xdvipdfmx -E -o "/Users/rob/dev/Presentation/ROB-Books/tmp/pdfs/volume-6-amber-dual-arm-robotics.pdf"  "/Users/rob/dev/Presentation/ROB-Books/tmp/pdfs/volume-6-amber-dual-arm-robotics.xdv"'
------------
/Users/rob/dev/Presentation/ROB-Books/tmp/pdfs/volume-6-amber-dual-arm-robotics.xdv -> /Users/rob/dev/Presentation/ROB-Books/tmp/pdfs/volume-6-amber-dual-arm-robotics.pdf
[1][2][3][4][5][6][7
xdvipdfmx:warning: Object @page.1 already defined.
][8
xdvipdfmx:warning: Object @page.2 already defined.
][9
xdvipdfmx:warning: Object @page.3 already defined.
][10
xdvipdfmx:warning: Object @page.4 already defined.
][11
xdvipdfmx:warning: Object @page.5 already defined.
][12
xdvipdfmx:warning: Object @page.6 already defined.
][13][14][15][16][17][18][19][20][21][22][23][24][25][26][27]
2873287 bytes written
Latexmk: All targets (/Users/rob/dev/Presentation/ROB-Books/tmp/pdfs/volume-6-amber-dual-arm-robotics.xdv /Users/rob/dev/Presentation/ROB-Books/tmp/pdfs/volume-6-amber-dual-arm-robotics.pdf) are up-to-date

Rc files read:
  NONE
Latexmk: This is Latexmk, John Collins, 15 June 2025. Version 4.87.
Force everything to be remade.
Latexmk: applying rule 'xelatex'...
Rule 'xelatex':  Reasons for rerun
Category 'other':
  Rerun of 'xelatex' forced or previously required:
    Reason or flag: 'go_mode'

------------
Run number 1 of rule 'xelatex'
------------
------------
Running 'xelatex -no-pdf -interaction=nonstopmode -halt-on-error -file-line-error -shell-escape -recorder -output-directory="/Users/rob/dev/Presentation/ROB-Books/tmp/pdfs"  "volume-7-engineering-robcontrollervision.tex"'
------------
This is XeTeX, Version 3.141592653-2.6-0.999998 (TeX Live 2026/Homebrew) (preloaded format=xelatex)
 \write18 enabled.
entering extended mode
(./volume-7-engineering-robcontrollervision.tex
LaTeX2e <2025-11-01>
L3 programming layer <2026-01-19>

(/opt/homebrew/Cellar/texlive/20260301/share/texmf-dist/tex/latex/base/book.cls
Document Class: book 2025/01/22 v1.4n Standard LaTeX document class

(/opt/homebrew/Cellar/texlive/20260301/share/texmf-dist/tex/latex/base/bk10.clo
)) (./robbook.sty
(/opt/homebrew/Cellar/texlive/20260301/share/texmf-dist/tex/latex/geometry/geom
etry.sty
(/opt/homebrew/Cellar/texlive/20260301/share/texmf-dist/tex/latex/graphics/keyv
al.sty)
(/opt/homebrew/Cellar/texlive/20260301/share/texmf-dist/tex/generic/iftex/ifvte
x.sty
(/opt/homebrew/Cellar/texlive/20260301/share/texmf-dist/tex/generic/iftex/iftex
.sty)))
(/opt/homebrew/Cellar/texlive/20260301/share/texmf-dist/tex/latex/fontspec/font
spec.sty
(/opt/homebrew/Cellar/texlive/20260301/share/texmf-dist/tex/latex/l3packages/xp
arse/xparse.sty
(/opt/homebrew/Cellar/texlive/20260301/share/texmf-dist/tex/latex/l3kernel/expl
3.sty
(/opt/homebrew/Cellar/texlive/20260301/share/texmf-dist/tex/latex/l3backend/l3b
ackend-xetex.def)))
(/opt/homebrew/Cellar/texlive/20260301/share/texmf-dist/tex/latex/fontspec/font
spec-xetex.sty
(/opt/homebrew/Cellar/texlive/20260301/share/texmf-dist/tex/latex/base/fontenc.
sty)
(/opt/homebrew/Cellar/texlive/20260301/share/texmf-dist/tex/latex/fontspec/font
spec.cfg)))
(/opt/homebrew/Cellar/texlive/20260301/share/texmf-dist/tex/latex/graphics/grap
hicx.sty
(/opt/homebrew/Cellar/texlive/20260301/share/texmf-dist/tex/latex/graphics/grap
hics.sty
(/opt/homebrew/Cellar/texlive/20260301/share/texmf-dist/tex/latex/graphics/trig
.sty)
(/opt/homebrew/Cellar/texlive/20260301/share/texmf-dist/tex/latex/graphics-cfg/
graphics.cfg)
(/opt/homebrew/Cellar/texlive/20260301/share/texmf-dist/tex/latex/graphics-def/
xetex.def)))
(/opt/homebrew/Cellar/texlive/20260301/share/texmf-dist/tex/latex/adjustbox/adj
ustbox.sty
(/opt/homebrew/Cellar/texlive/20260301/share/texmf-dist/tex/latex/xkeyval/xkeyv
al.sty
(/opt/homebrew/Cellar/texlive/20260301/share/texmf-dist/tex/generic/xkeyval/xke
yval.tex
(/opt/homebrew/Cellar/texlive/20260301/share/texmf-dist/tex/generic/xkeyval/xkv
utils.tex)))
(/opt/homebrew/Cellar/texlive/20260301/share/texmf-dist/tex/latex/adjustbox/adj
calc.sty)
(/opt/homebrew/Cellar/texlive/20260301/share/texmf-dist/tex/latex/adjustbox/tri
mclip.sty
(/opt/homebrew/Cellar/texlive/20260301/share/texmf-dist/tex/latex/collectbox/co
llectbox.sty)
(/opt/homebrew/Cellar/texlive/20260301/share/texmf-dist/tex/latex/adjustbox/tc-
xetex.def))
(/opt/homebrew/Cellar/texlive/20260301/share/texmf-dist/tex/latex/ifoddpage/ifo
ddpage.sty)
(/opt/homebrew/Cellar/texlive/20260301/share/texmf-dist/tex/latex/varwidth/varw
idth.sty)
==> First Aid for varwidth.sty applied!
)
(/opt/homebrew/Cellar/texlive/20260301/share/texmf-dist/tex/latex/pgf/frontendl
ayer/tikz.sty
(/opt/homebrew/Cellar/texlive/20260301/share/texmf-dist/tex/latex/pgf/basiclaye
r/pgf.sty
(/opt/homebrew/Cellar/texlive/20260301/share/texmf-dist/tex/latex/pgf/utilities
/pgfrcs.sty
(/opt/homebrew/Cellar/texlive/20260301/share/texmf-dist/tex/generic/pgf/utiliti
es/pgfutil-common.tex)
(/opt/homebrew/Cellar/texlive/20260301/share/texmf-dist/tex/generic/pgf/utiliti
es/pgfutil-latex.def)
(/opt/homebrew/Cellar/texlive/20260301/share/texmf-dist/tex/generic/pgf/utiliti
es/pgfrcs.code.tex
(/opt/homebrew/Cellar/texlive/20260301/share/texmf-dist/tex/generic/pgf/pgf.rev
ision.tex)))
(/opt/homebrew/Cellar/texlive/20260301/share/texmf-dist/tex/latex/pgf/basiclaye
r/pgfcore.sty
(/opt/homebrew/Cellar/texlive/20260301/share/texmf-dist/tex/latex/pgf/systemlay
er/pgfsys.sty
(/opt/homebrew/Cellar/texlive/20260301/share/texmf-dist/tex/generic/pgf/systeml
ayer/pgfsys.code.tex
(/opt/homebrew/Cellar/texlive/20260301/share/texmf-dist/tex/generic/pgf/utiliti
es/pgfkeys.code.tex
(/opt/homebrew/Cellar/texlive/20260301/share/texmf-dist/tex/generic/pgf/utiliti
es/pgfkeyslibraryfiltered.code.tex))
(/opt/homebrew/Cellar/texlive/20260301/share/texmf-dist/tex/generic/pgf/systeml
ayer/pgf.cfg)
(/opt/homebrew/Cellar/texlive/20260301/share/texmf-dist/tex/generic/pgf/systeml
ayer/pgfsys-xetex.def
(/opt/homebrew/Cellar/texlive/20260301/share/texmf-dist/tex/generic/pgf/systeml
ayer/pgfsys-dvipdfmx.def
(/opt/homebrew/Cellar/texlive/20260301/share/texmf-dist/tex/generic/pgf/systeml
ayer/pgfsys-common-pdf.def))))
(/opt/homebrew/Cellar/texlive/20260301/share/texmf-dist/tex/generic/pgf/systeml
ayer/pgfsyssoftpath.code.tex)
(/opt/homebrew/Cellar/texlive/20260301/share/texmf-dist/tex/generic/pgf/systeml
ayer/pgfsysprotocol.code.tex))
(/opt/homebrew/Cellar/texlive/20260301/share/texmf-dist/tex/latex/xcolor/xcolor
.sty
(/opt/homebrew/Cellar/texlive/20260301/share/texmf-dist/tex/latex/graphics-cfg/
color.cfg)
(/opt/homebrew/Cellar/texlive/20260301/share/texmf-dist/tex/latex/graphics/math
color.ltx))
(/opt/homebrew/Cellar/texlive/20260301/share/texmf-dist/tex/generic/pgf/basicla
yer/pgfcore.code.tex
(/opt/homebrew/Cellar/texlive/20260301/share/texmf-dist/tex/generic/pgf/math/pg
fmath.code.tex
(/opt/homebrew/Cellar/texlive/20260301/share/texmf-dist/tex/generic/pgf/math/pg
fmathutil.code.tex)
(/opt/homebrew/Cellar/texlive/20260301/share/texmf-dist/tex/generic/pgf/math/pg
fmathparser.code.tex)
(/opt/homebrew/Cellar/texlive/20260301/share/texmf-dist/tex/generic/pgf/math/pg
fmathfunctions.code.tex)
(/opt/homebrew/Cellar/texlive/20260301/share/texmf-dist/tex/generic/pgf/math/pg
fmathfunctions.basic.code.tex)
(/opt/homebrew/Cellar/texlive/20260301/share/texmf-dist/tex/generic/pgf/math/pg
fmathfunctions.trigonometric.code.tex)
(/opt/homebrew/Cellar/texlive/20260301/share/texmf-dist/tex/generic/pgf/math/pg
fmathfunctions.random.code.tex)
(/opt/homebrew/Cellar/texlive/20260301/share/texmf-dist/tex/generic/pgf/math/pg
fmathfunctions.comparison.code.tex)
(/opt/homebrew/Cellar/texlive/20260301/share/texmf-dist/tex/generic/pgf/math/pg
fmathfunctions.base.code.tex)
(/opt/homebrew/Cellar/texlive/20260301/share/texmf-dist/tex/generic/pgf/math/pg
fmathfunctions.round.code.tex)
(/opt/homebrew/Cellar/texlive/20260301/share/texmf-dist/tex/generic/pgf/math/pg
fmathfunctions.misc.code.tex)
(/opt/homebrew/Cellar/texlive/20260301/share/texmf-dist/tex/generic/pgf/math/pg
fmathfunctions.integerarithmetics.code.tex)
(/opt/homebrew/Cellar/texlive/20260301/share/texmf-dist/tex/generic/pgf/math/pg
fmathcalc.code.tex)
(/opt/homebrew/Cellar/texlive/20260301/share/texmf-dist/tex/generic/pgf/math/pg
fmathfloat.code.tex))
(/opt/homebrew/Cellar/texlive/20260301/share/texmf-dist/tex/generic/pgf/math/pg
fint.code.tex)
(/opt/homebrew/Cellar/texlive/20260301/share/texmf-dist/tex/generic/pgf/basicla
yer/pgfcorepoints.code.tex)
(/opt/homebrew/Cellar/texlive/20260301/share/texmf-dist/tex/generic/pgf/basicla
yer/pgfcorepathconstruct.code.tex)
(/opt/homebrew/Cellar/texlive/20260301/share/texmf-dist/tex/generic/pgf/basicla
yer/pgfcorepathusage.code.tex)
(/opt/homebrew/Cellar/texlive/20260301/share/texmf-dist/tex/generic/pgf/basicla
yer/pgfcorescopes.code.tex)
(/opt/homebrew/Cellar/texlive/20260301/share/texmf-dist/tex/generic/pgf/basicla
yer/pgfcoregraphicstate.code.tex)
(/opt/homebrew/Cellar/texlive/20260301/share/texmf-dist/tex/generic/pgf/basicla
yer/pgfcoretransformations.code.tex)
(/opt/homebrew/Cellar/texlive/20260301/share/texmf-dist/tex/generic/pgf/basicla
yer/pgfcorequick.code.tex)
(/opt/homebrew/Cellar/texlive/20260301/share/texmf-dist/tex/generic/pgf/basicla
yer/pgfcoreobjects.code.tex)
(/opt/homebrew/Cellar/texlive/20260301/share/texmf-dist/tex/generic/pgf/basicla
yer/pgfcorepathprocessing.code.tex)
(/opt/homebrew/Cellar/texlive/20260301/share/texmf-dist/tex/generic/pgf/basicla
yer/pgfcorearrows.code.tex)
(/opt/homebrew/Cellar/texlive/20260301/share/texmf-dist/tex/generic/pgf/basicla
yer/pgfcoreshade.code.tex)
(/opt/homebrew/Cellar/texlive/20260301/share/texmf-dist/tex/generic/pgf/basicla
yer/pgfcoreimage.code.tex)
(/opt/homebrew/Cellar/texlive/20260301/share/texmf-dist/tex/generic/pgf/basicla
yer/pgfcoreexternal.code.tex)
(/opt/homebrew/Cellar/texlive/20260301/share/texmf-dist/tex/generic/pgf/basicla
yer/pgfcorelayers.code.tex)
(/opt/homebrew/Cellar/texlive/20260301/share/texmf-dist/tex/generic/pgf/basicla
yer/pgfcoretransparency.code.tex)
(/opt/homebrew/Cellar/texlive/20260301/share/texmf-dist/tex/generic/pgf/basicla
yer/pgfcorepatterns.code.tex)
(/opt/homebrew/Cellar/texlive/20260301/share/texmf-dist/tex/generic/pgf/basicla
yer/pgfcorerdf.code.tex)))
(/opt/homebrew/Cellar/texlive/20260301/share/texmf-dist/tex/generic/pgf/modules
/pgfmoduleshapes.code.tex)
(/opt/homebrew/Cellar/texlive/20260301/share/texmf-dist/tex/generic/pgf/modules
/pgfmoduleplot.code.tex)
(/opt/homebrew/Cellar/texlive/20260301/share/texmf-dist/tex/latex/pgf/compatibi
lity/pgfcomp-version-0-65.sty)
(/opt/homebrew/Cellar/texlive/20260301/share/texmf-dist/tex/latex/pgf/compatibi
lity/pgfcomp-version-1-18.sty))
(/opt/homebrew/Cellar/texlive/20260301/share/texmf-dist/tex/latex/pgf/utilities
/pgffor.sty
(/opt/homebrew/Cellar/texlive/20260301/share/texmf-dist/tex/latex/pgf/utilities
/pgfkeys.sty
(/opt/homebrew/Cellar/texlive/20260301/share/texmf-dist/tex/generic/pgf/utiliti
es/pgfkeys.code.tex))
(/opt/homebrew/Cellar/texlive/20260301/share/texmf-dist/tex/latex/pgf/math/pgfm
ath.sty
(/opt/homebrew/Cellar/texlive/20260301/share/texmf-dist/tex/generic/pgf/math/pg
fmath.code.tex))
(/opt/homebrew/Cellar/texlive/20260301/share/texmf-dist/tex/generic/pgf/utiliti
es/pgffor.code.tex))
(/opt/homebrew/Cellar/texlive/20260301/share/texmf-dist/tex/generic/pgf/fronten
dlayer/tikz/tikz.code.tex
(/opt/homebrew/Cellar/texlive/20260301/share/texmf-dist/tex/generic/pgf/librari
es/pgflibraryplothandlers.code.tex)
(/opt/homebrew/Cellar/texlive/20260301/share/texmf-dist/tex/generic/pgf/modules
/pgfmodulematrix.code.tex)
(/opt/homebrew/Cellar/texlive/20260301/share/texmf-dist/tex/generic/pgf/fronten
dlayer/tikz/libraries/tikzlibrarytopaths.code.tex)))
(/opt/homebrew/Cellar/texlive/20260301/share/texmf-dist/tex/generic/pgf/fronten
dlayer/tikz/libraries/tikzlibrarypositioning.code.tex)
(/opt/homebrew/Cellar/texlive/20260301/share/texmf-dist/tex/generic/pgf/fronten
dlayer/tikz/libraries/tikzlibrarycalc.code.tex)
(/opt/homebrew/Cellar/texlive/20260301/share/texmf-dist/tex/latex/tcolorbox/tco
lorbox.sty
(/opt/homebrew/Cellar/texlive/20260301/share/texmf-dist/tex/latex/tools/verbati
m.sty)
(/opt/homebrew/Cellar/texlive/20260301/share/texmf-dist/tex/latex/environ/envir
on.sty
(/opt/homebrew/Cellar/texlive/20260301/share/texmf-dist/tex/latex/trimspaces/tr
imspaces.sty))
(/opt/homebrew/Cellar/texlive/20260301/share/texmf-dist/tex/latex/etoolbox/etoo
lbox.sty)
(/opt/homebrew/Cellar/texlive/20260301/share/texmf-dist/tex/latex/tcolorbox/tcb
raster.code.tex
Library (tcolorbox): 'tcbraster.code.tex' version '6.9.0'
)
(/opt/homebrew/Cellar/texlive/20260301/share/texmf-dist/tex/latex/tcolorbox/tcb
skins.code.tex
Library (tcolorbox): 'tcbskins.code.tex' version '6.9.0'

(/opt/homebrew/Cellar/texlive/20260301/share/texmf-dist/tex/latex/tikzfill/tikz
fill.image.sty
(/opt/homebrew/Cellar/texlive/20260301/share/texmf-dist/tex/latex/tikzfill/tikz
fill-common.sty)
(/opt/homebrew/Cellar/texlive/20260301/share/texmf-dist/tex/latex/tikzfill/tikz
libraryfill.image.code.tex))
(/opt/homebrew/Cellar/texlive/20260301/share/texmf-dist/tex/latex/tcolorbox/tcb
skinsjigsaw.code.tex
Library (tcolorbox): 'tcbskinsjigsaw.code.tex' version '6.9.0'
))
(/opt/homebrew/Cellar/texlive/20260301/share/texmf-dist/tex/latex/tcolorbox/tcb
breakable.code.tex
Library (tcolorbox): 'tcbbreakable.code.tex' version '6.9.0'

(/opt/homebrew/Cellar/texlive/20260301/share/texmf-dist/tex/latex/pdfcol/pdfcol
.sty
(/opt/homebrew/Cellar/texlive/20260301/share/texmf-dist/tex/generic/ltxcmds/ltx
cmds.sty)
(/opt/homebrew/Cellar/texlive/20260301/share/texmf-dist/tex/generic/infwarerr/i
nfwarerr.sty)))
(/opt/homebrew/Cellar/texlive/20260301/share/texmf-dist/tex/latex/tcolorbox/tcb
hooks.code.tex
Library (tcolorbox): 'tcbhooks.code.tex' version '6.9.0'
)
(/opt/homebrew/Cellar/texlive/20260301/share/texmf-dist/tex/latex/tcolorbox/tcb
theorems.code.tex
Library (tcolorbox): 'tcbtheorems.code.tex' version '6.9.0'

(/opt/homebrew/Cellar/texlive/20260301/share/texmf-dist/tex/latex/amsmath/amsma
th.sty
For additional information on amsmath, use the `?' option.

(/opt/homebrew/Cellar/texlive/20260301/share/texmf-dist/tex/latex/amsmath/amste
xt.sty
(/opt/homebrew/Cellar/texlive/20260301/share/texmf-dist/tex/latex/amsmath/amsge
n.sty))
(/opt/homebrew/Cellar/texlive/20260301/share/texmf-dist/tex/latex/amsmath/amsbs
y.sty)
(/opt/homebrew/Cellar/texlive/20260301/share/texmf-dist/tex/latex/amsmath/amsop
n.sty)))
(/opt/homebrew/Cellar/texlive/20260301/share/texmf-dist/tex/latex/tcolorbox/tcb
fitting.code.tex
Library (tcolorbox): 'tcbfitting.code.tex' version '6.9.0'
)
(/opt/homebrew/Cellar/texlive/20260301/share/texmf-dist/tex/latex/tcolorbox/tcb
listingsutf8.code.tex
Library (tcolorbox): 'tcblistingsutf8.code.tex' version '6.9.0'

(/opt/homebrew/Cellar/texlive/20260301/share/texmf-dist/tex/latex/tcolorbox/tcb
listings.code.tex
Library (tcolorbox): 'tcblistings.code.tex' version '6.9.0'

(/opt/homebrew/Cellar/texlive/20260301/share/texmf-dist/tex/latex/listings/list
ings.sty
(/opt/homebrew/Cellar/texlive/20260301/share/texmf-dist/tex/latex/listings/lstp
atch.sty)
(/opt/homebrew/Cellar/texlive/20260301/share/texmf-dist/tex/latex/listings/lstm
isc.sty)
(/opt/homebrew/Cellar/texlive/20260301/share/texmf-dist/tex/latex/listings/list
ings.cfg))
==> First Aid for listings.sty no longer applied!
    Expected:
        2024/09/23 1.10c (Carsten Heinz)
    but found:
        2025/11/14 1.11b (Carsten Heinz)
    so I'm assuming it got fixed.

(/opt/homebrew/Cellar/texlive/20260301/share/texmf-dist/tex/latex/tcolorbox/tcb
listingscore.code.tex
Library (tcolorbox): 'tcblistingscore.code.tex' version '6.9.0'

(/opt/homebrew/Cellar/texlive/20260301/share/texmf-dist/tex/latex/tcolorbox/tcb
processing.code.tex
Library (tcolorbox): 'tcbprocessing.code.tex' version '6.9.0'
))))
(/opt/homebrew/Cellar/texlive/20260301/share/texmf-dist/tex/latex/tcolorbox/tcb
external.code.tex
Library (tcolorbox): 'tcbexternal.code.tex' version '6.9.0'
)
(/opt/homebrew/Cellar/texlive/20260301/share/texmf-dist/tex/latex/tcolorbox/tcb
magazine.code.tex
Library (tcolorbox): 'tcbmagazine.code.tex' version '6.9.0'
)
(/opt/homebrew/Cellar/texlive/20260301/share/texmf-dist/tex/latex/tcolorbox/tcb
vignette.code.tex
Library (tcolorbox): 'tcbvignette.code.tex' version '6.9.0'

(/opt/homebrew/Cellar/texlive/20260301/share/texmf-dist/tex/generic/pgf/fronten
dlayer/tikz/libraries/tikzlibraryfadings.code.tex
(/opt/homebrew/Cellar/texlive/20260301/share/texmf-dist/tex/generic/pgf/librari
es/pgflibraryfadings.code.tex)))
(/opt/homebrew/Cellar/texlive/20260301/share/texmf-dist/tex/latex/tcolorbox/tcb
poster.code.tex
Library (tcolorbox): 'tcbposter.code.tex' version '6.9.0'
))
(/opt/homebrew/Cellar/texlive/20260301/share/texmf-dist/tex/latex/tools/tabular
x.sty
(/opt/homebrew/Cellar/texlive/20260301/share/texmf-dist/tex/latex/tools/array.s
ty))
(/opt/homebrew/Cellar/texlive/20260301/share/texmf-dist/tex/latex/booktabs/book
tabs.sty)
(/opt/homebrew/Cellar/texlive/20260301/share/texmf-dist/tex/latex/enumitem/enum
item.sty)
(/opt/homebrew/Cellar/texlive/20260301/share/texmf-dist/tex/latex/fancyhdr/fanc
yhdr.sty)
(/opt/homebrew/Cellar/texlive/20260301/share/texmf-dist/tex/latex/titlesec/titl
esec.sty)
(/opt/homebrew/Cellar/texlive/20260301/share/texmf-dist/tex/latex/hyperref/hype
rref.sty
(/opt/homebrew/Cellar/texlive/20260301/share/texmf-dist/tex/latex/kvsetkeys/kvs
etkeys.sty)
(/opt/homebrew/Cellar/texlive/20260301/share/texmf-dist/tex/generic/kvdefinekey
s/kvdefinekeys.sty)
(/opt/homebrew/Cellar/texlive/20260301/share/texmf-dist/tex/generic/pdfescape/p
dfescape.sty
(/opt/homebrew/Cellar/texlive/20260301/share/texmf-dist/tex/generic/pdftexcmds/
pdftexcmds.sty))
(/opt/homebrew/Cellar/texlive/20260301/share/texmf-dist/tex/latex/hycolor/hycol
or.sty)
(/opt/homebrew/Cellar/texlive/20260301/share/texmf-dist/tex/latex/hyperref/name
ref.sty
(/opt/homebrew/Cellar/texlive/20260301/share/texmf-dist/tex/latex/refcount/refc
ount.sty)
(/opt/homebrew/Cellar/texlive/20260301/share/texmf-dist/tex/generic/gettitlestr
ing/gettitlestring.sty
(/opt/homebrew/Cellar/texlive/20260301/share/texmf-dist/tex/latex/kvoptions/kvo
ptions.sty)))
(/opt/homebrew/Cellar/texlive/20260301/share/texmf-dist/tex/generic/stringenc/s
tringenc.sty)
(/opt/homebrew/Cellar/texlive/20260301/share/texmf-dist/tex/latex/hyperref/pd1e
nc.def)
(/opt/homebrew/Cellar/texlive/20260301/share/texmf-dist/tex/generic/intcalc/int
calc.sty)
(/opt/homebrew/Cellar/texlive/20260301/share/texmf-dist/tex/latex/hyperref/puen
c.def)
(/opt/homebrew/Cellar/texlive/20260301/share/texmf-dist/tex/latex/url/url.sty)
(/opt/homebrew/Cellar/texlive/20260301/share/texmf-dist/tex/generic/bitset/bits
et.sty
(/opt/homebrew/Cellar/texlive/20260301/share/texmf-dist/tex/generic/bigintcalc/
bigintcalc.sty)))
(/opt/homebrew/Cellar/texlive/20260301/share/texmf-dist/tex/latex/hyperref/hxet
ex.def
(/opt/homebrew/Cellar/texlive/20260301/share/texmf-dist/tex/latex/rerunfilechec
k/rerunfilecheck.sty
(/opt/homebrew/Cellar/texlive/20260301/share/texmf-dist/tex/generic/uniquecount
er/uniquecounter.sty)))
(/opt/homebrew/Cellar/texlive/20260301/share/texmf-dist/tex/latex/microtype/mic
rotype.sty
(/opt/homebrew/Cellar/texlive/20260301/share/texmf-dist/tex/latex/microtype/mic
rotype-xetex.def)
(/opt/homebrew/Cellar/texlive/20260301/share/texmf-dist/tex/latex/microtype/mic
rotype.cfg))
(/opt/homebrew/Cellar/texlive/20260301/share/texmf-dist/tex/latex/setspace/sets
pace.sty)
(/opt/homebrew/Cellar/texlive/20260301/share/texmf-dist/tex/latex/caption/capti
on.sty
(/opt/homebrew/Cellar/texlive/20260301/share/texmf-dist/tex/latex/caption/capti
on3.sty))
(/opt/homebrew/Cellar/texlive/20260301/share/texmf-dist/tex/latex/tools/multico
l.sty)
(/opt/homebrew/Cellar/texlive/20260301/share/texmf-dist/tex/latex/ragged2e/ragg
ed2e.sty)
(/opt/homebrew/Cellar/texlive/20260301/share/texmf-dist/tex/latex/base/ifthen.s
ty)
(/opt/homebrew/Cellar/texlive/20260301/share/texmf-dist/tex/latex/lastpage/last
page.sty
(/opt/homebrew/Cellar/texlive/20260301/share/texmf-dist/tex/latex/lastpage/last
page2e.sty
(/opt/homebrew/Cellar/texlive/20260301/share/texmf-dist/tex/latex/lastpage/last
pagemodern.sty) 
)))
(/opt/homebrew/Cellar/texlive/20260301/share/texmf-dist/tex/latex/markdown/mark
down.sty
(/opt/homebrew/Cellar/texlive/20260301/share/texmf-dist/tex/generic/markdown/ma
rkdown.tex
(/opt/homebrew/Cellar/texlive/20260301/share/texmf-dist/tex/generic/lt3luabridg
e/lt3luabridge.tex))
(|TEXMF_OUTPUT_DIRECTORY=${TEXMF_OUTPUT_DIRECTORY:-.}
texlua $TEXMF_OUTPUT_DIRECTORY/volume-7-engineering-robcontrollervision.luabrid
ge.lua))
(/opt/homebrew/Cellar/texlive/20260301/share/texmf-dist/tex/latex/markdown/mark
downthemewitiko_markdown_defaults.sty
(/opt/homebrew/Cellar/texlive/20260301/share/texmf-dist/tex/generic/markdown/ma
rkdownthemewitiko_markdown_defaults.tex)
(/opt/homebrew/Cellar/texlive/20260301/share/texmf-dist/tex/latex/amsfonts/amss
ymb.sty
(/opt/homebrew/Cellar/texlive/20260301/share/texmf-dist/tex/latex/amsfonts/amsf
onts.sty))
(/opt/homebrew/Cellar/texlive/20260301/share/texmf-dist/tex/latex/csvsimple/csv
simple.sty)
(/opt/homebrew/Cellar/texlive/20260301/share/texmf-dist/tex/latex/csvsimple/csv
simple-legacy.sty
(/opt/homebrew/Cellar/texlive/20260301/share/texmf-dist/tex/latex/tools/shelles
c.sty))
(/opt/homebrew/Cellar/texlive/20260301/share/texmf-dist/tex/latex/fancyvrb/fanc
yvrb.sty)
(/opt/homebrew/Cellar/texlive/20260301/share/texmf-dist/tex/generic/soul/soul.s
ty
(/opt/homebrew/Cellar/texlive/20260301/share/texmf-dist/tex/generic/soul/soul-o
ri.sty)
(/opt/homebrew/Cellar/texlive/20260301/share/texmf-dist/tex/generic/etexcmds/et
excmds.sty)))
(/Users/rob/dev/Presentation/ROB-Books/tmp/pdfs/volume-7-engineering-robcontrol
lervision.aux)
*geometry* driver: auto-detecting
*geometry* detected driver: xetex

(/Users/rob/dev/Presentation/ROB-Books/tmp/pdfs/volume-7-engineering-robcontrol
lervision.out)
(/Users/rob/dev/Presentation/ROB-Books/tmp/pdfs/volume-7-engineering-robcontrol
lervision.out)

Package microtype Warning: Unable to apply patch `footnote' on input line 30.


Underfull \hbox (badness 10000) in paragraph at lines 32--32
[]\TU/Futura(0)/b/n/33 ENGINEERING ROBCon- 
[1] [2]
(/opt/homebrew/Cellar/texlive/20260301/share/texmf-dist/tex/latex/amsfonts/umsa
.fd)
(/opt/homebrew/Cellar/texlive/20260301/share/texmf-dist/tex/latex/microtype/mt-
msa.cfg)
(/opt/homebrew/Cellar/texlive/20260301/share/texmf-dist/tex/latex/amsfonts/umsb
.fd)
(/opt/homebrew/Cellar/texlive/20260301/share/texmf-dist/tex/latex/microtype/mt-
msb.cfg)
(/opt/homebrew/Cellar/texlive/20260301/share/texmf-dist/tex/latex/microtype/mt-
cmr.cfg) [3]
(/Users/rob/dev/Presentation/ROB-Books/tmp/pdfs/volume-7-engineering-robcontrol
lervision.toc [4]) [5] [6]
(|texlua /Users/rob/dev/Presentation/ROB-Books/tmp/pdfs/volume-7-engineering-ro
bcontrollervision.luabridge.lua)
(/Users/rob/dev/Presentation/ROB-Books/tmp/pdfs/_markdown_volume-7-engineering-
robcontrollervision/d0be003a77f9eb987fa9b36a54719e42.md.tex
Chapter 1.

(/Users/rob/dev/Presentation/ROB-Books/tmp/pdfs/_markdown_volume-7-engineering-
robcontrollervision/7f769449b193716cad5d4cdcebae69ef.verbatim)
Underfull \hbox (badness 3098) in paragraph at lines 8--8
[]\TU/AvenirNext(0)/b/n/10 SOURCE TRAIL — ANALYZING NOW: \TU/Menlo(0)/m/n/10 RO
BControllerVision/README.md\TU/AvenirNext(0)/m/n/10 , \TU/Menlo(0)/m/n/10 docs/
architecture.md\TU/AvenirNext(0)/m/n/10 ,
[1]
Chapter 2.

(/Users/rob/dev/Presentation/ROB-Books/tmp/pdfs/_markdown_volume-7-engineering-
robcontrollervision/1b22a8418d98ff5200d384f6d955bf3f.verbatim) [2]
Chapter 3.

(/Users/rob/dev/Presentation/ROB-Books/tmp/pdfs/_markdown_volume-7-engineering-
robcontrollervision/28897375eb9f1e70ebaeaab37201a586.verbatim) [3]
Chapter 4.

(/Users/rob/dev/Presentation/ROB-Books/tmp/pdfs/_markdown_volume-7-engineering-
robcontrollervision/ae6f2a153cc22cd0cc576af067dcbc87.verbatim) [4]
Chapter 5.

(/Users/rob/dev/Presentation/ROB-Books/tmp/pdfs/_markdown_volume-7-engineering-
robcontrollervision/909804e9fed985036c6c23fdb92d85c7.verbatim) [5]
Chapter 6.

(/Users/rob/dev/Presentation/ROB-Books/tmp/pdfs/_markdown_volume-7-engineering-
robcontrollervision/82daa9252cf02050d6b8ec9733168348.verbatim) [6]
Chapter 7.
[7]
Chapter 8.
[8]
Chapter 9.
[9]
Chapter 10.

(/Users/rob/dev/Presentation/ROB-Books/tmp/pdfs/_markdown_volume-7-engineering-
robcontrollervision/05f796e05701d711cc87a227fdc3042c.verbatim) [10]
Chapter 11.

(/Users/rob/dev/Presentation/ROB-Books/tmp/pdfs/_markdown_volume-7-engineering-
robcontrollervision/6d8a891e0cb04da1dd435237c4279b5c.verbatim) [11]
Chapter 12.
[12]
Chapter 13.
[13]
Chapter 14.
[14]
Chapter 15.
[15]
Chapter 16.
[16]
Chapter 17.
[17]
Chapter 18.
[18]
Chapter 19.
[19]
Chapter 20.
[20]
Chapter 21.

(/Users/rob/dev/Presentation/ROB-Books/tmp/pdfs/_markdown_volume-7-engineering-
robcontrollervision/07863ce618c98eddcb6ebe0d43309a35.verbatim)
(/Users/rob/dev/Presentation/ROB-Books/tmp/pdfs/_markdown_volume-7-engineering-
robcontrollervision/4a926fd75e560be3b27f1c39b3bdc218.verbatim) [21]
Chapter 22.
[22]
Chapter 23.
[23]
Chapter 24.
[24]
Chapter 25.

(/Users/rob/dev/Presentation/ROB-Books/tmp/pdfs/_markdown_volume-7-engineering-
robcontrollervision/327fc9210acb78827dfdba812794d8f4.verbatim) [25]
Chapter 26.
[26]
Chapter 27.
[27]
Chapter 28.
[28]
Chapter 29.

(/Users/rob/dev/Presentation/ROB-Books/tmp/pdfs/_markdown_volume-7-engineering-
robcontrollervision/a3fea1fec3880823e941c1b2ad239d6a.verbatim) [29]
Chapter 30.
) [30] 
enddocument/afterlastpage (AED): lastpage setting LastPage.

(/Users/rob/dev/Presentation/ROB-Books/tmp/pdfs/volume-7-engineering-robcontrol
lervision.aux) )
(see the transcript file for additional information)
Output written on /Users/rob/dev/Presentation/ROB-Books/tmp/pdfs/volume-7-engin
eering-robcontrollervision.xdv (36 pages, 646228 bytes).
Transcript written on /Users/rob/dev/Presentation/ROB-Books/tmp/pdfs/volume-7-e
ngineering-robcontrollervision.log.
Latexmk: Getting log file '/Users/rob/dev/Presentation/ROB-Books/tmp/pdfs/volume-7-engineering-robcontrollervision.log'
Latexmk: Examining '/Users/rob/dev/Presentation/ROB-Books/tmp/pdfs/volume-7-engineering-robcontrollervision.fls'
Latexmk: Examining '/Users/rob/dev/Presentation/ROB-Books/tmp/pdfs/volume-7-engineering-robcontrollervision.log'
Latexmk: Log file says output to '/Users/rob/dev/Presentation/ROB-Books/tmp/pdfs/volume-7-engineering-robcontrollervision.xdv'
Latexmk: Using bibtex to make bibliography file(s).
Latexmk: applying rule 'xdvipdfmx'...
Rule 'xdvipdfmx':  Reasons for rerun
Category 'other':
  Rerun of 'xdvipdfmx' forced or previously required:
    Reason or flag: 'go_mode'

------------
Run number 1 of rule 'xdvipdfmx'
------------
------------
Running 'xdvipdfmx -E -o "/Users/rob/dev/Presentation/ROB-Books/tmp/pdfs/volume-7-engineering-robcontrollervision.pdf"  "/Users/rob/dev/Presentation/ROB-Books/tmp/pdfs/volume-7-engineering-robcontrollervision.xdv"'
------------
/Users/rob/dev/Presentation/ROB-Books/tmp/pdfs/volume-7-engineering-robcontrollervision.xdv -> /Users/rob/dev/Presentation/ROB-Books/tmp/pdfs/volume-7-engineering-robcontrollervision.pdf
[1][2][3][4][5][6][7
xdvipdfmx:warning: Object @page.1 already defined.
][8
xdvipdfmx:warning: Object @page.2 already defined.
][9
xdvipdfmx:warning: Object @page.3 already defined.
][10
xdvipdfmx:warning: Object @page.4 already defined.
][11
xdvipdfmx:warning: Object @page.5 already defined.
][12
xdvipdfmx:warning: Object @page.6 already defined.
][13][14][15][16][17][18][19][20][21][22][23][24][25][26][27][28][29][30][31][32][33][34][35][36]
2986909 bytes written
Latexmk: All targets (/Users/rob/dev/Presentation/ROB-Books/tmp/pdfs/volume-7-engineering-robcontrollervision.xdv /Users/rob/dev/Presentation/ROB-Books/tmp/pdfs/volume-7-engineering-robcontrollervision.pdf) are up-to-date

Rc files read:
  NONE
Latexmk: This is Latexmk, John Collins, 15 June 2025. Version 4.87.
No existing .aux file, so I'll make a simple one, and require run of *latex.
Force everything to be remade.
Latexmk: applying rule 'xelatex'...
Rule 'xelatex':  Reasons for rerun
Category 'other':
  Rerun of 'xelatex' forced or previously required:
    Reason or flag: 'go_mode'

------------
Run number 1 of rule 'xelatex'
------------
------------
Running 'xelatex -no-pdf -interaction=nonstopmode -halt-on-error -file-line-error -shell-escape -recorder -output-directory="/Users/rob/dev/Presentation/ROB-Books/tmp/pdfs"  "volume-8-engineering-cerebro.tex"'
------------
This is XeTeX, Version 3.141592653-2.6-0.999998 (TeX Live 2026/Homebrew) (preloaded format=xelatex)
 \write18 enabled.
entering extended mode
(./volume-8-engineering-cerebro.tex
LaTeX2e <2025-11-01>
L3 programming layer <2026-01-19>

(/opt/homebrew/Cellar/texlive/20260301/share/texmf-dist/tex/latex/base/book.cls
Document Class: book 2025/01/22 v1.4n Standard LaTeX document class

(/opt/homebrew/Cellar/texlive/20260301/share/texmf-dist/tex/latex/base/bk10.clo
)) (./robbook.sty
(/opt/homebrew/Cellar/texlive/20260301/share/texmf-dist/tex/latex/geometry/geom
etry.sty
(/opt/homebrew/Cellar/texlive/20260301/share/texmf-dist/tex/latex/graphics/keyv
al.sty)
(/opt/homebrew/Cellar/texlive/20260301/share/texmf-dist/tex/generic/iftex/ifvte
x.sty
(/opt/homebrew/Cellar/texlive/20260301/share/texmf-dist/tex/generic/iftex/iftex
.sty)))
(/opt/homebrew/Cellar/texlive/20260301/share/texmf-dist/tex/latex/fontspec/font
spec.sty
(/opt/homebrew/Cellar/texlive/20260301/share/texmf-dist/tex/latex/l3packages/xp
arse/xparse.sty
(/opt/homebrew/Cellar/texlive/20260301/share/texmf-dist/tex/latex/l3kernel/expl
3.sty
(/opt/homebrew/Cellar/texlive/20260301/share/texmf-dist/tex/latex/l3backend/l3b
ackend-xetex.def)))
(/opt/homebrew/Cellar/texlive/20260301/share/texmf-dist/tex/latex/fontspec/font
spec-xetex.sty
(/opt/homebrew/Cellar/texlive/20260301/share/texmf-dist/tex/latex/base/fontenc.
sty)
(/opt/homebrew/Cellar/texlive/20260301/share/texmf-dist/tex/latex/fontspec/font
spec.cfg)))
(/opt/homebrew/Cellar/texlive/20260301/share/texmf-dist/tex/latex/graphics/grap
hicx.sty
(/opt/homebrew/Cellar/texlive/20260301/share/texmf-dist/tex/latex/graphics/grap
hics.sty
(/opt/homebrew/Cellar/texlive/20260301/share/texmf-dist/tex/latex/graphics/trig
.sty)
(/opt/homebrew/Cellar/texlive/20260301/share/texmf-dist/tex/latex/graphics-cfg/
graphics.cfg)
(/opt/homebrew/Cellar/texlive/20260301/share/texmf-dist/tex/latex/graphics-def/
xetex.def)))
(/opt/homebrew/Cellar/texlive/20260301/share/texmf-dist/tex/latex/adjustbox/adj
ustbox.sty
(/opt/homebrew/Cellar/texlive/20260301/share/texmf-dist/tex/latex/xkeyval/xkeyv
al.sty
(/opt/homebrew/Cellar/texlive/20260301/share/texmf-dist/tex/generic/xkeyval/xke
yval.tex
(/opt/homebrew/Cellar/texlive/20260301/share/texmf-dist/tex/generic/xkeyval/xkv
utils.tex)))
(/opt/homebrew/Cellar/texlive/20260301/share/texmf-dist/tex/latex/adjustbox/adj
calc.sty)
(/opt/homebrew/Cellar/texlive/20260301/share/texmf-dist/tex/latex/adjustbox/tri
mclip.sty
(/opt/homebrew/Cellar/texlive/20260301/share/texmf-dist/tex/latex/collectbox/co
llectbox.sty)
(/opt/homebrew/Cellar/texlive/20260301/share/texmf-dist/tex/latex/adjustbox/tc-
xetex.def))
(/opt/homebrew/Cellar/texlive/20260301/share/texmf-dist/tex/latex/ifoddpage/ifo
ddpage.sty)
(/opt/homebrew/Cellar/texlive/20260301/share/texmf-dist/tex/latex/varwidth/varw
idth.sty)
==> First Aid for varwidth.sty applied!
)
(/opt/homebrew/Cellar/texlive/20260301/share/texmf-dist/tex/latex/pgf/frontendl
ayer/tikz.sty
(/opt/homebrew/Cellar/texlive/20260301/share/texmf-dist/tex/latex/pgf/basiclaye
r/pgf.sty
(/opt/homebrew/Cellar/texlive/20260301/share/texmf-dist/tex/latex/pgf/utilities
/pgfrcs.sty
(/opt/homebrew/Cellar/texlive/20260301/share/texmf-dist/tex/generic/pgf/utiliti
es/pgfutil-common.tex)
(/opt/homebrew/Cellar/texlive/20260301/share/texmf-dist/tex/generic/pgf/utiliti
es/pgfutil-latex.def)
(/opt/homebrew/Cellar/texlive/20260301/share/texmf-dist/tex/generic/pgf/utiliti
es/pgfrcs.code.tex
(/opt/homebrew/Cellar/texlive/20260301/share/texmf-dist/tex/generic/pgf/pgf.rev
ision.tex)))
(/opt/homebrew/Cellar/texlive/20260301/share/texmf-dist/tex/latex/pgf/basiclaye
r/pgfcore.sty
(/opt/homebrew/Cellar/texlive/20260301/share/texmf-dist/tex/latex/pgf/systemlay
er/pgfsys.sty
(/opt/homebrew/Cellar/texlive/20260301/share/texmf-dist/tex/generic/pgf/systeml
ayer/pgfsys.code.tex
(/opt/homebrew/Cellar/texlive/20260301/share/texmf-dist/tex/generic/pgf/utiliti
es/pgfkeys.code.tex
(/opt/homebrew/Cellar/texlive/20260301/share/texmf-dist/tex/generic/pgf/utiliti
es/pgfkeyslibraryfiltered.code.tex))
(/opt/homebrew/Cellar/texlive/20260301/share/texmf-dist/tex/generic/pgf/systeml
ayer/pgf.cfg)
(/opt/homebrew/Cellar/texlive/20260301/share/texmf-dist/tex/generic/pgf/systeml
ayer/pgfsys-xetex.def
(/opt/homebrew/Cellar/texlive/20260301/share/texmf-dist/tex/generic/pgf/systeml
ayer/pgfsys-dvipdfmx.def
(/opt/homebrew/Cellar/texlive/20260301/share/texmf-dist/tex/generic/pgf/systeml
ayer/pgfsys-common-pdf.def))))
(/opt/homebrew/Cellar/texlive/20260301/share/texmf-dist/tex/generic/pgf/systeml
ayer/pgfsyssoftpath.code.tex)
(/opt/homebrew/Cellar/texlive/20260301/share/texmf-dist/tex/generic/pgf/systeml
ayer/pgfsysprotocol.code.tex))
(/opt/homebrew/Cellar/texlive/20260301/share/texmf-dist/tex/latex/xcolor/xcolor
.sty
(/opt/homebrew/Cellar/texlive/20260301/share/texmf-dist/tex/latex/graphics-cfg/
color.cfg)
(/opt/homebrew/Cellar/texlive/20260301/share/texmf-dist/tex/latex/graphics/math
color.ltx))
(/opt/homebrew/Cellar/texlive/20260301/share/texmf-dist/tex/generic/pgf/basicla
yer/pgfcore.code.tex
(/opt/homebrew/Cellar/texlive/20260301/share/texmf-dist/tex/generic/pgf/math/pg
fmath.code.tex
(/opt/homebrew/Cellar/texlive/20260301/share/texmf-dist/tex/generic/pgf/math/pg
fmathutil.code.tex)
(/opt/homebrew/Cellar/texlive/20260301/share/texmf-dist/tex/generic/pgf/math/pg
fmathparser.code.tex)
(/opt/homebrew/Cellar/texlive/20260301/share/texmf-dist/tex/generic/pgf/math/pg
fmathfunctions.code.tex)
(/opt/homebrew/Cellar/texlive/20260301/share/texmf-dist/tex/generic/pgf/math/pg
fmathfunctions.basic.code.tex)
(/opt/homebrew/Cellar/texlive/20260301/share/texmf-dist/tex/generic/pgf/math/pg
fmathfunctions.trigonometric.code.tex)
(/opt/homebrew/Cellar/texlive/20260301/share/texmf-dist/tex/generic/pgf/math/pg
fmathfunctions.random.code.tex)
(/opt/homebrew/Cellar/texlive/20260301/share/texmf-dist/tex/generic/pgf/math/pg
fmathfunctions.comparison.code.tex)
(/opt/homebrew/Cellar/texlive/20260301/share/texmf-dist/tex/generic/pgf/math/pg
fmathfunctions.base.code.tex)
(/opt/homebrew/Cellar/texlive/20260301/share/texmf-dist/tex/generic/pgf/math/pg
fmathfunctions.round.code.tex)
(/opt/homebrew/Cellar/texlive/20260301/share/texmf-dist/tex/generic/pgf/math/pg
fmathfunctions.misc.code.tex)
(/opt/homebrew/Cellar/texlive/20260301/share/texmf-dist/tex/generic/pgf/math/pg
fmathfunctions.integerarithmetics.code.tex)
(/opt/homebrew/Cellar/texlive/20260301/share/texmf-dist/tex/generic/pgf/math/pg
fmathcalc.code.tex)
(/opt/homebrew/Cellar/texlive/20260301/share/texmf-dist/tex/generic/pgf/math/pg
fmathfloat.code.tex))
(/opt/homebrew/Cellar/texlive/20260301/share/texmf-dist/tex/generic/pgf/math/pg
fint.code.tex)
(/opt/homebrew/Cellar/texlive/20260301/share/texmf-dist/tex/generic/pgf/basicla
yer/pgfcorepoints.code.tex)
(/opt/homebrew/Cellar/texlive/20260301/share/texmf-dist/tex/generic/pgf/basicla
yer/pgfcorepathconstruct.code.tex)
(/opt/homebrew/Cellar/texlive/20260301/share/texmf-dist/tex/generic/pgf/basicla
yer/pgfcorepathusage.code.tex)
(/opt/homebrew/Cellar/texlive/20260301/share/texmf-dist/tex/generic/pgf/basicla
yer/pgfcorescopes.code.tex)
(/opt/homebrew/Cellar/texlive/20260301/share/texmf-dist/tex/generic/pgf/basicla
yer/pgfcoregraphicstate.code.tex)
(/opt/homebrew/Cellar/texlive/20260301/share/texmf-dist/tex/generic/pgf/basicla
yer/pgfcoretransformations.code.tex)
(/opt/homebrew/Cellar/texlive/20260301/share/texmf-dist/tex/generic/pgf/basicla
yer/pgfcorequick.code.tex)
(/opt/homebrew/Cellar/texlive/20260301/share/texmf-dist/tex/generic/pgf/basicla
yer/pgfcoreobjects.code.tex)
(/opt/homebrew/Cellar/texlive/20260301/share/texmf-dist/tex/generic/pgf/basicla
yer/pgfcorepathprocessing.code.tex)
(/opt/homebrew/Cellar/texlive/20260301/share/texmf-dist/tex/generic/pgf/basicla
yer/pgfcorearrows.code.tex)
(/opt/homebrew/Cellar/texlive/20260301/share/texmf-dist/tex/generic/pgf/basicla
yer/pgfcoreshade.code.tex)
(/opt/homebrew/Cellar/texlive/20260301/share/texmf-dist/tex/generic/pgf/basicla
yer/pgfcoreimage.code.tex)
(/opt/homebrew/Cellar/texlive/20260301/share/texmf-dist/tex/generic/pgf/basicla
yer/pgfcoreexternal.code.tex)
(/opt/homebrew/Cellar/texlive/20260301/share/texmf-dist/tex/generic/pgf/basicla
yer/pgfcorelayers.code.tex)
(/opt/homebrew/Cellar/texlive/20260301/share/texmf-dist/tex/generic/pgf/basicla
yer/pgfcoretransparency.code.tex)
(/opt/homebrew/Cellar/texlive/20260301/share/texmf-dist/tex/generic/pgf/basicla
yer/pgfcorepatterns.code.tex)
(/opt/homebrew/Cellar/texlive/20260301/share/texmf-dist/tex/generic/pgf/basicla
yer/pgfcorerdf.code.tex)))
(/opt/homebrew/Cellar/texlive/20260301/share/texmf-dist/tex/generic/pgf/modules
/pgfmoduleshapes.code.tex)
(/opt/homebrew/Cellar/texlive/20260301/share/texmf-dist/tex/generic/pgf/modules
/pgfmoduleplot.code.tex)
(/opt/homebrew/Cellar/texlive/20260301/share/texmf-dist/tex/latex/pgf/compatibi
lity/pgfcomp-version-0-65.sty)
(/opt/homebrew/Cellar/texlive/20260301/share/texmf-dist/tex/latex/pgf/compatibi
lity/pgfcomp-version-1-18.sty))
(/opt/homebrew/Cellar/texlive/20260301/share/texmf-dist/tex/latex/pgf/utilities
/pgffor.sty
(/opt/homebrew/Cellar/texlive/20260301/share/texmf-dist/tex/latex/pgf/utilities
/pgfkeys.sty
(/opt/homebrew/Cellar/texlive/20260301/share/texmf-dist/tex/generic/pgf/utiliti
es/pgfkeys.code.tex))
(/opt/homebrew/Cellar/texlive/20260301/share/texmf-dist/tex/latex/pgf/math/pgfm
ath.sty
(/opt/homebrew/Cellar/texlive/20260301/share/texmf-dist/tex/generic/pgf/math/pg
fmath.code.tex))
(/opt/homebrew/Cellar/texlive/20260301/share/texmf-dist/tex/generic/pgf/utiliti
es/pgffor.code.tex))
(/opt/homebrew/Cellar/texlive/20260301/share/texmf-dist/tex/generic/pgf/fronten
dlayer/tikz/tikz.code.tex
(/opt/homebrew/Cellar/texlive/20260301/share/texmf-dist/tex/generic/pgf/librari
es/pgflibraryplothandlers.code.tex)
(/opt/homebrew/Cellar/texlive/20260301/share/texmf-dist/tex/generic/pgf/modules
/pgfmodulematrix.code.tex)
(/opt/homebrew/Cellar/texlive/20260301/share/texmf-dist/tex/generic/pgf/fronten
dlayer/tikz/libraries/tikzlibrarytopaths.code.tex)))
(/opt/homebrew/Cellar/texlive/20260301/share/texmf-dist/tex/generic/pgf/fronten
dlayer/tikz/libraries/tikzlibrarypositioning.code.tex)
(/opt/homebrew/Cellar/texlive/20260301/share/texmf-dist/tex/generic/pgf/fronten
dlayer/tikz/libraries/tikzlibrarycalc.code.tex)
(/opt/homebrew/Cellar/texlive/20260301/share/texmf-dist/tex/latex/tcolorbox/tco
lorbox.sty
(/opt/homebrew/Cellar/texlive/20260301/share/texmf-dist/tex/latex/tools/verbati
m.sty)
(/opt/homebrew/Cellar/texlive/20260301/share/texmf-dist/tex/latex/environ/envir
on.sty
(/opt/homebrew/Cellar/texlive/20260301/share/texmf-dist/tex/latex/trimspaces/tr
imspaces.sty))
(/opt/homebrew/Cellar/texlive/20260301/share/texmf-dist/tex/latex/etoolbox/etoo
lbox.sty)
(/opt/homebrew/Cellar/texlive/20260301/share/texmf-dist/tex/latex/tcolorbox/tcb
raster.code.tex
Library (tcolorbox): 'tcbraster.code.tex' version '6.9.0'
)
(/opt/homebrew/Cellar/texlive/20260301/share/texmf-dist/tex/latex/tcolorbox/tcb
skins.code.tex
Library (tcolorbox): 'tcbskins.code.tex' version '6.9.0'

(/opt/homebrew/Cellar/texlive/20260301/share/texmf-dist/tex/latex/tikzfill/tikz
fill.image.sty
(/opt/homebrew/Cellar/texlive/20260301/share/texmf-dist/tex/latex/tikzfill/tikz
fill-common.sty)
(/opt/homebrew/Cellar/texlive/20260301/share/texmf-dist/tex/latex/tikzfill/tikz
libraryfill.image.code.tex))
(/opt/homebrew/Cellar/texlive/20260301/share/texmf-dist/tex/latex/tcolorbox/tcb
skinsjigsaw.code.tex
Library (tcolorbox): 'tcbskinsjigsaw.code.tex' version '6.9.0'
))
(/opt/homebrew/Cellar/texlive/20260301/share/texmf-dist/tex/latex/tcolorbox/tcb
breakable.code.tex
Library (tcolorbox): 'tcbbreakable.code.tex' version '6.9.0'

(/opt/homebrew/Cellar/texlive/20260301/share/texmf-dist/tex/latex/pdfcol/pdfcol
.sty
(/opt/homebrew/Cellar/texlive/20260301/share/texmf-dist/tex/generic/ltxcmds/ltx
cmds.sty)
(/opt/homebrew/Cellar/texlive/20260301/share/texmf-dist/tex/generic/infwarerr/i
nfwarerr.sty)))
(/opt/homebrew/Cellar/texlive/20260301/share/texmf-dist/tex/latex/tcolorbox/tcb
hooks.code.tex
Library (tcolorbox): 'tcbhooks.code.tex' version '6.9.0'
)
(/opt/homebrew/Cellar/texlive/20260301/share/texmf-dist/tex/latex/tcolorbox/tcb
theorems.code.tex
Library (tcolorbox): 'tcbtheorems.code.tex' version '6.9.0'

(/opt/homebrew/Cellar/texlive/20260301/share/texmf-dist/tex/latex/amsmath/amsma
th.sty
For additional information on amsmath, use the `?' option.

(/opt/homebrew/Cellar/texlive/20260301/share/texmf-dist/tex/latex/amsmath/amste
xt.sty
(/opt/homebrew/Cellar/texlive/20260301/share/texmf-dist/tex/latex/amsmath/amsge
n.sty))
(/opt/homebrew/Cellar/texlive/20260301/share/texmf-dist/tex/latex/amsmath/amsbs
y.sty)
(/opt/homebrew/Cellar/texlive/20260301/share/texmf-dist/tex/latex/amsmath/amsop
n.sty)))
(/opt/homebrew/Cellar/texlive/20260301/share/texmf-dist/tex/latex/tcolorbox/tcb
fitting.code.tex
Library (tcolorbox): 'tcbfitting.code.tex' version '6.9.0'
)
(/opt/homebrew/Cellar/texlive/20260301/share/texmf-dist/tex/latex/tcolorbox/tcb
listingsutf8.code.tex
Library (tcolorbox): 'tcblistingsutf8.code.tex' version '6.9.0'

(/opt/homebrew/Cellar/texlive/20260301/share/texmf-dist/tex/latex/tcolorbox/tcb
listings.code.tex
Library (tcolorbox): 'tcblistings.code.tex' version '6.9.0'

(/opt/homebrew/Cellar/texlive/20260301/share/texmf-dist/tex/latex/listings/list
ings.sty
(/opt/homebrew/Cellar/texlive/20260301/share/texmf-dist/tex/latex/listings/lstp
atch.sty)
(/opt/homebrew/Cellar/texlive/20260301/share/texmf-dist/tex/latex/listings/lstm
isc.sty)
(/opt/homebrew/Cellar/texlive/20260301/share/texmf-dist/tex/latex/listings/list
ings.cfg))
==> First Aid for listings.sty no longer applied!
    Expected:
        2024/09/23 1.10c (Carsten Heinz)
    but found:
        2025/11/14 1.11b (Carsten Heinz)
    so I'm assuming it got fixed.

(/opt/homebrew/Cellar/texlive/20260301/share/texmf-dist/tex/latex/tcolorbox/tcb
listingscore.code.tex
Library (tcolorbox): 'tcblistingscore.code.tex' version '6.9.0'

(/opt/homebrew/Cellar/texlive/20260301/share/texmf-dist/tex/latex/tcolorbox/tcb
processing.code.tex
Library (tcolorbox): 'tcbprocessing.code.tex' version '6.9.0'
))))
(/opt/homebrew/Cellar/texlive/20260301/share/texmf-dist/tex/latex/tcolorbox/tcb
external.code.tex
Library (tcolorbox): 'tcbexternal.code.tex' version '6.9.0'
)
(/opt/homebrew/Cellar/texlive/20260301/share/texmf-dist/tex/latex/tcolorbox/tcb
magazine.code.tex
Library (tcolorbox): 'tcbmagazine.code.tex' version '6.9.0'
)
(/opt/homebrew/Cellar/texlive/20260301/share/texmf-dist/tex/latex/tcolorbox/tcb
vignette.code.tex
Library (tcolorbox): 'tcbvignette.code.tex' version '6.9.0'

(/opt/homebrew/Cellar/texlive/20260301/share/texmf-dist/tex/generic/pgf/fronten
dlayer/tikz/libraries/tikzlibraryfadings.code.tex
(/opt/homebrew/Cellar/texlive/20260301/share/texmf-dist/tex/generic/pgf/librari
es/pgflibraryfadings.code.tex)))
(/opt/homebrew/Cellar/texlive/20260301/share/texmf-dist/tex/latex/tcolorbox/tcb
poster.code.tex
Library (tcolorbox): 'tcbposter.code.tex' version '6.9.0'
))
(/opt/homebrew/Cellar/texlive/20260301/share/texmf-dist/tex/latex/tools/tabular
x.sty
(/opt/homebrew/Cellar/texlive/20260301/share/texmf-dist/tex/latex/tools/array.s
ty))
(/opt/homebrew/Cellar/texlive/20260301/share/texmf-dist/tex/latex/booktabs/book
tabs.sty)
(/opt/homebrew/Cellar/texlive/20260301/share/texmf-dist/tex/latex/enumitem/enum
item.sty)
(/opt/homebrew/Cellar/texlive/20260301/share/texmf-dist/tex/latex/fancyhdr/fanc
yhdr.sty)
(/opt/homebrew/Cellar/texlive/20260301/share/texmf-dist/tex/latex/titlesec/titl
esec.sty)
(/opt/homebrew/Cellar/texlive/20260301/share/texmf-dist/tex/latex/hyperref/hype
rref.sty
(/opt/homebrew/Cellar/texlive/20260301/share/texmf-dist/tex/latex/kvsetkeys/kvs
etkeys.sty)
(/opt/homebrew/Cellar/texlive/20260301/share/texmf-dist/tex/generic/kvdefinekey
s/kvdefinekeys.sty)
(/opt/homebrew/Cellar/texlive/20260301/share/texmf-dist/tex/generic/pdfescape/p
dfescape.sty
(/opt/homebrew/Cellar/texlive/20260301/share/texmf-dist/tex/generic/pdftexcmds/
pdftexcmds.sty))
(/opt/homebrew/Cellar/texlive/20260301/share/texmf-dist/tex/latex/hycolor/hycol
or.sty)
(/opt/homebrew/Cellar/texlive/20260301/share/texmf-dist/tex/latex/hyperref/name
ref.sty
(/opt/homebrew/Cellar/texlive/20260301/share/texmf-dist/tex/latex/refcount/refc
ount.sty)
(/opt/homebrew/Cellar/texlive/20260301/share/texmf-dist/tex/generic/gettitlestr
ing/gettitlestring.sty
(/opt/homebrew/Cellar/texlive/20260301/share/texmf-dist/tex/latex/kvoptions/kvo
ptions.sty)))
(/opt/homebrew/Cellar/texlive/20260301/share/texmf-dist/tex/generic/stringenc/s
tringenc.sty)
(/opt/homebrew/Cellar/texlive/20260301/share/texmf-dist/tex/latex/hyperref/pd1e
nc.def)
(/opt/homebrew/Cellar/texlive/20260301/share/texmf-dist/tex/generic/intcalc/int
calc.sty)
(/opt/homebrew/Cellar/texlive/20260301/share/texmf-dist/tex/latex/hyperref/puen
c.def)
(/opt/homebrew/Cellar/texlive/20260301/share/texmf-dist/tex/latex/url/url.sty)
(/opt/homebrew/Cellar/texlive/20260301/share/texmf-dist/tex/generic/bitset/bits
et.sty
(/opt/homebrew/Cellar/texlive/20260301/share/texmf-dist/tex/generic/bigintcalc/
bigintcalc.sty)))
(/opt/homebrew/Cellar/texlive/20260301/share/texmf-dist/tex/latex/hyperref/hxet
ex.def
(/opt/homebrew/Cellar/texlive/20260301/share/texmf-dist/tex/latex/rerunfilechec
k/rerunfilecheck.sty
(/opt/homebrew/Cellar/texlive/20260301/share/texmf-dist/tex/generic/uniquecount
er/uniquecounter.sty)))
(/opt/homebrew/Cellar/texlive/20260301/share/texmf-dist/tex/latex/microtype/mic
rotype.sty
(/opt/homebrew/Cellar/texlive/20260301/share/texmf-dist/tex/latex/microtype/mic
rotype-xetex.def)
(/opt/homebrew/Cellar/texlive/20260301/share/texmf-dist/tex/latex/microtype/mic
rotype.cfg))
(/opt/homebrew/Cellar/texlive/20260301/share/texmf-dist/tex/latex/setspace/sets
pace.sty)
(/opt/homebrew/Cellar/texlive/20260301/share/texmf-dist/tex/latex/caption/capti
on.sty
(/opt/homebrew/Cellar/texlive/20260301/share/texmf-dist/tex/latex/caption/capti
on3.sty))
(/opt/homebrew/Cellar/texlive/20260301/share/texmf-dist/tex/latex/tools/multico
l.sty)
(/opt/homebrew/Cellar/texlive/20260301/share/texmf-dist/tex/latex/ragged2e/ragg
ed2e.sty)
(/opt/homebrew/Cellar/texlive/20260301/share/texmf-dist/tex/latex/base/ifthen.s
ty)
(/opt/homebrew/Cellar/texlive/20260301/share/texmf-dist/tex/latex/lastpage/last
page.sty
(/opt/homebrew/Cellar/texlive/20260301/share/texmf-dist/tex/latex/lastpage/last
page2e.sty
(/opt/homebrew/Cellar/texlive/20260301/share/texmf-dist/tex/latex/lastpage/last
pagemodern.sty) 
)))
(/opt/homebrew/Cellar/texlive/20260301/share/texmf-dist/tex/latex/markdown/mark
down.sty
(/opt/homebrew/Cellar/texlive/20260301/share/texmf-dist/tex/generic/markdown/ma
rkdown.tex
(/opt/homebrew/Cellar/texlive/20260301/share/texmf-dist/tex/generic/lt3luabridg
e/lt3luabridge.tex))
(|TEXMF_OUTPUT_DIRECTORY=${TEXMF_OUTPUT_DIRECTORY:-.}
texlua $TEXMF_OUTPUT_DIRECTORY/volume-8-engineering-cerebro.luabridge.lua))
(/opt/homebrew/Cellar/texlive/20260301/share/texmf-dist/tex/latex/markdown/mark
downthemewitiko_markdown_defaults.sty
(/opt/homebrew/Cellar/texlive/20260301/share/texmf-dist/tex/generic/markdown/ma
rkdownthemewitiko_markdown_defaults.tex)
(/opt/homebrew/Cellar/texlive/20260301/share/texmf-dist/tex/latex/amsfonts/amss
ymb.sty
(/opt/homebrew/Cellar/texlive/20260301/share/texmf-dist/tex/latex/amsfonts/amsf
onts.sty))
(/opt/homebrew/Cellar/texlive/20260301/share/texmf-dist/tex/latex/csvsimple/csv
simple.sty)
(/opt/homebrew/Cellar/texlive/20260301/share/texmf-dist/tex/latex/csvsimple/csv
simple-legacy.sty
(/opt/homebrew/Cellar/texlive/20260301/share/texmf-dist/tex/latex/tools/shelles
c.sty))
(/opt/homebrew/Cellar/texlive/20260301/share/texmf-dist/tex/latex/fancyvrb/fanc
yvrb.sty)
(/opt/homebrew/Cellar/texlive/20260301/share/texmf-dist/tex/generic/soul/soul.s
ty
(/opt/homebrew/Cellar/texlive/20260301/share/texmf-dist/tex/generic/soul/soul-o
ri.sty)
(/opt/homebrew/Cellar/texlive/20260301/share/texmf-dist/tex/generic/etexcmds/et
excmds.sty)))
(/Users/rob/dev/Presentation/ROB-Books/tmp/pdfs/volume-8-engineering-cerebro.au
x)
*geometry* driver: auto-detecting
*geometry* detected driver: xetex

Package hyperref Warning: Rerun to get /PageLabels entry.


Package microtype Warning: Unable to apply patch `footnote' on input line 31.

[1] [2]
(/opt/homebrew/Cellar/texlive/20260301/share/texmf-dist/tex/latex/amsfonts/umsa
.fd)
(/opt/homebrew/Cellar/texlive/20260301/share/texmf-dist/tex/latex/microtype/mt-
msa.cfg)
(/opt/homebrew/Cellar/texlive/20260301/share/texmf-dist/tex/latex/amsfonts/umsb
.fd)
(/opt/homebrew/Cellar/texlive/20260301/share/texmf-dist/tex/latex/microtype/mt-
msb.cfg)
(/opt/homebrew/Cellar/texlive/20260301/share/texmf-dist/tex/latex/microtype/mt-
cmr.cfg)

LaTeX Warning: Reference `LastPage' on page 3 undefined on input line 53.

[3]

LaTeX Warning: Reference `LastPage' on page 4 undefined on input line 53.

[4]
No file volume-8-engineering-cerebro.toc.
[5]

LaTeX Warning: Reference `LastPage' on page 6 undefined on input line 57.

[6]
(|texlua /Users/rob/dev/Presentation/ROB-Books/tmp/pdfs/volume-8-engineering-ce
rebro.luabridge.lua)
(/Users/rob/dev/Presentation/ROB-Books/tmp/pdfs/_markdown_volume-8-engineering-
cerebro/f19fe1e3f0d854229e0aceb37f7eb26d.md.tex
Chapter 1.

(/Users/rob/dev/Presentation/ROB-Books/tmp/pdfs/_markdown_volume-8-engineering-
cerebro/9fd0e41554294ec56b231a6826111832.verbatim)
Overfull \hbox (45.00717pt too wide) in paragraph at lines 8--8
[]\TU/AvenirNext(0)/b/n/10 SOURCE TRAIL — ANALYZING NOW: \TU/Menlo(0)/m/n/10 RE
ADME.md\TU/AvenirNext(0)/m/n/10 , \TU/Menlo(0)/m/n/10 Cerebro.xcodeproj/project
.pbxproj\TU/AvenirNext(0)/m/n/10 , \TU/Menlo(0)/m/n/10 Cerebro/AppDelegate.m\TU
/AvenirNext(0)/m/n/10 ,
[1]
Chapter 2.

Overfull \hbox (160.40305pt too wide) in paragraph at lines 14--14
[][] 
[2]
Chapter 3.

Overfull \hbox (96.10486pt too wide) in paragraph at lines 20--20
[]\TU/AvenirNext(0)/b/n/10 SOURCE TRAIL — ANALYZING NOW: \TU/Menlo(0)/m/n/10 Ce
rebro.xcodeproj/project.xcworkspace/xcshareddata/swiftpm/Package.resolved\TU/Av
enirNext(0)/m/n/10 ,

(/Users/rob/dev/Presentation/ROB-Books/tmp/pdfs/_markdown_volume-8-engineering-
cerebro/aad5a77dca6dbea3ff874e385bbaad9a.verbatim) [3]
Chapter 4.
[4]
Chapter 5.

(/Users/rob/dev/Presentation/ROB-Books/tmp/pdfs/_markdown_volume-8-engineering-
cerebro/149ccede00aab17d105c7984449163f1.verbatim) [5]
Chapter 6.

(/Users/rob/dev/Presentation/ROB-Books/tmp/pdfs/_markdown_volume-8-engineering-
cerebro/acfafe86ee40f44f1d691aaf02ef9922.verbatim) [6]
Chapter 7.
[7]
Chapter 8.

(/Users/rob/dev/Presentation/ROB-Books/tmp/pdfs/_markdown_volume-8-engineering-
cerebro/c999fc48ac9fd4473cb5693430299a1f.verbatim) [8]
Chapter 9.

Overfull \hbox (119.3564pt too wide) in paragraph at lines 79--79
[]\TU/AvenirNext(0)/b/n/10 SOURCE TRAIL — ANALYZING NOW: \TU/Menlo(0)/m/n/10 RO
BSerialBox.m \TU/AvenirNext(0)/m/n/10 methods \TU/Menlo(0)/m/n/10 applyVisionNe
ckPan:tilt:\TU/AvenirNext(0)/m/n/10 , \TU/Menlo(0)/m/n/10 applyVisionTorsoActiv
e:rotation:\TU/AvenirNext(0)/m/n/10 ,

(/Users/rob/dev/Presentation/ROB-Books/tmp/pdfs/_markdown_volume-8-engineering-
cerebro/ca591f4c594505042628ca5a2307484c.verbatim) [9]
Chapter 10.

Overfull \hbox (10.59163pt too wide) in paragraph at lines 88--88
[]\TU/AvenirNext(0)/b/n/10 SOURCE TRAIL — ANALYZING NOW: \TU/Menlo(0)/m/n/10 Ce
rebro/Cerebro-Bridging-Header.h\TU/AvenirNext(0)/m/n/10 , \TU/Menlo(0)/m/n/10 R
OBMainViewController.mm\TU/AvenirNext(0)/m/n/10 ,
[10]
Chapter 11.

Overfull \hbox (33.48793pt too wide) in paragraph at lines 103--103
[]\TU/AvenirNext(0)/b/n/10 SOURCE TRAIL — ANALYZING NOW: \TU/Menlo(0)/m/n/10 Ce
rebro/CameraManager.swift \TU/AvenirNext(0)/m/n/10 types \TU/Menlo(0)/m/n/10 Ca
meraSource\TU/AvenirNext(0)/m/n/10 , \TU/Menlo(0)/m/n/10 CameraSourceState\TU/A
venirNext(0)/m/n/10 ,

Overfull \hbox (22.54526pt too wide) in paragraph at lines 104--104
[]\TU/AvenirNext(0)/m/n/10 The AVFoundation path discovers a camera, chooses a 
format, configures \TU/Menlo(0)/m/n/10 AVCaptureSession\TU/AvenirNext(0)/m/n/10
 , and receives \TU/Menlo(0)/m/n/10 CMSampleBuffer
[11]
Chapter 12.

Overfull \hbox (40.01013pt too wide) in paragraph at lines 111--111
[]\TU/AvenirNext(0)/b/n/10 SOURCE TRAIL — ANALYZING NOW: \TU/Menlo(0)/m/n/10 do
cs/depth-camera.md\TU/AvenirNext(0)/m/n/10 , \TU/Menlo(0)/m/n/10 Cerebro/Webcam
_color.py\TU/AvenirNext(0)/m/n/10 , \TU/Menlo(0)/m/n/10 CameraManager.swift\TU/
AvenirNext(0)/m/n/10 ,
[12]
Chapter 13.

Overfull \hbox (0.59756pt too wide) in paragraph at lines 124--124
[]\TU/AvenirNext(0)/b/n/10 SOURCE TRAIL — ANALYZING NOW: \TU/Menlo(0)/m/n/10 Ca
meraViewController.swift\TU/AvenirNext(0)/m/n/10 , \TU/Menlo(0)/m/n/10 HumanBod
yPose3DDetector.swift\TU/AvenirNext(0)/m/n/10 ,

(/Users/rob/dev/Presentation/ROB-Books/tmp/pdfs/_markdown_volume-8-engineering-
cerebro/4a9d3bb22c85c3d3aa3ab1ebba53e5be.verbatim) [13]
Chapter 14.
[14]
Chapter 15.
[15]
Chapter 16.

Overfull \hbox (25.58272pt too wide) in paragraph at lines 146--146
[]\TU/AvenirNext(0)/b/n/10 SOURCE TRAIL — ANALYZING NOW: \TU/Menlo(0)/m/n/10 Ce
rebro/ROBMLXRuntime.swift\TU/AvenirNext(0)/m/n/10 , \TU/Menlo(0)/m/n/10 ROBMLXI
mprovisationProvider.swift\TU/AvenirNext(0)/m/n/10 ,

Overfull \hbox (29.10263pt too wide) in paragraph at lines 147--147
\TU/AvenirNext(0)/m/n/10 and semantic memory without blocking the main actor. T
he initial local LLM is \TU/Menlo(0)/m/n/10 mlx-community/Llama-3.2-1B-Instruct
-4bit\TU/AvenirNext(0)/m/n/10 ;
[16]
Chapter 17.
[17]
Chapter 18.

(/Users/rob/dev/Presentation/ROB-Books/tmp/pdfs/_markdown_volume-8-engineering-
cerebro/0dd41ca32e96b4eff655b714e202e2da.verbatim) [18]
Chapter 19.

Overfull \hbox (174.93002pt too wide) in paragraph at lines 169--169
[]\TU/AvenirNext(0)/b/n/10 SOURCE TRAIL — ANALYZING NOW: \TU/Menlo(0)/m/n/10 Ce
rebro/ROBAI.swift\TU/AvenirNext(0)/m/n/10 , \TU/Menlo(0)/m/n/10 GeminiRoboticsP
rotocol.swift\TU/AvenirNext(0)/m/n/10 , \TU/Menlo(0)/m/n/10 ROBGeminiDiagnostic
sWindowController.swift\TU/AvenirNext(0)/m/n/10 ,
[19]
Chapter 20.

(/Users/rob/dev/Presentation/ROB-Books/tmp/pdfs/_markdown_volume-8-engineering-
cerebro/8900aaf09ec0b695a56b97173cca51af.verbatim) [20]
Chapter 21.

Overfull \hbox (69.99232pt too wide) in paragraph at lines 186--186
[]\TU/AvenirNext(0)/b/n/10 SOURCE TRAIL — ANALYZING NOW: \TU/Menlo(0)/m/n/10 RO
BVideoServer.swift\TU/AvenirNext(0)/m/n/10 , \TU/Menlo(0)/m/n/10 ROBVideoProtoc
ol.swift\TU/AvenirNext(0)/m/n/10 , \TU/Menlo(0)/m/n/10 ROBCameraH264Encoder.swi
ft\TU/AvenirNext(0)/m/n/10 ,
[21]
Chapter 22.

Overfull \hbox (45.57085pt too wide) in paragraph at lines 194--194
[]\TU/AvenirNext(0)/b/n/10 SOURCE TRAIL — ANALYZING NOW: \TU/Menlo(0)/m/n/10 Ce
rebro/ROBNiTEManager/\TU/AvenirNext(0)/m/n/10 , \TU/Menlo(0)/m/n/10 Cerebro/Tas
kControllers/ROBNiTEManager.mm\TU/AvenirNext(0)/m/n/10 ,
[22]
Chapter 23.
[23]
Chapter 24.

Overfull \hbox (95.54118pt too wide) in paragraph at lines 215--215
[]\TU/AvenirNext(0)/b/n/10 SOURCE TRAIL — ANALYZING NOW: \TU/Menlo(0)/m/n/10 RO
BSaberChoreography.swift\TU/AvenirNext(0)/m/n/10 , \TU/Menlo(0)/m/n/10 StageSho
ws/ProgressiveSaberTraining.robshow.json\TU/AvenirNext(0)/m/n/10 ,

Overfull \hbox (71.07722pt too wide) in paragraph at lines 215--215
\TU/Menlo(0)/m/n/10 GalacticSaberBattle.robshow.json\TU/AvenirNext(0)/m/n/10 , 
\TU/Menlo(0)/m/n/10 ROBAmberB1Kinematics.swift\TU/AvenirNext(0)/m/n/10 , and \T
U/Menlo(0)/m/n/10 Tests/ROBSaberChoreographyFixtureTests.swift\TU/AvenirNext(0)
/m/n/10 . 
[24]
Chapter 25.

Overfull \hbox (0.59756pt too wide) in paragraph at lines 223--223
[]\TU/AvenirNext(0)/b/n/10 SOURCE TRAIL — ANALYZING NOW: \TU/Menlo(0)/m/n/10 RO
BStageShowProtocol.swift\TU/AvenirNext(0)/m/n/10 , \TU/Menlo(0)/m/n/10 ROBStage
ShowCoordinator.swift\TU/AvenirNext(0)/m/n/10 ,

Overfull \hbox (141.03568pt too wide) in paragraph at lines 223--223
\TU/Menlo(0)/m/n/10 ROBStageShowWindowController.swift\TU/AvenirNext(0)/m/n/10 
, \TU/Menlo(0)/m/n/10 StageShows/OrbitusTenMinuteComedy.robshow.json\TU/AvenirN
ext(0)/m/n/10 , and \TU/Menlo(0)/m/n/10 Tests/ROBStageShowFixtureTests.swift\TU
/AvenirNext(0)/m/n/10 . 
[25]
Chapter 26.

Overfull \hbox (1.65997pt too wide) in paragraph at lines 246--246
[]\TU/AvenirNext(0)/m/n/10 Then perform a staged hardware test: no-power simula
tion, powered actuators mechanically isolated, wheels/treads
[26]
Chapter 27.
[27]
Chapter 28.

(/Users/rob/dev/Presentation/ROB-Books/tmp/pdfs/_markdown_volume-8-engineering-
cerebro/8299ced50d688155a8a316e2ee3711ae.verbatim)
Overfull \hbox (71.2293pt too wide) in paragraph at lines 270--270
[]\TU/AvenirNext(0)/m/n/10 For camera work, preserve \TU/Menlo(0)/m/n/10 Camera
ManagerProtocol \TU/AvenirNext(0)/m/n/10 and \TU/Menlo(0)/m/n/10 CameraFrameSet
\TU/AvenirNext(0)/m/n/10 . For model work, preserve \TU/Menlo(0)/m/n/10 ROBLoca
lImprovisationProviding\TU/AvenirNext(0)/m/n/10 ,
[28]
Chapter 29.
[29]
Chapter 30.
[30]
Chapter 31.
) [31] 
enddocument/afterlastpage (AED): lastpage setting LastPage.

(/Users/rob/dev/Presentation/ROB-Books/tmp/pdfs/volume-8-engineering-cerebro.au
x)

LaTeX Warning: There were undefined references.


LaTeX Warning: Label(s) may have changed. Rerun to get cross-references right.


Package rerunfilecheck Warning: File `volume-8-engineering-cerebro.out' has cha
nged.
(rerunfilecheck)                Rerun to get outlines right
(rerunfilecheck)                or use package `bookmark'.


Package lastpage Warning: Rerun to get the references right on input line 61.

 )
(see the transcript file for additional information)
Output written on /Users/rob/dev/Presentation/ROB-Books/tmp/pdfs/volume-8-engin
eering-cerebro.xdv (37 pages, 586676 bytes).
Transcript written on /Users/rob/dev/Presentation/ROB-Books/tmp/pdfs/volume-8-e
ngineering-cerebro.log.
Latexmk: Getting log file '/Users/rob/dev/Presentation/ROB-Books/tmp/pdfs/volume-8-engineering-cerebro.log'
Latexmk: Examining '/Users/rob/dev/Presentation/ROB-Books/tmp/pdfs/volume-8-engineering-cerebro.fls'
Latexmk: Examining '/Users/rob/dev/Presentation/ROB-Books/tmp/pdfs/volume-8-engineering-cerebro.log'
Latexmk: References changed.
Latexmk: Missing input file 'volume-8-engineering-cerebro.toc' message in .log file:
  No file volume-8-engineering-cerebro.toc.
Latexmk: References changed.
Latexmk: References changed.
Latexmk: References changed.
Latexmk: Log file says output to '/Users/rob/dev/Presentation/ROB-Books/tmp/pdfs/volume-8-engineering-cerebro.xdv'
Latexmk: Using bibtex to make bibliography file(s).
Latexmk: applying rule 'xelatex'...
Rule 'xelatex':  Reasons for rerun
Changed files or newly in use/created:
  /Users/rob/dev/Presentation/ROB-Books/tmp/pdfs/volume-8-engineering-cerebro.aux
  /Users/rob/dev/Presentation/ROB-Books/tmp/pdfs/volume-8-engineering-cerebro.out
  /Users/rob/dev/Presentation/ROB-Books/tmp/pdfs/volume-8-engineering-cerebro.toc

------------
Run number 2 of rule 'xelatex'
------------
------------
Running 'xelatex -no-pdf -interaction=nonstopmode -halt-on-error -file-line-error -shell-escape -recorder -output-directory="/Users/rob/dev/Presentation/ROB-Books/tmp/pdfs"  "volume-8-engineering-cerebro.tex"'
------------
This is XeTeX, Version 3.141592653-2.6-0.999998 (TeX Live 2026/Homebrew) (preloaded format=xelatex)
 \write18 enabled.
entering extended mode
(./volume-8-engineering-cerebro.tex
LaTeX2e <2025-11-01>
L3 programming layer <2026-01-19>

(/opt/homebrew/Cellar/texlive/20260301/share/texmf-dist/tex/latex/base/book.cls
Document Class: book 2025/01/22 v1.4n Standard LaTeX document class

(/opt/homebrew/Cellar/texlive/20260301/share/texmf-dist/tex/latex/base/bk10.clo
)) (./robbook.sty
(/opt/homebrew/Cellar/texlive/20260301/share/texmf-dist/tex/latex/geometry/geom
etry.sty
(/opt/homebrew/Cellar/texlive/20260301/share/texmf-dist/tex/latex/graphics/keyv
al.sty)
(/opt/homebrew/Cellar/texlive/20260301/share/texmf-dist/tex/generic/iftex/ifvte
x.sty
(/opt/homebrew/Cellar/texlive/20260301/share/texmf-dist/tex/generic/iftex/iftex
.sty)))
(/opt/homebrew/Cellar/texlive/20260301/share/texmf-dist/tex/latex/fontspec/font
spec.sty
(/opt/homebrew/Cellar/texlive/20260301/share/texmf-dist/tex/latex/l3packages/xp
arse/xparse.sty
(/opt/homebrew/Cellar/texlive/20260301/share/texmf-dist/tex/latex/l3kernel/expl
3.sty
(/opt/homebrew/Cellar/texlive/20260301/share/texmf-dist/tex/latex/l3backend/l3b
ackend-xetex.def)))
(/opt/homebrew/Cellar/texlive/20260301/share/texmf-dist/tex/latex/fontspec/font
spec-xetex.sty
(/opt/homebrew/Cellar/texlive/20260301/share/texmf-dist/tex/latex/base/fontenc.
sty)
(/opt/homebrew/Cellar/texlive/20260301/share/texmf-dist/tex/latex/fontspec/font
spec.cfg)))
(/opt/homebrew/Cellar/texlive/20260301/share/texmf-dist/tex/latex/graphics/grap
hicx.sty
(/opt/homebrew/Cellar/texlive/20260301/share/texmf-dist/tex/latex/graphics/grap
hics.sty
(/opt/homebrew/Cellar/texlive/20260301/share/texmf-dist/tex/latex/graphics/trig
.sty)
(/opt/homebrew/Cellar/texlive/20260301/share/texmf-dist/tex/latex/graphics-cfg/
graphics.cfg)
(/opt/homebrew/Cellar/texlive/20260301/share/texmf-dist/tex/latex/graphics-def/
xetex.def)))
(/opt/homebrew/Cellar/texlive/20260301/share/texmf-dist/tex/latex/adjustbox/adj
ustbox.sty
(/opt/homebrew/Cellar/texlive/20260301/share/texmf-dist/tex/latex/xkeyval/xkeyv
al.sty
(/opt/homebrew/Cellar/texlive/20260301/share/texmf-dist/tex/generic/xkeyval/xke
yval.tex
(/opt/homebrew/Cellar/texlive/20260301/share/texmf-dist/tex/generic/xkeyval/xkv
utils.tex)))
(/opt/homebrew/Cellar/texlive/20260301/share/texmf-dist/tex/latex/adjustbox/adj
calc.sty)
(/opt/homebrew/Cellar/texlive/20260301/share/texmf-dist/tex/latex/adjustbox/tri
mclip.sty
(/opt/homebrew/Cellar/texlive/20260301/share/texmf-dist/tex/latex/collectbox/co
llectbox.sty)
(/opt/homebrew/Cellar/texlive/20260301/share/texmf-dist/tex/latex/adjustbox/tc-
xetex.def))
(/opt/homebrew/Cellar/texlive/20260301/share/texmf-dist/tex/latex/ifoddpage/ifo
ddpage.sty)
(/opt/homebrew/Cellar/texlive/20260301/share/texmf-dist/tex/latex/varwidth/varw
idth.sty)
==> First Aid for varwidth.sty applied!
)
(/opt/homebrew/Cellar/texlive/20260301/share/texmf-dist/tex/latex/pgf/frontendl
ayer/tikz.sty
(/opt/homebrew/Cellar/texlive/20260301/share/texmf-dist/tex/latex/pgf/basiclaye
r/pgf.sty
(/opt/homebrew/Cellar/texlive/20260301/share/texmf-dist/tex/latex/pgf/utilities
/pgfrcs.sty
(/opt/homebrew/Cellar/texlive/20260301/share/texmf-dist/tex/generic/pgf/utiliti
es/pgfutil-common.tex)
(/opt/homebrew/Cellar/texlive/20260301/share/texmf-dist/tex/generic/pgf/utiliti
es/pgfutil-latex.def)
(/opt/homebrew/Cellar/texlive/20260301/share/texmf-dist/tex/generic/pgf/utiliti
es/pgfrcs.code.tex
(/opt/homebrew/Cellar/texlive/20260301/share/texmf-dist/tex/generic/pgf/pgf.rev
ision.tex)))
(/opt/homebrew/Cellar/texlive/20260301/share/texmf-dist/tex/latex/pgf/basiclaye
r/pgfcore.sty
(/opt/homebrew/Cellar/texlive/20260301/share/texmf-dist/tex/latex/pgf/systemlay
er/pgfsys.sty
(/opt/homebrew/Cellar/texlive/20260301/share/texmf-dist/tex/generic/pgf/systeml
ayer/pgfsys.code.tex
(/opt/homebrew/Cellar/texlive/20260301/share/texmf-dist/tex/generic/pgf/utiliti
es/pgfkeys.code.tex
(/opt/homebrew/Cellar/texlive/20260301/share/texmf-dist/tex/generic/pgf/utiliti
es/pgfkeyslibraryfiltered.code.tex))
(/opt/homebrew/Cellar/texlive/20260301/share/texmf-dist/tex/generic/pgf/systeml
ayer/pgf.cfg)
(/opt/homebrew/Cellar/texlive/20260301/share/texmf-dist/tex/generic/pgf/systeml
ayer/pgfsys-xetex.def
(/opt/homebrew/Cellar/texlive/20260301/share/texmf-dist/tex/generic/pgf/systeml
ayer/pgfsys-dvipdfmx.def
(/opt/homebrew/Cellar/texlive/20260301/share/texmf-dist/tex/generic/pgf/systeml
ayer/pgfsys-common-pdf.def))))
(/opt/homebrew/Cellar/texlive/20260301/share/texmf-dist/tex/generic/pgf/systeml
ayer/pgfsyssoftpath.code.tex)
(/opt/homebrew/Cellar/texlive/20260301/share/texmf-dist/tex/generic/pgf/systeml
ayer/pgfsysprotocol.code.tex))
(/opt/homebrew/Cellar/texlive/20260301/share/texmf-dist/tex/latex/xcolor/xcolor
.sty
(/opt/homebrew/Cellar/texlive/20260301/share/texmf-dist/tex/latex/graphics-cfg/
color.cfg)
(/opt/homebrew/Cellar/texlive/20260301/share/texmf-dist/tex/latex/graphics/math
color.ltx))
(/opt/homebrew/Cellar/texlive/20260301/share/texmf-dist/tex/generic/pgf/basicla
yer/pgfcore.code.tex
(/opt/homebrew/Cellar/texlive/20260301/share/texmf-dist/tex/generic/pgf/math/pg
fmath.code.tex
(/opt/homebrew/Cellar/texlive/20260301/share/texmf-dist/tex/generic/pgf/math/pg
fmathutil.code.tex)
(/opt/homebrew/Cellar/texlive/20260301/share/texmf-dist/tex/generic/pgf/math/pg
fmathparser.code.tex)
(/opt/homebrew/Cellar/texlive/20260301/share/texmf-dist/tex/generic/pgf/math/pg
fmathfunctions.code.tex)
(/opt/homebrew/Cellar/texlive/20260301/share/texmf-dist/tex/generic/pgf/math/pg
fmathfunctions.basic.code.tex)
(/opt/homebrew/Cellar/texlive/20260301/share/texmf-dist/tex/generic/pgf/math/pg
fmathfunctions.trigonometric.code.tex)
(/opt/homebrew/Cellar/texlive/20260301/share/texmf-dist/tex/generic/pgf/math/pg
fmathfunctions.random.code.tex)
(/opt/homebrew/Cellar/texlive/20260301/share/texmf-dist/tex/generic/pgf/math/pg
fmathfunctions.comparison.code.tex)
(/opt/homebrew/Cellar/texlive/20260301/share/texmf-dist/tex/generic/pgf/math/pg
fmathfunctions.base.code.tex)
(/opt/homebrew/Cellar/texlive/20260301/share/texmf-dist/tex/generic/pgf/math/pg
fmathfunctions.round.code.tex)
(/opt/homebrew/Cellar/texlive/20260301/share/texmf-dist/tex/generic/pgf/math/pg
fmathfunctions.misc.code.tex)
(/opt/homebrew/Cellar/texlive/20260301/share/texmf-dist/tex/generic/pgf/math/pg
fmathfunctions.integerarithmetics.code.tex)
(/opt/homebrew/Cellar/texlive/20260301/share/texmf-dist/tex/generic/pgf/math/pg
fmathcalc.code.tex)
(/opt/homebrew/Cellar/texlive/20260301/share/texmf-dist/tex/generic/pgf/math/pg
fmathfloat.code.tex))
(/opt/homebrew/Cellar/texlive/20260301/share/texmf-dist/tex/generic/pgf/math/pg
fint.code.tex)
(/opt/homebrew/Cellar/texlive/20260301/share/texmf-dist/tex/generic/pgf/basicla
yer/pgfcorepoints.code.tex)
(/opt/homebrew/Cellar/texlive/20260301/share/texmf-dist/tex/generic/pgf/basicla
yer/pgfcorepathconstruct.code.tex)
(/opt/homebrew/Cellar/texlive/20260301/share/texmf-dist/tex/generic/pgf/basicla
yer/pgfcorepathusage.code.tex)
(/opt/homebrew/Cellar/texlive/20260301/share/texmf-dist/tex/generic/pgf/basicla
yer/pgfcorescopes.code.tex)
(/opt/homebrew/Cellar/texlive/20260301/share/texmf-dist/tex/generic/pgf/basicla
yer/pgfcoregraphicstate.code.tex)
(/opt/homebrew/Cellar/texlive/20260301/share/texmf-dist/tex/generic/pgf/basicla
yer/pgfcoretransformations.code.tex)
(/opt/homebrew/Cellar/texlive/20260301/share/texmf-dist/tex/generic/pgf/basicla
yer/pgfcorequick.code.tex)
(/opt/homebrew/Cellar/texlive/20260301/share/texmf-dist/tex/generic/pgf/basicla
yer/pgfcoreobjects.code.tex)
(/opt/homebrew/Cellar/texlive/20260301/share/texmf-dist/tex/generic/pgf/basicla
yer/pgfcorepathprocessing.code.tex)
(/opt/homebrew/Cellar/texlive/20260301/share/texmf-dist/tex/generic/pgf/basicla
yer/pgfcorearrows.code.tex)
(/opt/homebrew/Cellar/texlive/20260301/share/texmf-dist/tex/generic/pgf/basicla
yer/pgfcoreshade.code.tex)
(/opt/homebrew/Cellar/texlive/20260301/share/texmf-dist/tex/generic/pgf/basicla
yer/pgfcoreimage.code.tex)
(/opt/homebrew/Cellar/texlive/20260301/share/texmf-dist/tex/generic/pgf/basicla
yer/pgfcoreexternal.code.tex)
(/opt/homebrew/Cellar/texlive/20260301/share/texmf-dist/tex/generic/pgf/basicla
yer/pgfcorelayers.code.tex)
(/opt/homebrew/Cellar/texlive/20260301/share/texmf-dist/tex/generic/pgf/basicla
yer/pgfcoretransparency.code.tex)
(/opt/homebrew/Cellar/texlive/20260301/share/texmf-dist/tex/generic/pgf/basicla
yer/pgfcorepatterns.code.tex)
(/opt/homebrew/Cellar/texlive/20260301/share/texmf-dist/tex/generic/pgf/basicla
yer/pgfcorerdf.code.tex)))
(/opt/homebrew/Cellar/texlive/20260301/share/texmf-dist/tex/generic/pgf/modules
/pgfmoduleshapes.code.tex)
(/opt/homebrew/Cellar/texlive/20260301/share/texmf-dist/tex/generic/pgf/modules
/pgfmoduleplot.code.tex)
(/opt/homebrew/Cellar/texlive/20260301/share/texmf-dist/tex/latex/pgf/compatibi
lity/pgfcomp-version-0-65.sty)
(/opt/homebrew/Cellar/texlive/20260301/share/texmf-dist/tex/latex/pgf/compatibi
lity/pgfcomp-version-1-18.sty))
(/opt/homebrew/Cellar/texlive/20260301/share/texmf-dist/tex/latex/pgf/utilities
/pgffor.sty
(/opt/homebrew/Cellar/texlive/20260301/share/texmf-dist/tex/latex/pgf/utilities
/pgfkeys.sty
(/opt/homebrew/Cellar/texlive/20260301/share/texmf-dist/tex/generic/pgf/utiliti
es/pgfkeys.code.tex))
(/opt/homebrew/Cellar/texlive/20260301/share/texmf-dist/tex/latex/pgf/math/pgfm
ath.sty
(/opt/homebrew/Cellar/texlive/20260301/share/texmf-dist/tex/generic/pgf/math/pg
fmath.code.tex))
(/opt/homebrew/Cellar/texlive/20260301/share/texmf-dist/tex/generic/pgf/utiliti
es/pgffor.code.tex))
(/opt/homebrew/Cellar/texlive/20260301/share/texmf-dist/tex/generic/pgf/fronten
dlayer/tikz/tikz.code.tex
(/opt/homebrew/Cellar/texlive/20260301/share/texmf-dist/tex/generic/pgf/librari
es/pgflibraryplothandlers.code.tex)
(/opt/homebrew/Cellar/texlive/20260301/share/texmf-dist/tex/generic/pgf/modules
/pgfmodulematrix.code.tex)
(/opt/homebrew/Cellar/texlive/20260301/share/texmf-dist/tex/generic/pgf/fronten
dlayer/tikz/libraries/tikzlibrarytopaths.code.tex)))
(/opt/homebrew/Cellar/texlive/20260301/share/texmf-dist/tex/generic/pgf/fronten
dlayer/tikz/libraries/tikzlibrarypositioning.code.tex)
(/opt/homebrew/Cellar/texlive/20260301/share/texmf-dist/tex/generic/pgf/fronten
dlayer/tikz/libraries/tikzlibrarycalc.code.tex)
(/opt/homebrew/Cellar/texlive/20260301/share/texmf-dist/tex/latex/tcolorbox/tco
lorbox.sty
(/opt/homebrew/Cellar/texlive/20260301/share/texmf-dist/tex/latex/tools/verbati
m.sty)
(/opt/homebrew/Cellar/texlive/20260301/share/texmf-dist/tex/latex/environ/envir
on.sty
(/opt/homebrew/Cellar/texlive/20260301/share/texmf-dist/tex/latex/trimspaces/tr
imspaces.sty))
(/opt/homebrew/Cellar/texlive/20260301/share/texmf-dist/tex/latex/etoolbox/etoo
lbox.sty)
(/opt/homebrew/Cellar/texlive/20260301/share/texmf-dist/tex/latex/tcolorbox/tcb
raster.code.tex
Library (tcolorbox): 'tcbraster.code.tex' version '6.9.0'
)
(/opt/homebrew/Cellar/texlive/20260301/share/texmf-dist/tex/latex/tcolorbox/tcb
skins.code.tex
Library (tcolorbox): 'tcbskins.code.tex' version '6.9.0'

(/opt/homebrew/Cellar/texlive/20260301/share/texmf-dist/tex/latex/tikzfill/tikz
fill.image.sty
(/opt/homebrew/Cellar/texlive/20260301/share/texmf-dist/tex/latex/tikzfill/tikz
fill-common.sty)
(/opt/homebrew/Cellar/texlive/20260301/share/texmf-dist/tex/latex/tikzfill/tikz
libraryfill.image.code.tex))
(/opt/homebrew/Cellar/texlive/20260301/share/texmf-dist/tex/latex/tcolorbox/tcb
skinsjigsaw.code.tex
Library (tcolorbox): 'tcbskinsjigsaw.code.tex' version '6.9.0'
))
(/opt/homebrew/Cellar/texlive/20260301/share/texmf-dist/tex/latex/tcolorbox/tcb
breakable.code.tex
Library (tcolorbox): 'tcbbreakable.code.tex' version '6.9.0'

(/opt/homebrew/Cellar/texlive/20260301/share/texmf-dist/tex/latex/pdfcol/pdfcol
.sty
(/opt/homebrew/Cellar/texlive/20260301/share/texmf-dist/tex/generic/ltxcmds/ltx
cmds.sty)
(/opt/homebrew/Cellar/texlive/20260301/share/texmf-dist/tex/generic/infwarerr/i
nfwarerr.sty)))
(/opt/homebrew/Cellar/texlive/20260301/share/texmf-dist/tex/latex/tcolorbox/tcb
hooks.code.tex
Library (tcolorbox): 'tcbhooks.code.tex' version '6.9.0'
)
(/opt/homebrew/Cellar/texlive/20260301/share/texmf-dist/tex/latex/tcolorbox/tcb
theorems.code.tex
Library (tcolorbox): 'tcbtheorems.code.tex' version '6.9.0'

(/opt/homebrew/Cellar/texlive/20260301/share/texmf-dist/tex/latex/amsmath/amsma
th.sty
For additional information on amsmath, use the `?' option.

(/opt/homebrew/Cellar/texlive/20260301/share/texmf-dist/tex/latex/amsmath/amste
xt.sty
(/opt/homebrew/Cellar/texlive/20260301/share/texmf-dist/tex/latex/amsmath/amsge
n.sty))
(/opt/homebrew/Cellar/texlive/20260301/share/texmf-dist/tex/latex/amsmath/amsbs
y.sty)
(/opt/homebrew/Cellar/texlive/20260301/share/texmf-dist/tex/latex/amsmath/amsop
n.sty)))
(/opt/homebrew/Cellar/texlive/20260301/share/texmf-dist/tex/latex/tcolorbox/tcb
fitting.code.tex
Library (tcolorbox): 'tcbfitting.code.tex' version '6.9.0'
)
(/opt/homebrew/Cellar/texlive/20260301/share/texmf-dist/tex/latex/tcolorbox/tcb
listingsutf8.code.tex
Library (tcolorbox): 'tcblistingsutf8.code.tex' version '6.9.0'

(/opt/homebrew/Cellar/texlive/20260301/share/texmf-dist/tex/latex/tcolorbox/tcb
listings.code.tex
Library (tcolorbox): 'tcblistings.code.tex' version '6.9.0'

(/opt/homebrew/Cellar/texlive/20260301/share/texmf-dist/tex/latex/listings/list
ings.sty
(/opt/homebrew/Cellar/texlive/20260301/share/texmf-dist/tex/latex/listings/lstp
atch.sty)
(/opt/homebrew/Cellar/texlive/20260301/share/texmf-dist/tex/latex/listings/lstm
isc.sty)
(/opt/homebrew/Cellar/texlive/20260301/share/texmf-dist/tex/latex/listings/list
ings.cfg))
==> First Aid for listings.sty no longer applied!
    Expected:
        2024/09/23 1.10c (Carsten Heinz)
    but found:
        2025/11/14 1.11b (Carsten Heinz)
    so I'm assuming it got fixed.

(/opt/homebrew/Cellar/texlive/20260301/share/texmf-dist/tex/latex/tcolorbox/tcb
listingscore.code.tex
Library (tcolorbox): 'tcblistingscore.code.tex' version '6.9.0'

(/opt/homebrew/Cellar/texlive/20260301/share/texmf-dist/tex/latex/tcolorbox/tcb
processing.code.tex
Library (tcolorbox): 'tcbprocessing.code.tex' version '6.9.0'
))))
(/opt/homebrew/Cellar/texlive/20260301/share/texmf-dist/tex/latex/tcolorbox/tcb
external.code.tex
Library (tcolorbox): 'tcbexternal.code.tex' version '6.9.0'
)
(/opt/homebrew/Cellar/texlive/20260301/share/texmf-dist/tex/latex/tcolorbox/tcb
magazine.code.tex
Library (tcolorbox): 'tcbmagazine.code.tex' version '6.9.0'
)
(/opt/homebrew/Cellar/texlive/20260301/share/texmf-dist/tex/latex/tcolorbox/tcb
vignette.code.tex
Library (tcolorbox): 'tcbvignette.code.tex' version '6.9.0'

(/opt/homebrew/Cellar/texlive/20260301/share/texmf-dist/tex/generic/pgf/fronten
dlayer/tikz/libraries/tikzlibraryfadings.code.tex
(/opt/homebrew/Cellar/texlive/20260301/share/texmf-dist/tex/generic/pgf/librari
es/pgflibraryfadings.code.tex)))
(/opt/homebrew/Cellar/texlive/20260301/share/texmf-dist/tex/latex/tcolorbox/tcb
poster.code.tex
Library (tcolorbox): 'tcbposter.code.tex' version '6.9.0'
))
(/opt/homebrew/Cellar/texlive/20260301/share/texmf-dist/tex/latex/tools/tabular
x.sty
(/opt/homebrew/Cellar/texlive/20260301/share/texmf-dist/tex/latex/tools/array.s
ty))
(/opt/homebrew/Cellar/texlive/20260301/share/texmf-dist/tex/latex/booktabs/book
tabs.sty)
(/opt/homebrew/Cellar/texlive/20260301/share/texmf-dist/tex/latex/enumitem/enum
item.sty)
(/opt/homebrew/Cellar/texlive/20260301/share/texmf-dist/tex/latex/fancyhdr/fanc
yhdr.sty)
(/opt/homebrew/Cellar/texlive/20260301/share/texmf-dist/tex/latex/titlesec/titl
esec.sty)
(/opt/homebrew/Cellar/texlive/20260301/share/texmf-dist/tex/latex/hyperref/hype
rref.sty
(/opt/homebrew/Cellar/texlive/20260301/share/texmf-dist/tex/latex/kvsetkeys/kvs
etkeys.sty)
(/opt/homebrew/Cellar/texlive/20260301/share/texmf-dist/tex/generic/kvdefinekey
s/kvdefinekeys.sty)
(/opt/homebrew/Cellar/texlive/20260301/share/texmf-dist/tex/generic/pdfescape/p
dfescape.sty
(/opt/homebrew/Cellar/texlive/20260301/share/texmf-dist/tex/generic/pdftexcmds/
pdftexcmds.sty))
(/opt/homebrew/Cellar/texlive/20260301/share/texmf-dist/tex/latex/hycolor/hycol
or.sty)
(/opt/homebrew/Cellar/texlive/20260301/share/texmf-dist/tex/latex/hyperref/name
ref.sty
(/opt/homebrew/Cellar/texlive/20260301/share/texmf-dist/tex/latex/refcount/refc
ount.sty)
(/opt/homebrew/Cellar/texlive/20260301/share/texmf-dist/tex/generic/gettitlestr
ing/gettitlestring.sty
(/opt/homebrew/Cellar/texlive/20260301/share/texmf-dist/tex/latex/kvoptions/kvo
ptions.sty)))
(/opt/homebrew/Cellar/texlive/20260301/share/texmf-dist/tex/generic/stringenc/s
tringenc.sty)
(/opt/homebrew/Cellar/texlive/20260301/share/texmf-dist/tex/latex/hyperref/pd1e
nc.def)
(/opt/homebrew/Cellar/texlive/20260301/share/texmf-dist/tex/generic/intcalc/int
calc.sty)
(/opt/homebrew/Cellar/texlive/20260301/share/texmf-dist/tex/latex/hyperref/puen
c.def)
(/opt/homebrew/Cellar/texlive/20260301/share/texmf-dist/tex/latex/url/url.sty)
(/opt/homebrew/Cellar/texlive/20260301/share/texmf-dist/tex/generic/bitset/bits
et.sty
(/opt/homebrew/Cellar/texlive/20260301/share/texmf-dist/tex/generic/bigintcalc/
bigintcalc.sty)))
(/opt/homebrew/Cellar/texlive/20260301/share/texmf-dist/tex/latex/hyperref/hxet
ex.def
(/opt/homebrew/Cellar/texlive/20260301/share/texmf-dist/tex/latex/rerunfilechec
k/rerunfilecheck.sty
(/opt/homebrew/Cellar/texlive/20260301/share/texmf-dist/tex/generic/uniquecount
er/uniquecounter.sty)))
(/opt/homebrew/Cellar/texlive/20260301/share/texmf-dist/tex/latex/microtype/mic
rotype.sty
(/opt/homebrew/Cellar/texlive/20260301/share/texmf-dist/tex/latex/microtype/mic
rotype-xetex.def)
(/opt/homebrew/Cellar/texlive/20260301/share/texmf-dist/tex/latex/microtype/mic
rotype.cfg))
(/opt/homebrew/Cellar/texlive/20260301/share/texmf-dist/tex/latex/setspace/sets
pace.sty)
(/opt/homebrew/Cellar/texlive/20260301/share/texmf-dist/tex/latex/caption/capti
on.sty
(/opt/homebrew/Cellar/texlive/20260301/share/texmf-dist/tex/latex/caption/capti
on3.sty))
(/opt/homebrew/Cellar/texlive/20260301/share/texmf-dist/tex/latex/tools/multico
l.sty)
(/opt/homebrew/Cellar/texlive/20260301/share/texmf-dist/tex/latex/ragged2e/ragg
ed2e.sty)
(/opt/homebrew/Cellar/texlive/20260301/share/texmf-dist/tex/latex/base/ifthen.s
ty)
(/opt/homebrew/Cellar/texlive/20260301/share/texmf-dist/tex/latex/lastpage/last
page.sty
(/opt/homebrew/Cellar/texlive/20260301/share/texmf-dist/tex/latex/lastpage/last
page2e.sty
(/opt/homebrew/Cellar/texlive/20260301/share/texmf-dist/tex/latex/lastpage/last
pagemodern.sty) 
)))
(/opt/homebrew/Cellar/texlive/20260301/share/texmf-dist/tex/latex/markdown/mark
down.sty
(/opt/homebrew/Cellar/texlive/20260301/share/texmf-dist/tex/generic/markdown/ma
rkdown.tex
(/opt/homebrew/Cellar/texlive/20260301/share/texmf-dist/tex/generic/lt3luabridg
e/lt3luabridge.tex))
(|TEXMF_OUTPUT_DIRECTORY=${TEXMF_OUTPUT_DIRECTORY:-.}
texlua $TEXMF_OUTPUT_DIRECTORY/volume-8-engineering-cerebro.luabridge.lua))
(/opt/homebrew/Cellar/texlive/20260301/share/texmf-dist/tex/latex/markdown/mark
downthemewitiko_markdown_defaults.sty
(/opt/homebrew/Cellar/texlive/20260301/share/texmf-dist/tex/generic/markdown/ma
rkdownthemewitiko_markdown_defaults.tex)
(/opt/homebrew/Cellar/texlive/20260301/share/texmf-dist/tex/latex/amsfonts/amss
ymb.sty
(/opt/homebrew/Cellar/texlive/20260301/share/texmf-dist/tex/latex/amsfonts/amsf
onts.sty))
(/opt/homebrew/Cellar/texlive/20260301/share/texmf-dist/tex/latex/csvsimple/csv
simple.sty)
(/opt/homebrew/Cellar/texlive/20260301/share/texmf-dist/tex/latex/csvsimple/csv
simple-legacy.sty
(/opt/homebrew/Cellar/texlive/20260301/share/texmf-dist/tex/latex/tools/shelles
c.sty))
(/opt/homebrew/Cellar/texlive/20260301/share/texmf-dist/tex/latex/fancyvrb/fanc
yvrb.sty)
(/opt/homebrew/Cellar/texlive/20260301/share/texmf-dist/tex/generic/soul/soul.s
ty
(/opt/homebrew/Cellar/texlive/20260301/share/texmf-dist/tex/generic/soul/soul-o
ri.sty)
(/opt/homebrew/Cellar/texlive/20260301/share/texmf-dist/tex/generic/etexcmds/et
excmds.sty)))
(/Users/rob/dev/Presentation/ROB-Books/tmp/pdfs/volume-8-engineering-cerebro.au
x)
*geometry* driver: auto-detecting
*geometry* detected driver: xetex

(/Users/rob/dev/Presentation/ROB-Books/tmp/pdfs/volume-8-engineering-cerebro.ou
t)
(/Users/rob/dev/Presentation/ROB-Books/tmp/pdfs/volume-8-engineering-cerebro.ou
t)

Package microtype Warning: Unable to apply patch `footnote' on input line 31.

[1] [2]
(/opt/homebrew/Cellar/texlive/20260301/share/texmf-dist/tex/latex/amsfonts/umsa
.fd)
(/opt/homebrew/Cellar/texlive/20260301/share/texmf-dist/tex/latex/microtype/mt-
msa.cfg)
(/opt/homebrew/Cellar/texlive/20260301/share/texmf-dist/tex/latex/amsfonts/umsb
.fd)
(/opt/homebrew/Cellar/texlive/20260301/share/texmf-dist/tex/latex/microtype/mt-
msb.cfg)
(/opt/homebrew/Cellar/texlive/20260301/share/texmf-dist/tex/latex/microtype/mt-
cmr.cfg) [3] [4]
(/Users/rob/dev/Presentation/ROB-Books/tmp/pdfs/volume-8-engineering-cerebro.to
c [5]) [6]
(|texlua /Users/rob/dev/Presentation/ROB-Books/tmp/pdfs/volume-8-engineering-ce
rebro.luabridge.lua)
(/Users/rob/dev/Presentation/ROB-Books/tmp/pdfs/_markdown_volume-8-engineering-
cerebro/f19fe1e3f0d854229e0aceb37f7eb26d.md.tex
Chapter 1.

(/Users/rob/dev/Presentation/ROB-Books/tmp/pdfs/_markdown_volume-8-engineering-
cerebro/9fd0e41554294ec56b231a6826111832.verbatim)
Overfull \hbox (45.00717pt too wide) in paragraph at lines 8--8
[]\TU/AvenirNext(0)/b/n/10 SOURCE TRAIL — ANALYZING NOW: \TU/Menlo(0)/m/n/10 RE
ADME.md\TU/AvenirNext(0)/m/n/10 , \TU/Menlo(0)/m/n/10 Cerebro.xcodeproj/project
.pbxproj\TU/AvenirNext(0)/m/n/10 , \TU/Menlo(0)/m/n/10 Cerebro/AppDelegate.m\TU
/AvenirNext(0)/m/n/10 ,
[1]
Chapter 2.

Overfull \hbox (160.40305pt too wide) in paragraph at lines 14--14
[][] 
[2]
Chapter 3.

Overfull \hbox (96.10486pt too wide) in paragraph at lines 20--20
[]\TU/AvenirNext(0)/b/n/10 SOURCE TRAIL — ANALYZING NOW: \TU/Menlo(0)/m/n/10 Ce
rebro.xcodeproj/project.xcworkspace/xcshareddata/swiftpm/Package.resolved\TU/Av
enirNext(0)/m/n/10 ,

(/Users/rob/dev/Presentation/ROB-Books/tmp/pdfs/_markdown_volume-8-engineering-
cerebro/aad5a77dca6dbea3ff874e385bbaad9a.verbatim) [3]
Chapter 4.
[4]
Chapter 5.

(/Users/rob/dev/Presentation/ROB-Books/tmp/pdfs/_markdown_volume-8-engineering-
cerebro/149ccede00aab17d105c7984449163f1.verbatim) [5]
Chapter 6.

(/Users/rob/dev/Presentation/ROB-Books/tmp/pdfs/_markdown_volume-8-engineering-
cerebro/acfafe86ee40f44f1d691aaf02ef9922.verbatim) [6]
Chapter 7.
[7]
Chapter 8.

(/Users/rob/dev/Presentation/ROB-Books/tmp/pdfs/_markdown_volume-8-engineering-
cerebro/c999fc48ac9fd4473cb5693430299a1f.verbatim) [8]
Chapter 9.

Overfull \hbox (119.3564pt too wide) in paragraph at lines 79--79
[]\TU/AvenirNext(0)/b/n/10 SOURCE TRAIL — ANALYZING NOW: \TU/Menlo(0)/m/n/10 RO
BSerialBox.m \TU/AvenirNext(0)/m/n/10 methods \TU/Menlo(0)/m/n/10 applyVisionNe
ckPan:tilt:\TU/AvenirNext(0)/m/n/10 , \TU/Menlo(0)/m/n/10 applyVisionTorsoActiv
e:rotation:\TU/AvenirNext(0)/m/n/10 ,

(/Users/rob/dev/Presentation/ROB-Books/tmp/pdfs/_markdown_volume-8-engineering-
cerebro/ca591f4c594505042628ca5a2307484c.verbatim) [9]
Chapter 10.

Overfull \hbox (10.59163pt too wide) in paragraph at lines 88--88
[]\TU/AvenirNext(0)/b/n/10 SOURCE TRAIL — ANALYZING NOW: \TU/Menlo(0)/m/n/10 Ce
rebro/Cerebro-Bridging-Header.h\TU/AvenirNext(0)/m/n/10 , \TU/Menlo(0)/m/n/10 R
OBMainViewController.mm\TU/AvenirNext(0)/m/n/10 ,
[10]
Chapter 11.

Overfull \hbox (33.48793pt too wide) in paragraph at lines 103--103
[]\TU/AvenirNext(0)/b/n/10 SOURCE TRAIL — ANALYZING NOW: \TU/Menlo(0)/m/n/10 Ce
rebro/CameraManager.swift \TU/AvenirNext(0)/m/n/10 types \TU/Menlo(0)/m/n/10 Ca
meraSource\TU/AvenirNext(0)/m/n/10 , \TU/Menlo(0)/m/n/10 CameraSourceState\TU/A
venirNext(0)/m/n/10 ,

Overfull \hbox (22.54526pt too wide) in paragraph at lines 104--104
[]\TU/AvenirNext(0)/m/n/10 The AVFoundation path discovers a camera, chooses a 
format, configures \TU/Menlo(0)/m/n/10 AVCaptureSession\TU/AvenirNext(0)/m/n/10
 , and receives \TU/Menlo(0)/m/n/10 CMSampleBuffer
[11]
Chapter 12.

Overfull \hbox (40.01013pt too wide) in paragraph at lines 111--111
[]\TU/AvenirNext(0)/b/n/10 SOURCE TRAIL — ANALYZING NOW: \TU/Menlo(0)/m/n/10 do
cs/depth-camera.md\TU/AvenirNext(0)/m/n/10 , \TU/Menlo(0)/m/n/10 Cerebro/Webcam
_color.py\TU/AvenirNext(0)/m/n/10 , \TU/Menlo(0)/m/n/10 CameraManager.swift\TU/
AvenirNext(0)/m/n/10 ,
[12]
Chapter 13.

Overfull \hbox (0.59756pt too wide) in paragraph at lines 124--124
[]\TU/AvenirNext(0)/b/n/10 SOURCE TRAIL — ANALYZING NOW: \TU/Menlo(0)/m/n/10 Ca
meraViewController.swift\TU/AvenirNext(0)/m/n/10 , \TU/Menlo(0)/m/n/10 HumanBod
yPose3DDetector.swift\TU/AvenirNext(0)/m/n/10 ,

(/Users/rob/dev/Presentation/ROB-Books/tmp/pdfs/_markdown_volume-8-engineering-
cerebro/4a9d3bb22c85c3d3aa3ab1ebba53e5be.verbatim) [13]
Chapter 14.
[14]
Chapter 15.
[15]
Chapter 16.

Overfull \hbox (25.58272pt too wide) in paragraph at lines 146--146
[]\TU/AvenirNext(0)/b/n/10 SOURCE TRAIL — ANALYZING NOW: \TU/Menlo(0)/m/n/10 Ce
rebro/ROBMLXRuntime.swift\TU/AvenirNext(0)/m/n/10 , \TU/Menlo(0)/m/n/10 ROBMLXI
mprovisationProvider.swift\TU/AvenirNext(0)/m/n/10 ,

Overfull \hbox (29.10263pt too wide) in paragraph at lines 147--147
\TU/AvenirNext(0)/m/n/10 and semantic memory without blocking the main actor. T
he initial local LLM is \TU/Menlo(0)/m/n/10 mlx-community/Llama-3.2-1B-Instruct
-4bit\TU/AvenirNext(0)/m/n/10 ;
[16]
Chapter 17.
[17]
Chapter 18.

(/Users/rob/dev/Presentation/ROB-Books/tmp/pdfs/_markdown_volume-8-engineering-
cerebro/0dd41ca32e96b4eff655b714e202e2da.verbatim) [18]
Chapter 19.

Overfull \hbox (174.93002pt too wide) in paragraph at lines 169--169
[]\TU/AvenirNext(0)/b/n/10 SOURCE TRAIL — ANALYZING NOW: \TU/Menlo(0)/m/n/10 Ce
rebro/ROBAI.swift\TU/AvenirNext(0)/m/n/10 , \TU/Menlo(0)/m/n/10 GeminiRoboticsP
rotocol.swift\TU/AvenirNext(0)/m/n/10 , \TU/Menlo(0)/m/n/10 ROBGeminiDiagnostic
sWindowController.swift\TU/AvenirNext(0)/m/n/10 ,
[19]
Chapter 20.

(/Users/rob/dev/Presentation/ROB-Books/tmp/pdfs/_markdown_volume-8-engineering-
cerebro/8900aaf09ec0b695a56b97173cca51af.verbatim) [20]
Chapter 21.

Overfull \hbox (69.99232pt too wide) in paragraph at lines 186--186
[]\TU/AvenirNext(0)/b/n/10 SOURCE TRAIL — ANALYZING NOW: \TU/Menlo(0)/m/n/10 RO
BVideoServer.swift\TU/AvenirNext(0)/m/n/10 , \TU/Menlo(0)/m/n/10 ROBVideoProtoc
ol.swift\TU/AvenirNext(0)/m/n/10 , \TU/Menlo(0)/m/n/10 ROBCameraH264Encoder.swi
ft\TU/AvenirNext(0)/m/n/10 ,
[21]
Chapter 22.

Overfull \hbox (45.57085pt too wide) in paragraph at lines 194--194
[]\TU/AvenirNext(0)/b/n/10 SOURCE TRAIL — ANALYZING NOW: \TU/Menlo(0)/m/n/10 Ce
rebro/ROBNiTEManager/\TU/AvenirNext(0)/m/n/10 , \TU/Menlo(0)/m/n/10 Cerebro/Tas
kControllers/ROBNiTEManager.mm\TU/AvenirNext(0)/m/n/10 ,
[22]
Chapter 23.
[23]
Chapter 24.

Overfull \hbox (95.54118pt too wide) in paragraph at lines 215--215
[]\TU/AvenirNext(0)/b/n/10 SOURCE TRAIL — ANALYZING NOW: \TU/Menlo(0)/m/n/10 RO
BSaberChoreography.swift\TU/AvenirNext(0)/m/n/10 , \TU/Menlo(0)/m/n/10 StageSho
ws/ProgressiveSaberTraining.robshow.json\TU/AvenirNext(0)/m/n/10 ,

Overfull \hbox (71.07722pt too wide) in paragraph at lines 215--215
\TU/Menlo(0)/m/n/10 GalacticSaberBattle.robshow.json\TU/AvenirNext(0)/m/n/10 , 
\TU/Menlo(0)/m/n/10 ROBAmberB1Kinematics.swift\TU/AvenirNext(0)/m/n/10 , and \T
U/Menlo(0)/m/n/10 Tests/ROBSaberChoreographyFixtureTests.swift\TU/AvenirNext(0)
/m/n/10 . 
[24]
Chapter 25.

Overfull \hbox (0.59756pt too wide) in paragraph at lines 223--223
[]\TU/AvenirNext(0)/b/n/10 SOURCE TRAIL — ANALYZING NOW: \TU/Menlo(0)/m/n/10 RO
BStageShowProtocol.swift\TU/AvenirNext(0)/m/n/10 , \TU/Menlo(0)/m/n/10 ROBStage
ShowCoordinator.swift\TU/AvenirNext(0)/m/n/10 ,

Overfull \hbox (141.03568pt too wide) in paragraph at lines 223--223
\TU/Menlo(0)/m/n/10 ROBStageShowWindowController.swift\TU/AvenirNext(0)/m/n/10 
, \TU/Menlo(0)/m/n/10 StageShows/OrbitusTenMinuteComedy.robshow.json\TU/AvenirN
ext(0)/m/n/10 , and \TU/Menlo(0)/m/n/10 Tests/ROBStageShowFixtureTests.swift\TU
/AvenirNext(0)/m/n/10 . 
[25]
Chapter 26.

Overfull \hbox (1.65997pt too wide) in paragraph at lines 246--246
[]\TU/AvenirNext(0)/m/n/10 Then perform a staged hardware test: no-power simula
tion, powered actuators mechanically isolated, wheels/treads
[26]
Chapter 27.
[27]
Chapter 28.

(/Users/rob/dev/Presentation/ROB-Books/tmp/pdfs/_markdown_volume-8-engineering-
cerebro/8299ced50d688155a8a316e2ee3711ae.verbatim)
Overfull \hbox (71.2293pt too wide) in paragraph at lines 270--270
[]\TU/AvenirNext(0)/m/n/10 For camera work, preserve \TU/Menlo(0)/m/n/10 Camera
ManagerProtocol \TU/AvenirNext(0)/m/n/10 and \TU/Menlo(0)/m/n/10 CameraFrameSet
\TU/AvenirNext(0)/m/n/10 . For model work, preserve \TU/Menlo(0)/m/n/10 ROBLoca
lImprovisationProviding\TU/AvenirNext(0)/m/n/10 ,
[28]
Chapter 29.
[29]
Chapter 30.
[30]
Chapter 31.
) [31] 
enddocument/afterlastpage (AED): lastpage setting LastPage.

(/Users/rob/dev/Presentation/ROB-Books/tmp/pdfs/volume-8-engineering-cerebro.au
x) )
(see the transcript file for additional information)
Output written on /Users/rob/dev/Presentation/ROB-Books/tmp/pdfs/volume-8-engin
eering-cerebro.xdv (37 pages, 621636 bytes).
Transcript written on /Users/rob/dev/Presentation/ROB-Books/tmp/pdfs/volume-8-e
ngineering-cerebro.log.
Latexmk: Getting log file '/Users/rob/dev/Presentation/ROB-Books/tmp/pdfs/volume-8-engineering-cerebro.log'
Latexmk: Examining '/Users/rob/dev/Presentation/ROB-Books/tmp/pdfs/volume-8-engineering-cerebro.fls'
Latexmk: Examining '/Users/rob/dev/Presentation/ROB-Books/tmp/pdfs/volume-8-engineering-cerebro.log'
Latexmk: Log file says output to '/Users/rob/dev/Presentation/ROB-Books/tmp/pdfs/volume-8-engineering-cerebro.xdv'
Latexmk: Using bibtex to make bibliography file(s).
Latexmk: applying rule 'xdvipdfmx'...
Rule 'xdvipdfmx':  Reasons for rerun
Category 'other':
  Rerun of 'xdvipdfmx' forced or previously required:
    Reason or flag: 'go_mode'

------------
Run number 1 of rule 'xdvipdfmx'
------------
------------
Running 'xdvipdfmx -E -o "/Users/rob/dev/Presentation/ROB-Books/tmp/pdfs/volume-8-engineering-cerebro.pdf"  "/Users/rob/dev/Presentation/ROB-Books/tmp/pdfs/volume-8-engineering-cerebro.xdv"'
------------
/Users/rob/dev/Presentation/ROB-Books/tmp/pdfs/volume-8-engineering-cerebro.xdv -> /Users/rob/dev/Presentation/ROB-Books/tmp/pdfs/volume-8-engineering-cerebro.pdf
[1][2][3][4][5][6][7
xdvipdfmx:warning: Object @page.1 already defined.
][8
xdvipdfmx:warning: Object @page.2 already defined.
][9
xdvipdfmx:warning: Object @page.3 already defined.
][10
xdvipdfmx:warning: Object @page.4 already defined.
][11
xdvipdfmx:warning: Object @page.5 already defined.
][12
xdvipdfmx:warning: Object @page.6 already defined.
][13][14][15][16][17][18][19][20][21][22][23][24][25][26][27][28][29][30][31][32][33][34][35][36][37]
2708385 bytes written
Latexmk: All targets (/Users/rob/dev/Presentation/ROB-Books/tmp/pdfs/volume-8-engineering-cerebro.xdv /Users/rob/dev/Presentation/ROB-Books/tmp/pdfs/volume-8-engineering-cerebro.pdf) are up-to-date

Rc files read:
  NONE
Latexmk: This is Latexmk, John Collins, 15 June 2025. Version 4.87.
Force everything to be remade.
Latexmk: applying rule 'xelatex'...
Rule 'xelatex':  Reasons for rerun
Category 'other':
  Rerun of 'xelatex' forced or previously required:
    Reason or flag: 'go_mode'

------------
Run number 1 of rule 'xelatex'
------------
------------
Running 'xelatex -no-pdf -interaction=nonstopmode -halt-on-error -file-line-error -recorder -output-directory="/Users/rob/dev/Presentation/ROB-Books/tmp/pdfs"  "complete-builders-field-manual.tex"'
------------
This is XeTeX, Version 3.141592653-2.6-0.999998 (TeX Live 2026/Homebrew) (preloaded format=xelatex)
 restricted \write18 enabled.
entering extended mode
(./complete-builders-field-manual.tex
LaTeX2e <2025-11-01>
L3 programming layer <2026-01-19>

(/opt/homebrew/Cellar/texlive/20260301/share/texmf-dist/tex/latex/base/book.cls
Document Class: book 2025/01/22 v1.4n Standard LaTeX document class

(/opt/homebrew/Cellar/texlive/20260301/share/texmf-dist/tex/latex/base/bk10.clo
)) (./robbook.sty
(/opt/homebrew/Cellar/texlive/20260301/share/texmf-dist/tex/latex/geometry/geom
etry.sty
(/opt/homebrew/Cellar/texlive/20260301/share/texmf-dist/tex/latex/graphics/keyv
al.sty)
(/opt/homebrew/Cellar/texlive/20260301/share/texmf-dist/tex/generic/iftex/ifvte
x.sty
(/opt/homebrew/Cellar/texlive/20260301/share/texmf-dist/tex/generic/iftex/iftex
.sty)))
(/opt/homebrew/Cellar/texlive/20260301/share/texmf-dist/tex/latex/fontspec/font
spec.sty
(/opt/homebrew/Cellar/texlive/20260301/share/texmf-dist/tex/latex/l3packages/xp
arse/xparse.sty
(/opt/homebrew/Cellar/texlive/20260301/share/texmf-dist/tex/latex/l3kernel/expl
3.sty
(/opt/homebrew/Cellar/texlive/20260301/share/texmf-dist/tex/latex/l3backend/l3b
ackend-xetex.def)))
(/opt/homebrew/Cellar/texlive/20260301/share/texmf-dist/tex/latex/fontspec/font
spec-xetex.sty
(/opt/homebrew/Cellar/texlive/20260301/share/texmf-dist/tex/latex/base/fontenc.
sty)
(/opt/homebrew/Cellar/texlive/20260301/share/texmf-dist/tex/latex/fontspec/font
spec.cfg)))
(/opt/homebrew/Cellar/texlive/20260301/share/texmf-dist/tex/latex/graphics/grap
hicx.sty
(/opt/homebrew/Cellar/texlive/20260301/share/texmf-dist/tex/latex/graphics/grap
hics.sty
(/opt/homebrew/Cellar/texlive/20260301/share/texmf-dist/tex/latex/graphics/trig
.sty)
(/opt/homebrew/Cellar/texlive/20260301/share/texmf-dist/tex/latex/graphics-cfg/
graphics.cfg)
(/opt/homebrew/Cellar/texlive/20260301/share/texmf-dist/tex/latex/graphics-def/
xetex.def)))
(/opt/homebrew/Cellar/texlive/20260301/share/texmf-dist/tex/latex/adjustbox/adj
ustbox.sty
(/opt/homebrew/Cellar/texlive/20260301/share/texmf-dist/tex/latex/xkeyval/xkeyv
al.sty
(/opt/homebrew/Cellar/texlive/20260301/share/texmf-dist/tex/generic/xkeyval/xke
yval.tex
(/opt/homebrew/Cellar/texlive/20260301/share/texmf-dist/tex/generic/xkeyval/xkv
utils.tex)))
(/opt/homebrew/Cellar/texlive/20260301/share/texmf-dist/tex/latex/adjustbox/adj
calc.sty)
(/opt/homebrew/Cellar/texlive/20260301/share/texmf-dist/tex/latex/adjustbox/tri
mclip.sty
(/opt/homebrew/Cellar/texlive/20260301/share/texmf-dist/tex/latex/collectbox/co
llectbox.sty)
(/opt/homebrew/Cellar/texlive/20260301/share/texmf-dist/tex/latex/adjustbox/tc-
xetex.def))
(/opt/homebrew/Cellar/texlive/20260301/share/texmf-dist/tex/latex/ifoddpage/ifo
ddpage.sty)
(/opt/homebrew/Cellar/texlive/20260301/share/texmf-dist/tex/latex/varwidth/varw
idth.sty)
==> First Aid for varwidth.sty applied!
)
(/opt/homebrew/Cellar/texlive/20260301/share/texmf-dist/tex/latex/pgf/frontendl
ayer/tikz.sty
(/opt/homebrew/Cellar/texlive/20260301/share/texmf-dist/tex/latex/pgf/basiclaye
r/pgf.sty
(/opt/homebrew/Cellar/texlive/20260301/share/texmf-dist/tex/latex/pgf/utilities
/pgfrcs.sty
(/opt/homebrew/Cellar/texlive/20260301/share/texmf-dist/tex/generic/pgf/utiliti
es/pgfutil-common.tex)
(/opt/homebrew/Cellar/texlive/20260301/share/texmf-dist/tex/generic/pgf/utiliti
es/pgfutil-latex.def)
(/opt/homebrew/Cellar/texlive/20260301/share/texmf-dist/tex/generic/pgf/utiliti
es/pgfrcs.code.tex
(/opt/homebrew/Cellar/texlive/20260301/share/texmf-dist/tex/generic/pgf/pgf.rev
ision.tex)))
(/opt/homebrew/Cellar/texlive/20260301/share/texmf-dist/tex/latex/pgf/basiclaye
r/pgfcore.sty
(/opt/homebrew/Cellar/texlive/20260301/share/texmf-dist/tex/latex/pgf/systemlay
er/pgfsys.sty
(/opt/homebrew/Cellar/texlive/20260301/share/texmf-dist/tex/generic/pgf/systeml
ayer/pgfsys.code.tex
(/opt/homebrew/Cellar/texlive/20260301/share/texmf-dist/tex/generic/pgf/utiliti
es/pgfkeys.code.tex
(/opt/homebrew/Cellar/texlive/20260301/share/texmf-dist/tex/generic/pgf/utiliti
es/pgfkeyslibraryfiltered.code.tex))
(/opt/homebrew/Cellar/texlive/20260301/share/texmf-dist/tex/generic/pgf/systeml
ayer/pgf.cfg)
(/opt/homebrew/Cellar/texlive/20260301/share/texmf-dist/tex/generic/pgf/systeml
ayer/pgfsys-xetex.def
(/opt/homebrew/Cellar/texlive/20260301/share/texmf-dist/tex/generic/pgf/systeml
ayer/pgfsys-dvipdfmx.def
(/opt/homebrew/Cellar/texlive/20260301/share/texmf-dist/tex/generic/pgf/systeml
ayer/pgfsys-common-pdf.def))))
(/opt/homebrew/Cellar/texlive/20260301/share/texmf-dist/tex/generic/pgf/systeml
ayer/pgfsyssoftpath.code.tex)
(/opt/homebrew/Cellar/texlive/20260301/share/texmf-dist/tex/generic/pgf/systeml
ayer/pgfsysprotocol.code.tex))
(/opt/homebrew/Cellar/texlive/20260301/share/texmf-dist/tex/latex/xcolor/xcolor
.sty
(/opt/homebrew/Cellar/texlive/20260301/share/texmf-dist/tex/latex/graphics-cfg/
color.cfg)
(/opt/homebrew/Cellar/texlive/20260301/share/texmf-dist/tex/latex/graphics/math
color.ltx))
(/opt/homebrew/Cellar/texlive/20260301/share/texmf-dist/tex/generic/pgf/basicla
yer/pgfcore.code.tex
(/opt/homebrew/Cellar/texlive/20260301/share/texmf-dist/tex/generic/pgf/math/pg
fmath.code.tex
(/opt/homebrew/Cellar/texlive/20260301/share/texmf-dist/tex/generic/pgf/math/pg
fmathutil.code.tex)
(/opt/homebrew/Cellar/texlive/20260301/share/texmf-dist/tex/generic/pgf/math/pg
fmathparser.code.tex)
(/opt/homebrew/Cellar/texlive/20260301/share/texmf-dist/tex/generic/pgf/math/pg
fmathfunctions.code.tex)
(/opt/homebrew/Cellar/texlive/20260301/share/texmf-dist/tex/generic/pgf/math/pg
fmathfunctions.basic.code.tex)
(/opt/homebrew/Cellar/texlive/20260301/share/texmf-dist/tex/generic/pgf/math/pg
fmathfunctions.trigonometric.code.tex)
(/opt/homebrew/Cellar/texlive/20260301/share/texmf-dist/tex/generic/pgf/math/pg
fmathfunctions.random.code.tex)
(/opt/homebrew/Cellar/texlive/20260301/share/texmf-dist/tex/generic/pgf/math/pg
fmathfunctions.comparison.code.tex)
(/opt/homebrew/Cellar/texlive/20260301/share/texmf-dist/tex/generic/pgf/math/pg
fmathfunctions.base.code.tex)
(/opt/homebrew/Cellar/texlive/20260301/share/texmf-dist/tex/generic/pgf/math/pg
fmathfunctions.round.code.tex)
(/opt/homebrew/Cellar/texlive/20260301/share/texmf-dist/tex/generic/pgf/math/pg
fmathfunctions.misc.code.tex)
(/opt/homebrew/Cellar/texlive/20260301/share/texmf-dist/tex/generic/pgf/math/pg
fmathfunctions.integerarithmetics.code.tex)
(/opt/homebrew/Cellar/texlive/20260301/share/texmf-dist/tex/generic/pgf/math/pg
fmathcalc.code.tex)
(/opt/homebrew/Cellar/texlive/20260301/share/texmf-dist/tex/generic/pgf/math/pg
fmathfloat.code.tex))
(/opt/homebrew/Cellar/texlive/20260301/share/texmf-dist/tex/generic/pgf/math/pg
fint.code.tex)
(/opt/homebrew/Cellar/texlive/20260301/share/texmf-dist/tex/generic/pgf/basicla
yer/pgfcorepoints.code.tex)
(/opt/homebrew/Cellar/texlive/20260301/share/texmf-dist/tex/generic/pgf/basicla
yer/pgfcorepathconstruct.code.tex)
(/opt/homebrew/Cellar/texlive/20260301/share/texmf-dist/tex/generic/pgf/basicla
yer/pgfcorepathusage.code.tex)
(/opt/homebrew/Cellar/texlive/20260301/share/texmf-dist/tex/generic/pgf/basicla
yer/pgfcorescopes.code.tex)
(/opt/homebrew/Cellar/texlive/20260301/share/texmf-dist/tex/generic/pgf/basicla
yer/pgfcoregraphicstate.code.tex)
(/opt/homebrew/Cellar/texlive/20260301/share/texmf-dist/tex/generic/pgf/basicla
yer/pgfcoretransformations.code.tex)
(/opt/homebrew/Cellar/texlive/20260301/share/texmf-dist/tex/generic/pgf/basicla
yer/pgfcorequick.code.tex)
(/opt/homebrew/Cellar/texlive/20260301/share/texmf-dist/tex/generic/pgf/basicla
yer/pgfcoreobjects.code.tex)
(/opt/homebrew/Cellar/texlive/20260301/share/texmf-dist/tex/generic/pgf/basicla
yer/pgfcorepathprocessing.code.tex)
(/opt/homebrew/Cellar/texlive/20260301/share/texmf-dist/tex/generic/pgf/basicla
yer/pgfcorearrows.code.tex)
(/opt/homebrew/Cellar/texlive/20260301/share/texmf-dist/tex/generic/pgf/basicla
yer/pgfcoreshade.code.tex)
(/opt/homebrew/Cellar/texlive/20260301/share/texmf-dist/tex/generic/pgf/basicla
yer/pgfcoreimage.code.tex)
(/opt/homebrew/Cellar/texlive/20260301/share/texmf-dist/tex/generic/pgf/basicla
yer/pgfcoreexternal.code.tex)
(/opt/homebrew/Cellar/texlive/20260301/share/texmf-dist/tex/generic/pgf/basicla
yer/pgfcorelayers.code.tex)
(/opt/homebrew/Cellar/texlive/20260301/share/texmf-dist/tex/generic/pgf/basicla
yer/pgfcoretransparency.code.tex)
(/opt/homebrew/Cellar/texlive/20260301/share/texmf-dist/tex/generic/pgf/basicla
yer/pgfcorepatterns.code.tex)
(/opt/homebrew/Cellar/texlive/20260301/share/texmf-dist/tex/generic/pgf/basicla
yer/pgfcorerdf.code.tex)))
(/opt/homebrew/Cellar/texlive/20260301/share/texmf-dist/tex/generic/pgf/modules
/pgfmoduleshapes.code.tex)
(/opt/homebrew/Cellar/texlive/20260301/share/texmf-dist/tex/generic/pgf/modules
/pgfmoduleplot.code.tex)
(/opt/homebrew/Cellar/texlive/20260301/share/texmf-dist/tex/latex/pgf/compatibi
lity/pgfcomp-version-0-65.sty)
(/opt/homebrew/Cellar/texlive/20260301/share/texmf-dist/tex/latex/pgf/compatibi
lity/pgfcomp-version-1-18.sty))
(/opt/homebrew/Cellar/texlive/20260301/share/texmf-dist/tex/latex/pgf/utilities
/pgffor.sty
(/opt/homebrew/Cellar/texlive/20260301/share/texmf-dist/tex/latex/pgf/utilities
/pgfkeys.sty
(/opt/homebrew/Cellar/texlive/20260301/share/texmf-dist/tex/generic/pgf/utiliti
es/pgfkeys.code.tex))
(/opt/homebrew/Cellar/texlive/20260301/share/texmf-dist/tex/latex/pgf/math/pgfm
ath.sty
(/opt/homebrew/Cellar/texlive/20260301/share/texmf-dist/tex/generic/pgf/math/pg
fmath.code.tex))
(/opt/homebrew/Cellar/texlive/20260301/share/texmf-dist/tex/generic/pgf/utiliti
es/pgffor.code.tex))
(/opt/homebrew/Cellar/texlive/20260301/share/texmf-dist/tex/generic/pgf/fronten
dlayer/tikz/tikz.code.tex
(/opt/homebrew/Cellar/texlive/20260301/share/texmf-dist/tex/generic/pgf/librari
es/pgflibraryplothandlers.code.tex)
(/opt/homebrew/Cellar/texlive/20260301/share/texmf-dist/tex/generic/pgf/modules
/pgfmodulematrix.code.tex)
(/opt/homebrew/Cellar/texlive/20260301/share/texmf-dist/tex/generic/pgf/fronten
dlayer/tikz/libraries/tikzlibrarytopaths.code.tex)))
(/opt/homebrew/Cellar/texlive/20260301/share/texmf-dist/tex/generic/pgf/fronten
dlayer/tikz/libraries/tikzlibrarypositioning.code.tex)
(/opt/homebrew/Cellar/texlive/20260301/share/texmf-dist/tex/generic/pgf/fronten
dlayer/tikz/libraries/tikzlibrarycalc.code.tex)
(/opt/homebrew/Cellar/texlive/20260301/share/texmf-dist/tex/latex/tcolorbox/tco
lorbox.sty
(/opt/homebrew/Cellar/texlive/20260301/share/texmf-dist/tex/latex/tools/verbati
m.sty)
(/opt/homebrew/Cellar/texlive/20260301/share/texmf-dist/tex/latex/environ/envir
on.sty
(/opt/homebrew/Cellar/texlive/20260301/share/texmf-dist/tex/latex/trimspaces/tr
imspaces.sty))
(/opt/homebrew/Cellar/texlive/20260301/share/texmf-dist/tex/latex/etoolbox/etoo
lbox.sty)
(/opt/homebrew/Cellar/texlive/20260301/share/texmf-dist/tex/latex/tcolorbox/tcb
raster.code.tex
Library (tcolorbox): 'tcbraster.code.tex' version '6.9.0'
)
(/opt/homebrew/Cellar/texlive/20260301/share/texmf-dist/tex/latex/tcolorbox/tcb
skins.code.tex
Library (tcolorbox): 'tcbskins.code.tex' version '6.9.0'

(/opt/homebrew/Cellar/texlive/20260301/share/texmf-dist/tex/latex/tikzfill/tikz
fill.image.sty
(/opt/homebrew/Cellar/texlive/20260301/share/texmf-dist/tex/latex/tikzfill/tikz
fill-common.sty)
(/opt/homebrew/Cellar/texlive/20260301/share/texmf-dist/tex/latex/tikzfill/tikz
libraryfill.image.code.tex))
(/opt/homebrew/Cellar/texlive/20260301/share/texmf-dist/tex/latex/tcolorbox/tcb
skinsjigsaw.code.tex
Library (tcolorbox): 'tcbskinsjigsaw.code.tex' version '6.9.0'
))
(/opt/homebrew/Cellar/texlive/20260301/share/texmf-dist/tex/latex/tcolorbox/tcb
breakable.code.tex
Library (tcolorbox): 'tcbbreakable.code.tex' version '6.9.0'

(/opt/homebrew/Cellar/texlive/20260301/share/texmf-dist/tex/latex/pdfcol/pdfcol
.sty
(/opt/homebrew/Cellar/texlive/20260301/share/texmf-dist/tex/generic/ltxcmds/ltx
cmds.sty)
(/opt/homebrew/Cellar/texlive/20260301/share/texmf-dist/tex/generic/infwarerr/i
nfwarerr.sty)))
(/opt/homebrew/Cellar/texlive/20260301/share/texmf-dist/tex/latex/tcolorbox/tcb
hooks.code.tex
Library (tcolorbox): 'tcbhooks.code.tex' version '6.9.0'
)
(/opt/homebrew/Cellar/texlive/20260301/share/texmf-dist/tex/latex/tcolorbox/tcb
theorems.code.tex
Library (tcolorbox): 'tcbtheorems.code.tex' version '6.9.0'

(/opt/homebrew/Cellar/texlive/20260301/share/texmf-dist/tex/latex/amsmath/amsma
th.sty
For additional information on amsmath, use the `?' option.

(/opt/homebrew/Cellar/texlive/20260301/share/texmf-dist/tex/latex/amsmath/amste
xt.sty
(/opt/homebrew/Cellar/texlive/20260301/share/texmf-dist/tex/latex/amsmath/amsge
n.sty))
(/opt/homebrew/Cellar/texlive/20260301/share/texmf-dist/tex/latex/amsmath/amsbs
y.sty)
(/opt/homebrew/Cellar/texlive/20260301/share/texmf-dist/tex/latex/amsmath/amsop
n.sty)))
(/opt/homebrew/Cellar/texlive/20260301/share/texmf-dist/tex/latex/tcolorbox/tcb
fitting.code.tex
Library (tcolorbox): 'tcbfitting.code.tex' version '6.9.0'
)
(/opt/homebrew/Cellar/texlive/20260301/share/texmf-dist/tex/latex/tcolorbox/tcb
listingsutf8.code.tex
Library (tcolorbox): 'tcblistingsutf8.code.tex' version '6.9.0'

(/opt/homebrew/Cellar/texlive/20260301/share/texmf-dist/tex/latex/tcolorbox/tcb
listings.code.tex
Library (tcolorbox): 'tcblistings.code.tex' version '6.9.0'

(/opt/homebrew/Cellar/texlive/20260301/share/texmf-dist/tex/latex/listings/list
ings.sty
(/opt/homebrew/Cellar/texlive/20260301/share/texmf-dist/tex/latex/listings/lstp
atch.sty)
(/opt/homebrew/Cellar/texlive/20260301/share/texmf-dist/tex/latex/listings/lstm
isc.sty)
(/opt/homebrew/Cellar/texlive/20260301/share/texmf-dist/tex/latex/listings/list
ings.cfg))
==> First Aid for listings.sty no longer applied!
    Expected:
        2024/09/23 1.10c (Carsten Heinz)
    but found:
        2025/11/14 1.11b (Carsten Heinz)
    so I'm assuming it got fixed.

(/opt/homebrew/Cellar/texlive/20260301/share/texmf-dist/tex/latex/tcolorbox/tcb
listingscore.code.tex
Library (tcolorbox): 'tcblistingscore.code.tex' version '6.9.0'

(/opt/homebrew/Cellar/texlive/20260301/share/texmf-dist/tex/latex/tcolorbox/tcb
processing.code.tex
Library (tcolorbox): 'tcbprocessing.code.tex' version '6.9.0'
))))
(/opt/homebrew/Cellar/texlive/20260301/share/texmf-dist/tex/latex/tcolorbox/tcb
external.code.tex
Library (tcolorbox): 'tcbexternal.code.tex' version '6.9.0'
)
(/opt/homebrew/Cellar/texlive/20260301/share/texmf-dist/tex/latex/tcolorbox/tcb
magazine.code.tex
Library (tcolorbox): 'tcbmagazine.code.tex' version '6.9.0'
)
(/opt/homebrew/Cellar/texlive/20260301/share/texmf-dist/tex/latex/tcolorbox/tcb
vignette.code.tex
Library (tcolorbox): 'tcbvignette.code.tex' version '6.9.0'

(/opt/homebrew/Cellar/texlive/20260301/share/texmf-dist/tex/generic/pgf/fronten
dlayer/tikz/libraries/tikzlibraryfadings.code.tex
(/opt/homebrew/Cellar/texlive/20260301/share/texmf-dist/tex/generic/pgf/librari
es/pgflibraryfadings.code.tex)))
(/opt/homebrew/Cellar/texlive/20260301/share/texmf-dist/tex/latex/tcolorbox/tcb
poster.code.tex
Library (tcolorbox): 'tcbposter.code.tex' version '6.9.0'
))
(/opt/homebrew/Cellar/texlive/20260301/share/texmf-dist/tex/latex/tools/tabular
x.sty
(/opt/homebrew/Cellar/texlive/20260301/share/texmf-dist/tex/latex/tools/array.s
ty))
(/opt/homebrew/Cellar/texlive/20260301/share/texmf-dist/tex/latex/booktabs/book
tabs.sty)
(/opt/homebrew/Cellar/texlive/20260301/share/texmf-dist/tex/latex/enumitem/enum
item.sty)
(/opt/homebrew/Cellar/texlive/20260301/share/texmf-dist/tex/latex/fancyhdr/fanc
yhdr.sty)
(/opt/homebrew/Cellar/texlive/20260301/share/texmf-dist/tex/latex/titlesec/titl
esec.sty)
(/opt/homebrew/Cellar/texlive/20260301/share/texmf-dist/tex/latex/hyperref/hype
rref.sty
(/opt/homebrew/Cellar/texlive/20260301/share/texmf-dist/tex/latex/kvsetkeys/kvs
etkeys.sty)
(/opt/homebrew/Cellar/texlive/20260301/share/texmf-dist/tex/generic/kvdefinekey
s/kvdefinekeys.sty)
(/opt/homebrew/Cellar/texlive/20260301/share/texmf-dist/tex/generic/pdfescape/p
dfescape.sty
(/opt/homebrew/Cellar/texlive/20260301/share/texmf-dist/tex/generic/pdftexcmds/
pdftexcmds.sty))
(/opt/homebrew/Cellar/texlive/20260301/share/texmf-dist/tex/latex/hycolor/hycol
or.sty)
(/opt/homebrew/Cellar/texlive/20260301/share/texmf-dist/tex/latex/hyperref/name
ref.sty
(/opt/homebrew/Cellar/texlive/20260301/share/texmf-dist/tex/latex/refcount/refc
ount.sty)
(/opt/homebrew/Cellar/texlive/20260301/share/texmf-dist/tex/generic/gettitlestr
ing/gettitlestring.sty
(/opt/homebrew/Cellar/texlive/20260301/share/texmf-dist/tex/latex/kvoptions/kvo
ptions.sty)))
(/opt/homebrew/Cellar/texlive/20260301/share/texmf-dist/tex/generic/stringenc/s
tringenc.sty)
(/opt/homebrew/Cellar/texlive/20260301/share/texmf-dist/tex/latex/hyperref/pd1e
nc.def)
(/opt/homebrew/Cellar/texlive/20260301/share/texmf-dist/tex/generic/intcalc/int
calc.sty)
(/opt/homebrew/Cellar/texlive/20260301/share/texmf-dist/tex/latex/hyperref/puen
c.def)
(/opt/homebrew/Cellar/texlive/20260301/share/texmf-dist/tex/latex/url/url.sty)
(/opt/homebrew/Cellar/texlive/20260301/share/texmf-dist/tex/generic/bitset/bits
et.sty
(/opt/homebrew/Cellar/texlive/20260301/share/texmf-dist/tex/generic/bigintcalc/
bigintcalc.sty)))
(/opt/homebrew/Cellar/texlive/20260301/share/texmf-dist/tex/latex/hyperref/hxet
ex.def
(/opt/homebrew/Cellar/texlive/20260301/share/texmf-dist/tex/latex/rerunfilechec
k/rerunfilecheck.sty
(/opt/homebrew/Cellar/texlive/20260301/share/texmf-dist/tex/generic/uniquecount
er/uniquecounter.sty)))
(/opt/homebrew/Cellar/texlive/20260301/share/texmf-dist/tex/latex/microtype/mic
rotype.sty
(/opt/homebrew/Cellar/texlive/20260301/share/texmf-dist/tex/latex/microtype/mic
rotype-xetex.def)
(/opt/homebrew/Cellar/texlive/20260301/share/texmf-dist/tex/latex/microtype/mic
rotype.cfg))
(/opt/homebrew/Cellar/texlive/20260301/share/texmf-dist/tex/latex/setspace/sets
pace.sty)
(/opt/homebrew/Cellar/texlive/20260301/share/texmf-dist/tex/latex/caption/capti
on.sty
(/opt/homebrew/Cellar/texlive/20260301/share/texmf-dist/tex/latex/caption/capti
on3.sty))
(/opt/homebrew/Cellar/texlive/20260301/share/texmf-dist/tex/latex/tools/multico
l.sty)
(/opt/homebrew/Cellar/texlive/20260301/share/texmf-dist/tex/latex/ragged2e/ragg
ed2e.sty)
(/opt/homebrew/Cellar/texlive/20260301/share/texmf-dist/tex/latex/base/ifthen.s
ty)
(/opt/homebrew/Cellar/texlive/20260301/share/texmf-dist/tex/latex/lastpage/last
page.sty
(/opt/homebrew/Cellar/texlive/20260301/share/texmf-dist/tex/latex/lastpage/last
page2e.sty
(/opt/homebrew/Cellar/texlive/20260301/share/texmf-dist/tex/latex/lastpage/last
pagemodern.sty) 
)))
(/Users/rob/dev/Presentation/ROB-Books/tmp/pdfs/complete-builders-field-manual.
aux)
*geometry* driver: auto-detecting
*geometry* detected driver: xetex

(/Users/rob/dev/Presentation/ROB-Books/tmp/pdfs/complete-builders-field-manual.
out)
(/Users/rob/dev/Presentation/ROB-Books/tmp/pdfs/complete-builders-field-manual.
out)

Package microtype Warning: Unable to apply patch `footnote' on input line 7.

[1] [2]
(/opt/homebrew/Cellar/texlive/20260301/share/texmf-dist/tex/latex/microtype/mt-
cmr.cfg) [3] [4]
(/Users/rob/dev/Presentation/ROB-Books/tmp/pdfs/complete-builders-field-manual.
toc [5] [6]) [7] [8] [1] [2]
Chapter 1.

Underfull \hbox (badness 10000) in paragraph at lines 71--71
[]|\TU/AvenirNext(0)/m/n/10 Open electronics, camera/head revisions,

Underfull \hbox (badness 10000) in paragraph at lines 71--71
\TU/AvenirNext(0)/m/n/10 wooden base templates, tread geometry,

Underfull \hbox (badness 2671) in paragraph at lines 71--71
[]|\TU/AvenirNext(0)/m/n/10 Operational experience likely drove require-

Underfull \hbox (badness 3068) in paragraph at lines 71--71
\TU/AvenirNext(0)/m/n/10 ments, but the archive does not link each

Underfull \hbox (badness 10000) in paragraph at lines 71--71
[]|\TU/AvenirNext(0)/m/n/10 Sprocket-area machining, chain clearance,

Underfull \hbox (badness 10000) in paragraph at lines 71--71
[]|\TU/AvenirNext(0)/m/n/10 Shoulder and neck gearing, arm re-

Underfull \hbox (badness 3623) in paragraph at lines 71--71
\TU/AvenirNext(0)/m/n/10 moval/reassembly, cable labels, emergency-
[3] [4] [5] [6]
Chapter 2.

Underfull \hbox (badness 10000) in paragraph at lines 145--145
[]|\TU/AvenirNext(0)/m/n/10 Capture fresh intent, apply its client-

Underfull \hbox (badness 10000) in paragraph at lines 145--145
\TU/AvenirNext(0)/m/n/10 specific lease or watchdog, present

Underfull \hbox (badness 2285) in paragraph at lines 145--145
\TU/AvenirNext(0)/m/n/10 and order messages, reject replay and

Underfull \hbox (badness 1275) in paragraph at lines 145--145
[]|\TU/AvenirNext(0)/m/n/10 Target: accept only complete bounded
[7] [8] [9] [10]
Chapter 3.

Underfull \hbox (badness 10000) in paragraph at lines 182--182
[][]

Underfull \hbox (badness 10000) in paragraph at lines 190--190
[][]
[11] [12] [13] [14]
Chapter 4.

Underfull \hbox (badness 10000) in paragraph at lines 248--248
[][]

Underfull \hbox (badness 2547) in paragraph at lines 248--248
[]\TU/AvenirNext(0)/m/it/7 Temporary labels aid teardown, but permanent routing
 must account for
[15]
Underfull \hbox (badness 10000) in paragraph at lines 254--254
[][]

Underfull \hbox (badness 2564) in paragraph at lines 260--260
[][] []\TU/AvenirNext(0)/m/it/7 A detached arm reveals its
[16] [17] [18]
Chapter 5.

Underfull \hbox (badness 10000) in paragraph at lines 289--289
[][]

Underfull \hbox (badness 10000) in paragraph at lines 289--289
[][]
[19] [20] [21] [22]
Chapter 6.

Underfull \hbox (badness 10000) in paragraph at lines 329--329
[][]

Underfull \hbox (badness 10000) in paragraph at lines 329--329
[][]

Underfull \hbox (badness 10000) in paragraph at lines 348--348
[][]
[23] [24] [25] [26]
Chapter 7.

Underfull \hbox (badness 10000) in paragraph at lines 383--383
[]|[] \TU/AvenirNext(0)/m/n/10 current

Underfull \hbox (badness 10000) in paragraph at lines 411--411
[]|\TU/AvenirNext(0)/m/n/10 SoftwareSerial

Underfull \hbox (badness 10000) in paragraph at lines 411--411
\TU/AvenirNext(0)/m/n/10 D22/D23, 19,200

Underfull \hbox (badness 2932) in paragraph at lines 411--411
[]|\TU/AvenirNext(0)/m/n/10 Compact serial forward/reverse; nominal speed -3200
 to

Underfull \hbox (badness 10000) in paragraph at lines 411--411
[]|\TU/AvenirNext(0)/m/n/10 I2C via Wire;

Underfull \hbox (badness 10000) in paragraph at lines 411--411
[]|\TU/AvenirNext(0)/m/n/10 Proposed
[27] [28] [29] [30] [31] [32]
Chapter 8.

Underfull \hbox (badness 1735) in paragraph at lines 511--511
[]|\TU/AvenirNext(0)/m/n/10 Camera providers, frame-set ownership, bounded deli
very, RGB-D
[33] [34] [35]
Chapter 9.

Underfull \hbox (badness 3439) in paragraph at lines 536--536
[]\TU/AvenirNext(0)/b/n/10 Why it is here: \TU/AvenirNext(0)/m/n/10 The client 
control contract is the anchor. Compare it with Cerebro’s matching

Underfull \hbox (badness 10000) in paragraph at lines 557--557
[]|\TU/AvenirNext(0)/m/n/10 Send established con-

Underfull \hbox (badness 10000) in paragraph at lines 557--557
\TU/AvenirNext(0)/m/n/10 trol/action/autonomy messages and

Underfull \hbox (badness 5331) in paragraph at lines 557--557
[]|\TU/AvenirNext(0)/m/n/10 Send bounded typed scan and map
[36] [37] [38]
Chapter 10.
[39]
Underfull \hbox (badness 10000) in paragraph at lines 616--616
[][]
[40]
Underfull \hbox (badness 1248) in paragraph at lines 620--620
[]\TU/Futura(0)/b/n/29 Arms, animation, speech, auton- 
[41]
Chapter 11.
[42] [43] [44] [45] [46]
Chapter 12.

Underfull \hbox (badness 2134) in paragraph at lines 700--700
[]|\TU/AvenirNext(0)/m/n/10 Protocol, range, state, deadline, replay, and

Underfull \hbox (badness 10000) in paragraph at lines 700--700
[]|\TU/AvenirNext(0)/m/n/10 Repeatable operating envelope and ther-
[47] [48] [49]
Chapter 13.
[50] [51] [52]
Chapter 14.
[53] (./adult-learning-and-commissioning.tex [54]
Appendix A.
[55]
Appendix B.
[56]
Appendix C.
) [57]
Appendix D.
[58]
Appendix E.
[59]
Appendix F.

Underfull \hbox (badness 10000) in paragraph at lines 875--875
[]|\TU/AvenirNext(0)/m/n/10 PROTECTION / CON-
[60]
Appendix G.
[61]
Appendix H.

Underfull \hbox (badness 1132) in paragraph at lines 931--931
[]|\TU/AvenirNext(0)/m/n/10 Captured Ubuntu runtime evidence for the two AMBER 
cores;
[62]
Appendix I.
[63] 
enddocument/afterlastpage (AED): lastpage setting LastPage.

(/Users/rob/dev/Presentation/ROB-Books/tmp/pdfs/complete-builders-field-manual.
aux) )
(see the transcript file for additional information)
Output written on /Users/rob/dev/Presentation/ROB-Books/tmp/pdfs/complete-build
ers-field-manual.xdv (71 pages, 1465856 bytes).
Transcript written on /Users/rob/dev/Presentation/ROB-Books/tmp/pdfs/complete-b
uilders-field-manual.log.
Latexmk: Getting log file '/Users/rob/dev/Presentation/ROB-Books/tmp/pdfs/complete-builders-field-manual.log'
Latexmk: Examining '/Users/rob/dev/Presentation/ROB-Books/tmp/pdfs/complete-builders-field-manual.fls'
Latexmk: Examining '/Users/rob/dev/Presentation/ROB-Books/tmp/pdfs/complete-builders-field-manual.log'
Latexmk: Log file says output to '/Users/rob/dev/Presentation/ROB-Books/tmp/pdfs/complete-builders-field-manual.xdv'
Latexmk: Using bibtex to make bibliography file(s).
Latexmk: applying rule 'xdvipdfmx'...
Rule 'xdvipdfmx':  Reasons for rerun
Category 'other':
  Rerun of 'xdvipdfmx' forced or previously required:
    Reason or flag: 'go_mode'

------------
Run number 1 of rule 'xdvipdfmx'
------------
------------
Running 'xdvipdfmx -E -o "/Users/rob/dev/Presentation/ROB-Books/tmp/pdfs/complete-builders-field-manual.pdf"  "/Users/rob/dev/Presentation/ROB-Books/tmp/pdfs/complete-builders-field-manual.xdv"'
------------
/Users/rob/dev/Presentation/ROB-Books/tmp/pdfs/complete-builders-field-manual.xdv -> /Users/rob/dev/Presentation/ROB-Books/tmp/pdfs/complete-builders-field-manual.pdf
[1][2][3][4][5][6][7][8][9
xdvipdfmx:warning: Object @page.1 already defined.
][10
xdvipdfmx:warning: Object @page.2 already defined.
][11
xdvipdfmx:warning: Object @page.3 already defined.
][12
xdvipdfmx:warning: Object @page.4 already defined.
][13
xdvipdfmx:warning: Object @page.5 already defined.
][14
xdvipdfmx:warning: Object @page.6 already defined.
][15
xdvipdfmx:warning: Object @page.7 already defined.
][16
xdvipdfmx:warning: Object @page.8 already defined.
][17][18][19][20][21][22][23][24][25][26][27][28][29][30][31][32][33][34][35][36][37][38][39][40][41][42][43][44][45][46][47][48][49][50][51][52][53][54][55][56][57][58][59][60][61][62][63][64][65][66][67][68][69][70][71]
61454505 bytes written
Latexmk: All targets (/Users/rob/dev/Presentation/ROB-Books/tmp/pdfs/complete-builders-field-manual.xdv /Users/rob/dev/Presentation/ROB-Books/tmp/pdfs/complete-builders-field-manual.pdf) are up-to-date

Built 9 print PDFs in /Users/rob/dev/Presentation/ROB-Books/output/pdf
