This is XeTeX, Version 3.141592653-2.6-0.999998 (TeX Live 2026/Homebrew) (preloaded format=xelatex 2026.3.4)  11 SEP 2026 16:45
entering extended mode
 \write18 enabled.
 file:line:error style messages enabled.
 %&-line parsing enabled.
**complete-builders-field-manual.tex
(./complete-builders-field-manual.tex
LaTeX2e <2025-11-01>
L3 programming layer <2026-01-19>

(/opt/homebrew/Cellar/texlive/20260301/share/texmf-dist/tex/latex/base/book.cls
Document Class: book 2025/01/22 v1.4n Standard LaTeX document class

(/opt/homebrew/Cellar/texlive/20260301/share/texmf-dist/tex/latex/base/bk10.clo
File: bk10.clo 2025/01/22 v1.4n Standard LaTeX file (size option)
)
\c@part=\count271
\c@chapter=\count272
\c@section=\count273
\c@subsection=\count274
\c@subsubsection=\count275
\c@paragraph=\count276
\c@subparagraph=\count277
\c@figure=\count278
\c@table=\count279
\abovecaptionskip=\skip49
\belowcaptionskip=\skip50
\bibindent=\dimen148
) (./robbook.sty
Package: robbook 2026/08/02 ROB book visual system

(/opt/homebrew/Cellar/texlive/20260301/share/texmf-dist/tex/latex/geometry/geom
etry.sty
Package: geometry 2020/01/02 v5.9 Page Geometry

(/opt/homebrew/Cellar/texlive/20260301/share/texmf-dist/tex/latex/graphics/keyv
al.sty
Package: keyval 2022/05/29 v1.15 key=value parser (DPC)
\KV@toks@=\toks17
)
(/opt/homebrew/Cellar/texlive/20260301/share/texmf-dist/tex/generic/iftex/ifvte
x.sty
Package: ifvtex 2019/10/25 v1.7 ifvtex legacy package. Use iftex instead.

(/opt/homebrew/Cellar/texlive/20260301/share/texmf-dist/tex/generic/iftex/iftex
.sty
Package: iftex 2024/12/12 v1.0g TeX engine tests
))
\Gm@cnth=\count280
\Gm@cntv=\count281
\c@Gm@tempcnt=\count282
\Gm@bindingoffset=\dimen149
\Gm@wd@mp=\dimen150
\Gm@odd@mp=\dimen151
\Gm@even@mp=\dimen152
\Gm@layoutwidth=\dimen153
\Gm@layoutheight=\dimen154
\Gm@layouthoffset=\dimen155
\Gm@layoutvoffset=\dimen156
\Gm@dimlist=\toks18
)
(/opt/homebrew/Cellar/texlive/20260301/share/texmf-dist/tex/latex/fontspec/font
spec.sty
(/opt/homebrew/Cellar/texlive/20260301/share/texmf-dist/tex/latex/l3packages/xp
arse/xparse.sty
(/opt/homebrew/Cellar/texlive/20260301/share/texmf-dist/tex/latex/l3kernel/expl
3.sty
Package: expl3 2026-01-19 L3 programming layer (loader)

(/opt/homebrew/Cellar/texlive/20260301/share/texmf-dist/tex/latex/l3backend/l3b
ackend-xetex.def
File: l3backend-xetex.def 2025-10-09 L3 backend support: XeTeX
\g__graphics_track_int=\count283
\g__pdfannot_backend_int=\count284
\g__pdfannot_backend_link_int=\count285
))
Package: xparse 2025-10-09 L3 Experimental document command parser
)
Package: fontspec 2025/09/29 v2.9g Font selection for XeLaTeX and LuaLaTeX

(/opt/homebrew/Cellar/texlive/20260301/share/texmf-dist/tex/latex/fontspec/font
spec-xetex.sty
Package: fontspec-xetex 2025/09/29 v2.9g Font selection for XeLaTeX and LuaLaTe
X
\l__fontspec_script_int=\count286
\l__fontspec_language_int=\count287
\l__fontspec_strnum_int=\count288
\l__fontspec_tmp_int=\count289
\l__fontspec_tmpa_int=\count290
\l__fontspec_tmpb_int=\count291
\l__fontspec_tmpc_int=\count292
\l__fontspec_em_int=\count293
\l__fontspec_emdef_int=\count294
\l__fontspec_strong_int=\count295
\l__fontspec_strongdef_int=\count296
\l__fontspec_tmpa_dim=\dimen157
\l__fontspec_tmpb_dim=\dimen158
\l__fontspec_tmpc_dim=\dimen159

(/opt/homebrew/Cellar/texlive/20260301/share/texmf-dist/tex/latex/base/fontenc.
sty
Package: fontenc 2025/07/18 v2.1d Standard LaTeX package
)
(/opt/homebrew/Cellar/texlive/20260301/share/texmf-dist/tex/latex/fontspec/font
spec.cfg)))
(/opt/homebrew/Cellar/texlive/20260301/share/texmf-dist/tex/latex/graphics/grap
hicx.sty
Package: graphicx 2024/12/31 v1.2e Enhanced LaTeX Graphics (DPC,SPQR)

(/opt/homebrew/Cellar/texlive/20260301/share/texmf-dist/tex/latex/graphics/grap
hics.sty
Package: graphics 2024/08/06 v1.4g Standard LaTeX Graphics (DPC,SPQR)

(/opt/homebrew/Cellar/texlive/20260301/share/texmf-dist/tex/latex/graphics/trig
.sty
Package: trig 2023/12/02 v1.11 sin cos tan (DPC)
)
(/opt/homebrew/Cellar/texlive/20260301/share/texmf-dist/tex/latex/graphics-cfg/
graphics.cfg
File: graphics.cfg 2016/06/04 v1.11 sample graphics configuration
)
Package graphics Info: Driver file: xetex.def on input line 106.

(/opt/homebrew/Cellar/texlive/20260301/share/texmf-dist/tex/latex/graphics-def/
xetex.def
File: xetex.def 2025/11/01 v5.0p Graphics/color driver for xetex
))
\Gin@req@height=\dimen160
\Gin@req@width=\dimen161
)
(/opt/homebrew/Cellar/texlive/20260301/share/texmf-dist/tex/latex/adjustbox/adj
ustbox.sty
Package: adjustbox 2025/02/26 v1.3c Adjusting TeX boxes (trim, clip, ...)

(/opt/homebrew/Cellar/texlive/20260301/share/texmf-dist/tex/latex/xkeyval/xkeyv
al.sty
Package: xkeyval 2025/11/04 v2.10 package option processing (HA)

(/opt/homebrew/Cellar/texlive/20260301/share/texmf-dist/tex/generic/xkeyval/xke
yval.tex
(/opt/homebrew/Cellar/texlive/20260301/share/texmf-dist/tex/generic/xkeyval/xkv
utils.tex
\XKV@toks=\toks19
\XKV@tempa@toks=\toks20
\XKV@tempb@toks=\toks21
)
\XKV@depth=\count297
File: xkeyval.tex 2014/12/03 v2.7a key=value parser (HA)
))
(/opt/homebrew/Cellar/texlive/20260301/share/texmf-dist/tex/latex/adjustbox/adj
calc.sty
Package: adjcalc 2012/05/16 v1.1 Provides advanced setlength with multiple back
-ends (calc, etex, pgfmath)
)
(/opt/homebrew/Cellar/texlive/20260301/share/texmf-dist/tex/latex/adjustbox/tri
mclip.sty
Package: trimclip 2025/02/21 v1.2a Trim and clip general TeX material

(/opt/homebrew/Cellar/texlive/20260301/share/texmf-dist/tex/latex/collectbox/co
llectbox.sty
Package: collectbox 2022/10/17 v0.4c Collect macro arguments as boxes
\collectedbox=\box53
)
\tc@llx=\dimen162
\tc@lly=\dimen163
\tc@urx=\dimen164
\tc@ury=\dimen165
Package trimclip Info: Using driver 'tc-xetex.def'.

(/opt/homebrew/Cellar/texlive/20260301/share/texmf-dist/tex/latex/adjustbox/tc-
xetex.def
File: tc-xetex.def 2019/01/04 v2.2 Clipping driver for xetex
))
\adjbox@Width=\dimen166
\adjbox@Height=\dimen167
\adjbox@Depth=\dimen168
\adjbox@Totalheight=\dimen169
\adjbox@pwidth=\dimen170
\adjbox@pheight=\dimen171
\adjbox@pdepth=\dimen172
\adjbox@ptotalheight=\dimen173

(/opt/homebrew/Cellar/texlive/20260301/share/texmf-dist/tex/latex/ifoddpage/ifo
ddpage.sty
Package: ifoddpage 2022/10/18 v1.2 Conditionals for odd/even page detection
\c@checkoddpage=\count298
)
(/opt/homebrew/Cellar/texlive/20260301/share/texmf-dist/tex/latex/varwidth/varw
idth.sty
Package: varwidth 2009/03/30 ver 0.92;  Variable-width minipages
\@vwid@box=\box54
\sift@deathcycles=\count299
\@vwid@loff=\dimen174
\@vwid@roff=\dimen175
)
==> First Aid for varwidth.sty applied!
)
(/opt/homebrew/Cellar/texlive/20260301/share/texmf-dist/tex/latex/pgf/frontendl
ayer/tikz.sty
(/opt/homebrew/Cellar/texlive/20260301/share/texmf-dist/tex/latex/pgf/basiclaye
r/pgf.sty
(/opt/homebrew/Cellar/texlive/20260301/share/texmf-dist/tex/latex/pgf/utilities
/pgfrcs.sty
(/opt/homebrew/Cellar/texlive/20260301/share/texmf-dist/tex/generic/pgf/utiliti
es/pgfutil-common.tex
\pgfutil@everybye=\toks22
\pgfutil@tempdima=\dimen176
\pgfutil@tempdimb=\dimen177
)
(/opt/homebrew/Cellar/texlive/20260301/share/texmf-dist/tex/generic/pgf/utiliti
es/pgfutil-latex.def
\pgfutil@abb=\box55
)
(/opt/homebrew/Cellar/texlive/20260301/share/texmf-dist/tex/generic/pgf/utiliti
es/pgfrcs.code.tex
(/opt/homebrew/Cellar/texlive/20260301/share/texmf-dist/tex/generic/pgf/pgf.rev
ision.tex)
Package: pgfrcs 2025-08-29 v3.1.11a (3.1.11a)
))
Package: pgf 2025-08-29 v3.1.11a (3.1.11a)

(/opt/homebrew/Cellar/texlive/20260301/share/texmf-dist/tex/latex/pgf/basiclaye
r/pgfcore.sty
(/opt/homebrew/Cellar/texlive/20260301/share/texmf-dist/tex/latex/pgf/systemlay
er/pgfsys.sty
(/opt/homebrew/Cellar/texlive/20260301/share/texmf-dist/tex/generic/pgf/systeml
ayer/pgfsys.code.tex
Package: pgfsys 2025-08-29 v3.1.11a (3.1.11a)

(/opt/homebrew/Cellar/texlive/20260301/share/texmf-dist/tex/generic/pgf/utiliti
es/pgfkeys.code.tex
\pgfkeys@pathtoks=\toks23
\pgfkeys@temptoks=\toks24

(/opt/homebrew/Cellar/texlive/20260301/share/texmf-dist/tex/generic/pgf/utiliti
es/pgfkeyslibraryfiltered.code.tex
\pgfkeys@tmptoks=\toks25
))
\pgf@x=\dimen178
\pgf@y=\dimen179
\pgf@xa=\dimen180
\pgf@ya=\dimen181
\pgf@xb=\dimen182
\pgf@yb=\dimen183
\pgf@xc=\dimen184
\pgf@yc=\dimen185
\pgf@xd=\dimen186
\pgf@yd=\dimen187
\w@pgf@writea=\write3
\r@pgf@reada=\read2
\c@pgf@counta=\count300
\c@pgf@countb=\count301
\c@pgf@countc=\count302
\c@pgf@countd=\count303
\t@pgf@toka=\toks26
\t@pgf@tokb=\toks27
\t@pgf@tokc=\toks28
\pgf@sys@id@count=\count304

(/opt/homebrew/Cellar/texlive/20260301/share/texmf-dist/tex/generic/pgf/systeml
ayer/pgf.cfg
File: pgf.cfg 2025-08-29 v3.1.11a (3.1.11a)
)
Driver file for pgf: pgfsys-xetex.def

(/opt/homebrew/Cellar/texlive/20260301/share/texmf-dist/tex/generic/pgf/systeml
ayer/pgfsys-xetex.def
File: pgfsys-xetex.def 2025-08-29 v3.1.11a (3.1.11a)

(/opt/homebrew/Cellar/texlive/20260301/share/texmf-dist/tex/generic/pgf/systeml
ayer/pgfsys-dvipdfmx.def
File: pgfsys-dvipdfmx.def 2025-08-29 v3.1.11a (3.1.11a)

(/opt/homebrew/Cellar/texlive/20260301/share/texmf-dist/tex/generic/pgf/systeml
ayer/pgfsys-common-pdf.def
File: pgfsys-common-pdf.def 2025-08-29 v3.1.11a (3.1.11a)
)
\pgfsys@objnum=\count305
)))
(/opt/homebrew/Cellar/texlive/20260301/share/texmf-dist/tex/generic/pgf/systeml
ayer/pgfsyssoftpath.code.tex
File: pgfsyssoftpath.code.tex 2025-08-29 v3.1.11a (3.1.11a)
\pgfsyssoftpath@smallbuffer@items=\count306
\pgfsyssoftpath@bigbuffer@items=\count307
)
(/opt/homebrew/Cellar/texlive/20260301/share/texmf-dist/tex/generic/pgf/systeml
ayer/pgfsysprotocol.code.tex
File: pgfsysprotocol.code.tex 2025-08-29 v3.1.11a (3.1.11a)
))
(/opt/homebrew/Cellar/texlive/20260301/share/texmf-dist/tex/latex/xcolor/xcolor
.sty
Package: xcolor 2024/09/29 v3.02 LaTeX color extensions (UK)

(/opt/homebrew/Cellar/texlive/20260301/share/texmf-dist/tex/latex/graphics-cfg/
color.cfg
File: color.cfg 2016/01/02 v1.6 sample color configuration
)
Package xcolor Info: Driver file: xetex.def on input line 274.

(/opt/homebrew/Cellar/texlive/20260301/share/texmf-dist/tex/latex/graphics/math
color.ltx)
Package xcolor Info: Model `cmy' substituted by `cmy0' on input line 1349.
Package xcolor Info: Model `RGB' extended on input line 1365.
Package xcolor Info: Model `HTML' substituted by `rgb' on input line 1367.
Package xcolor Info: Model `Hsb' substituted by `hsb' on input line 1368.
Package xcolor Info: Model `tHsb' substituted by `hsb' on input line 1369.
Package xcolor Info: Model `HSB' substituted by `hsb' on input line 1370.
Package xcolor Info: Model `Gray' substituted by `gray' on input line 1371.
Package xcolor Info: Model `wave' substituted by `hsb' on input line 1372.
)
(/opt/homebrew/Cellar/texlive/20260301/share/texmf-dist/tex/generic/pgf/basicla
yer/pgfcore.code.tex
Package: pgfcore 2025-08-29 v3.1.11a (3.1.11a)

(/opt/homebrew/Cellar/texlive/20260301/share/texmf-dist/tex/generic/pgf/math/pg
fmath.code.tex
(/opt/homebrew/Cellar/texlive/20260301/share/texmf-dist/tex/generic/pgf/math/pg
fmathutil.code.tex)
(/opt/homebrew/Cellar/texlive/20260301/share/texmf-dist/tex/generic/pgf/math/pg
fmathparser.code.tex
\pgfmath@dimen=\dimen188
\pgfmath@count=\count308
\pgfmath@box=\box56
\pgfmath@toks=\toks29
\pgfmath@stack@operand=\toks30
\pgfmath@stack@operation=\toks31
)
(/opt/homebrew/Cellar/texlive/20260301/share/texmf-dist/tex/generic/pgf/math/pg
fmathfunctions.code.tex)
(/opt/homebrew/Cellar/texlive/20260301/share/texmf-dist/tex/generic/pgf/math/pg
fmathfunctions.basic.code.tex)
(/opt/homebrew/Cellar/texlive/20260301/share/texmf-dist/tex/generic/pgf/math/pg
fmathfunctions.trigonometric.code.tex)
(/opt/homebrew/Cellar/texlive/20260301/share/texmf-dist/tex/generic/pgf/math/pg
fmathfunctions.random.code.tex)
(/opt/homebrew/Cellar/texlive/20260301/share/texmf-dist/tex/generic/pgf/math/pg
fmathfunctions.comparison.code.tex)
(/opt/homebrew/Cellar/texlive/20260301/share/texmf-dist/tex/generic/pgf/math/pg
fmathfunctions.base.code.tex)
(/opt/homebrew/Cellar/texlive/20260301/share/texmf-dist/tex/generic/pgf/math/pg
fmathfunctions.round.code.tex)
(/opt/homebrew/Cellar/texlive/20260301/share/texmf-dist/tex/generic/pgf/math/pg
fmathfunctions.misc.code.tex)
(/opt/homebrew/Cellar/texlive/20260301/share/texmf-dist/tex/generic/pgf/math/pg
fmathfunctions.integerarithmetics.code.tex)
(/opt/homebrew/Cellar/texlive/20260301/share/texmf-dist/tex/generic/pgf/math/pg
fmathcalc.code.tex)
(/opt/homebrew/Cellar/texlive/20260301/share/texmf-dist/tex/generic/pgf/math/pg
fmathfloat.code.tex
\c@pgfmathroundto@lastzeros=\count309
))
(/opt/homebrew/Cellar/texlive/20260301/share/texmf-dist/tex/generic/pgf/math/pg
fint.code.tex)
(/opt/homebrew/Cellar/texlive/20260301/share/texmf-dist/tex/generic/pgf/basicla
yer/pgfcorepoints.code.tex
File: pgfcorepoints.code.tex 2025-08-29 v3.1.11a (3.1.11a)
\pgf@picminx=\dimen189
\pgf@picmaxx=\dimen190
\pgf@picminy=\dimen191
\pgf@picmaxy=\dimen192
\pgf@pathminx=\dimen193
\pgf@pathmaxx=\dimen194
\pgf@pathminy=\dimen195
\pgf@pathmaxy=\dimen196
\pgf@xx=\dimen197
\pgf@xy=\dimen198
\pgf@yx=\dimen199
\pgf@yy=\dimen256
\pgf@zx=\dimen257
\pgf@zy=\dimen258
)
(/opt/homebrew/Cellar/texlive/20260301/share/texmf-dist/tex/generic/pgf/basicla
yer/pgfcorepathconstruct.code.tex
File: pgfcorepathconstruct.code.tex 2025-08-29 v3.1.11a (3.1.11a)
\pgf@path@lastx=\dimen259
\pgf@path@lasty=\dimen260
)
(/opt/homebrew/Cellar/texlive/20260301/share/texmf-dist/tex/generic/pgf/basicla
yer/pgfcorepathusage.code.tex
File: pgfcorepathusage.code.tex 2025-08-29 v3.1.11a (3.1.11a)
\pgf@shorten@end@additional=\dimen261
\pgf@shorten@start@additional=\dimen262
)
(/opt/homebrew/Cellar/texlive/20260301/share/texmf-dist/tex/generic/pgf/basicla
yer/pgfcorescopes.code.tex
File: pgfcorescopes.code.tex 2025-08-29 v3.1.11a (3.1.11a)
\pgfpic=\box57
\pgf@hbox=\box58
\pgf@layerbox@main=\box59
\pgf@picture@serial@count=\count310
)
(/opt/homebrew/Cellar/texlive/20260301/share/texmf-dist/tex/generic/pgf/basicla
yer/pgfcoregraphicstate.code.tex
File: pgfcoregraphicstate.code.tex 2025-08-29 v3.1.11a (3.1.11a)
\pgflinewidth=\dimen263
)
(/opt/homebrew/Cellar/texlive/20260301/share/texmf-dist/tex/generic/pgf/basicla
yer/pgfcoretransformations.code.tex
File: pgfcoretransformations.code.tex 2025-08-29 v3.1.11a (3.1.11a)
\pgf@pt@x=\dimen264
\pgf@pt@y=\dimen265
\pgf@pt@temp=\dimen266
)
(/opt/homebrew/Cellar/texlive/20260301/share/texmf-dist/tex/generic/pgf/basicla
yer/pgfcorequick.code.tex
File: pgfcorequick.code.tex 2025-08-29 v3.1.11a (3.1.11a)
)
(/opt/homebrew/Cellar/texlive/20260301/share/texmf-dist/tex/generic/pgf/basicla
yer/pgfcoreobjects.code.tex
File: pgfcoreobjects.code.tex 2025-08-29 v3.1.11a (3.1.11a)
)
(/opt/homebrew/Cellar/texlive/20260301/share/texmf-dist/tex/generic/pgf/basicla
yer/pgfcorepathprocessing.code.tex
File: pgfcorepathprocessing.code.tex 2025-08-29 v3.1.11a (3.1.11a)
)
(/opt/homebrew/Cellar/texlive/20260301/share/texmf-dist/tex/generic/pgf/basicla
yer/pgfcorearrows.code.tex
File: pgfcorearrows.code.tex 2025-08-29 v3.1.11a (3.1.11a)
\pgfarrowsep=\dimen267
)
(/opt/homebrew/Cellar/texlive/20260301/share/texmf-dist/tex/generic/pgf/basicla
yer/pgfcoreshade.code.tex
File: pgfcoreshade.code.tex 2025-08-29 v3.1.11a (3.1.11a)
\pgf@max=\dimen268
\pgf@sys@shading@range@num=\count311
\pgf@shadingcount=\count312
)
(/opt/homebrew/Cellar/texlive/20260301/share/texmf-dist/tex/generic/pgf/basicla
yer/pgfcoreimage.code.tex
File: pgfcoreimage.code.tex 2025-08-29 v3.1.11a (3.1.11a)
)
(/opt/homebrew/Cellar/texlive/20260301/share/texmf-dist/tex/generic/pgf/basicla
yer/pgfcoreexternal.code.tex
File: pgfcoreexternal.code.tex 2025-08-29 v3.1.11a (3.1.11a)
\pgfexternal@startupbox=\box60
)
(/opt/homebrew/Cellar/texlive/20260301/share/texmf-dist/tex/generic/pgf/basicla
yer/pgfcorelayers.code.tex
File: pgfcorelayers.code.tex 2025-08-29 v3.1.11a (3.1.11a)
)
(/opt/homebrew/Cellar/texlive/20260301/share/texmf-dist/tex/generic/pgf/basicla
yer/pgfcoretransparency.code.tex
File: pgfcoretransparency.code.tex 2025-08-29 v3.1.11a (3.1.11a)
)
(/opt/homebrew/Cellar/texlive/20260301/share/texmf-dist/tex/generic/pgf/basicla
yer/pgfcorepatterns.code.tex
File: pgfcorepatterns.code.tex 2025-08-29 v3.1.11a (3.1.11a)
)
(/opt/homebrew/Cellar/texlive/20260301/share/texmf-dist/tex/generic/pgf/basicla
yer/pgfcorerdf.code.tex
File: pgfcorerdf.code.tex 2025-08-29 v3.1.11a (3.1.11a)
)))
(/opt/homebrew/Cellar/texlive/20260301/share/texmf-dist/tex/generic/pgf/modules
/pgfmoduleshapes.code.tex
File: pgfmoduleshapes.code.tex 2025-08-29 v3.1.11a (3.1.11a)
\pgfnodeparttextbox=\box61
)
(/opt/homebrew/Cellar/texlive/20260301/share/texmf-dist/tex/generic/pgf/modules
/pgfmoduleplot.code.tex
File: pgfmoduleplot.code.tex 2025-08-29 v3.1.11a (3.1.11a)
)
(/opt/homebrew/Cellar/texlive/20260301/share/texmf-dist/tex/latex/pgf/compatibi
lity/pgfcomp-version-0-65.sty
Package: pgfcomp-version-0-65 2025-08-29 v3.1.11a (3.1.11a)
\pgf@nodesepstart=\dimen269
\pgf@nodesepend=\dimen270
)
(/opt/homebrew/Cellar/texlive/20260301/share/texmf-dist/tex/latex/pgf/compatibi
lity/pgfcomp-version-1-18.sty
Package: pgfcomp-version-1-18 2025-08-29 v3.1.11a (3.1.11a)
))
(/opt/homebrew/Cellar/texlive/20260301/share/texmf-dist/tex/latex/pgf/utilities
/pgffor.sty
(/opt/homebrew/Cellar/texlive/20260301/share/texmf-dist/tex/latex/pgf/utilities
/pgfkeys.sty
(/opt/homebrew/Cellar/texlive/20260301/share/texmf-dist/tex/generic/pgf/utiliti
es/pgfkeys.code.tex))
(/opt/homebrew/Cellar/texlive/20260301/share/texmf-dist/tex/latex/pgf/math/pgfm
ath.sty
(/opt/homebrew/Cellar/texlive/20260301/share/texmf-dist/tex/generic/pgf/math/pg
fmath.code.tex))
(/opt/homebrew/Cellar/texlive/20260301/share/texmf-dist/tex/generic/pgf/utiliti
es/pgffor.code.tex
Package: pgffor 2025-08-29 v3.1.11a (3.1.11a)
\pgffor@iter=\dimen271
\pgffor@skip=\dimen272
\pgffor@stack=\toks32
\pgffor@toks=\toks33
))
(/opt/homebrew/Cellar/texlive/20260301/share/texmf-dist/tex/generic/pgf/fronten
dlayer/tikz/tikz.code.tex
Package: tikz 2025-08-29 v3.1.11a (3.1.11a)

(/opt/homebrew/Cellar/texlive/20260301/share/texmf-dist/tex/generic/pgf/librari
es/pgflibraryplothandlers.code.tex
File: pgflibraryplothandlers.code.tex 2025-08-29 v3.1.11a (3.1.11a)
\pgf@plot@mark@count=\count313
\pgfplotmarksize=\dimen273
)
\tikz@lastx=\dimen274
\tikz@lasty=\dimen275
\tikz@lastxsaved=\dimen276
\tikz@lastysaved=\dimen277
\tikz@lastmovetox=\dimen278
\tikz@lastmovetoy=\dimen279
\tikzleveldistance=\dimen280
\tikzsiblingdistance=\dimen281
\tikz@figbox=\box62
\tikz@figbox@bg=\box63
\tikz@tempbox=\box64
\tikz@tempbox@bg=\box65
\tikztreelevel=\count314
\tikznumberofchildren=\count315
\tikznumberofcurrentchild=\count316
\tikz@fig@count=\count317

(/opt/homebrew/Cellar/texlive/20260301/share/texmf-dist/tex/generic/pgf/modules
/pgfmodulematrix.code.tex
File: pgfmodulematrix.code.tex 2025-08-29 v3.1.11a (3.1.11a)
\pgfmatrixcurrentrow=\count318
\pgfmatrixcurrentcolumn=\count319
\pgf@matrix@numberofcolumns=\count320
)
\tikz@expandcount=\count321

(/opt/homebrew/Cellar/texlive/20260301/share/texmf-dist/tex/generic/pgf/fronten
dlayer/tikz/libraries/tikzlibrarytopaths.code.tex
File: tikzlibrarytopaths.code.tex 2025-08-29 v3.1.11a (3.1.11a)
)))
(/opt/homebrew/Cellar/texlive/20260301/share/texmf-dist/tex/generic/pgf/fronten
dlayer/tikz/libraries/tikzlibrarypositioning.code.tex
File: tikzlibrarypositioning.code.tex 2025-08-29 v3.1.11a (3.1.11a)
)
(/opt/homebrew/Cellar/texlive/20260301/share/texmf-dist/tex/generic/pgf/fronten
dlayer/tikz/libraries/tikzlibrarycalc.code.tex
File: tikzlibrarycalc.code.tex 2025-08-29 v3.1.11a (3.1.11a)
)
(/opt/homebrew/Cellar/texlive/20260301/share/texmf-dist/tex/latex/tcolorbox/tco
lorbox.sty
Package: tcolorbox 2025/11/28 version 6.9.0 text color boxes

(/opt/homebrew/Cellar/texlive/20260301/share/texmf-dist/tex/latex/tools/verbati
m.sty
Package: verbatim 2024-01-22 v1.5x LaTeX2e package for verbatim enhancements
\every@verbatim=\toks34
\verbatim@line=\toks35
\verbatim@in@stream=\read3
)
(/opt/homebrew/Cellar/texlive/20260301/share/texmf-dist/tex/latex/environ/envir
on.sty
Package: environ 2014/05/04 v0.3 A new way to define environments

(/opt/homebrew/Cellar/texlive/20260301/share/texmf-dist/tex/latex/trimspaces/tr
imspaces.sty
Package: trimspaces 2009/09/17 v1.1 Trim spaces around a token list
)
\@envbody=\toks36
)
(/opt/homebrew/Cellar/texlive/20260301/share/texmf-dist/tex/latex/etoolbox/etoo
lbox.sty
Package: etoolbox 2025/10/02 v2.5m e-TeX tools for LaTeX (JAW)
\etb@tempcnta=\count322
)
\tcb@titlebox=\box66
\tcb@upperbox=\box67
\tcb@lowerbox=\box68
\tcb@phantombox=\box69
\c@tcbbreakpart=\count323
\c@tcblayer=\count324
\c@tcolorbox@number=\count325
\l__tcobox_tmpa_box=\box70
\l__tcobox_tmpa_dim=\dimen282
\tcb@temp=\box71
\tcb@temp=\box72
\tcb@temp=\box73
\tcb@temp=\box74

(/opt/homebrew/Cellar/texlive/20260301/share/texmf-dist/tex/latex/tcolorbox/tcb
raster.code.tex
Library (tcolorbox): 'tcbraster.code.tex' version '6.9.0'
\c@tcbrastercolumn=\count326
\c@tcbrasterrow=\count327
\c@tcbrasternum=\count328
\c@tcbraster=\count329
)
(/opt/homebrew/Cellar/texlive/20260301/share/texmf-dist/tex/latex/tcolorbox/tcb
skins.code.tex
Library (tcolorbox): 'tcbskins.code.tex' version '6.9.0'

(/opt/homebrew/Cellar/texlive/20260301/share/texmf-dist/tex/latex/tikzfill/tikz
fill.image.sty
Package: tikzfill.image 2023/08/08 v1.0.1 Image filling library for TikZ

(/opt/homebrew/Cellar/texlive/20260301/share/texmf-dist/tex/latex/tikzfill/tikz
fill-common.sty
Package: tikzfill-common 2023/08/08 v1.0.1 Auxiliary code for tikzfill
)
(/opt/homebrew/Cellar/texlive/20260301/share/texmf-dist/tex/latex/tikzfill/tikz
libraryfill.image.code.tex
File: tikzlibraryfill.image.code.tex 2023/08/08 v1.0.1 Image filling library
\l__tikzfill_img_box=\box75
))
(/opt/homebrew/Cellar/texlive/20260301/share/texmf-dist/tex/latex/tcolorbox/tcb
skinsjigsaw.code.tex
Library (tcolorbox): 'tcbskinsjigsaw.code.tex' version '6.9.0'
))
(/opt/homebrew/Cellar/texlive/20260301/share/texmf-dist/tex/latex/tcolorbox/tcb
breakable.code.tex
Library (tcolorbox): 'tcbbreakable.code.tex' version '6.9.0'

(/opt/homebrew/Cellar/texlive/20260301/share/texmf-dist/tex/latex/pdfcol/pdfcol
.sty
Package: pdfcol 2022-09-21 v1.7 Handle new color stacks for pdfTeX (HO)

(/opt/homebrew/Cellar/texlive/20260301/share/texmf-dist/tex/generic/ltxcmds/ltx
cmds.sty
Package: ltxcmds 2023-12-04 v1.26 LaTeX kernel commands for general use (HO)
)
(/opt/homebrew/Cellar/texlive/20260301/share/texmf-dist/tex/generic/infwarerr/i
nfwarerr.sty
Package: infwarerr 2019/12/03 v1.5 Providing info/warning/error messages (HO)
)
Package pdfcol Info: Interface disabled because of missing PDF mode of pdfTeX.
)
Package pdfcol Info: pdfTeX's color stacks are not available.
\tcb@testbox=\box76
\tcb@totalupperbox=\box77
\tcb@totallowerbox=\box78
)
(/opt/homebrew/Cellar/texlive/20260301/share/texmf-dist/tex/latex/tcolorbox/tcb
hooks.code.tex
Library (tcolorbox): 'tcbhooks.code.tex' version '6.9.0'
)
(/opt/homebrew/Cellar/texlive/20260301/share/texmf-dist/tex/latex/tcolorbox/tcb
theorems.code.tex
Library (tcolorbox): 'tcbtheorems.code.tex' version '6.9.0'

(/opt/homebrew/Cellar/texlive/20260301/share/texmf-dist/tex/latex/amsmath/amsma
th.sty
Package: amsmath 2025/07/09 v2.17z AMS math features
\@mathmargin=\skip51

For additional information on amsmath, use the `?' option.

(/opt/homebrew/Cellar/texlive/20260301/share/texmf-dist/tex/latex/amsmath/amste
xt.sty
Package: amstext 2024/11/17 v2.01 AMS text

(/opt/homebrew/Cellar/texlive/20260301/share/texmf-dist/tex/latex/amsmath/amsge
n.sty
File: amsgen.sty 1999/11/30 v2.0 generic functions
\@emptytoks=\toks37
\ex@=\dimen283
))
(/opt/homebrew/Cellar/texlive/20260301/share/texmf-dist/tex/latex/amsmath/amsbs
y.sty
Package: amsbsy 1999/11/29 v1.2d Bold Symbols
\pmbraise@=\dimen284
)
(/opt/homebrew/Cellar/texlive/20260301/share/texmf-dist/tex/latex/amsmath/amsop
n.sty
Package: amsopn 2022/04/08 v2.04 operator names
)
\inf@bad=\count330
LaTeX Info: Redefining \frac on input line 233.
\uproot@=\count331
\leftroot@=\count332
LaTeX Info: Redefining \overline on input line 398.
LaTeX Info: Redefining \colon on input line 409.
\classnum@=\count333
\DOTSCASE@=\count334
LaTeX Info: Redefining \ldots on input line 495.
LaTeX Info: Redefining \dots on input line 498.
LaTeX Info: Redefining \cdots on input line 619.
\Mathstrutbox@=\box79
\strutbox@=\box80
LaTeX Info: Redefining \big on input line 721.
LaTeX Info: Redefining \Big on input line 722.
LaTeX Info: Redefining \bigg on input line 723.
LaTeX Info: Redefining \Bigg on input line 724.
\big@size=\dimen285
LaTeX Font Info:    Redeclaring font encoding OML on input line 742.
LaTeX Font Info:    Redeclaring font encoding OMS on input line 743.
\macc@depth=\count335
LaTeX Info: Redefining \bmod on input line 904.
LaTeX Info: Redefining \pmod on input line 909.
LaTeX Info: Redefining \smash on input line 939.
LaTeX Info: Redefining \relbar on input line 969.
LaTeX Info: Redefining \Relbar on input line 970.
\c@MaxMatrixCols=\count336
\dotsspace@=\muskip17
\c@parentequation=\count337
\dspbrk@lvl=\count338
\tag@help=\toks38
\row@=\count339
\column@=\count340
\maxfields@=\count341
\andhelp@=\toks39
\eqnshift@=\dimen286
\alignsep@=\dimen287
\tagshift@=\dimen288
\tagwidth@=\dimen289
\totwidth@=\dimen290
\lineht@=\dimen291
\@envbody=\toks40
\multlinegap=\skip52
\multlinetaggap=\skip53
\mathdisplay@stack=\toks41
LaTeX Info: Redefining \[ on input line 2950.
LaTeX Info: Redefining \] on input line 2951.
))
(/opt/homebrew/Cellar/texlive/20260301/share/texmf-dist/tex/latex/tcolorbox/tcb
fitting.code.tex
Library (tcolorbox): 'tcbfitting.code.tex' version '6.9.0'
\tcbfitdim=\dimen292
\tcb@lowerfitdim=\dimen293
\tcb@upperfitdim=\dimen294
\tcb@cur@hbadness=\count342
)
(/opt/homebrew/Cellar/texlive/20260301/share/texmf-dist/tex/latex/tcolorbox/tcb
listingsutf8.code.tex
Library (tcolorbox): 'tcblistingsutf8.code.tex' version '6.9.0'

(/opt/homebrew/Cellar/texlive/20260301/share/texmf-dist/tex/latex/tcolorbox/tcb
listings.code.tex
Library (tcolorbox): 'tcblistings.code.tex' version '6.9.0'

(/opt/homebrew/Cellar/texlive/20260301/share/texmf-dist/tex/latex/listings/list
ings.sty
\lst@mode=\count343
\lst@gtempboxa=\box81
\lst@token=\toks42
\lst@length=\count344
\lst@currlwidth=\dimen295
\lst@column=\count345
\lst@pos=\count346
\lst@lostspace=\dimen296
\lst@width=\dimen297
\lst@newlines=\count347
\lst@lineno=\count348
\lst@maxwidth=\dimen298

(/opt/homebrew/Cellar/texlive/20260301/share/texmf-dist/tex/latex/listings/lstp
atch.sty
File: lstpatch.sty 2025/11/14 1.11b (Carsten Heinz)
)
(/opt/homebrew/Cellar/texlive/20260301/share/texmf-dist/tex/latex/listings/lstm
isc.sty
File: lstmisc.sty 2025/11/14 1.11b (Carsten Heinz)
\c@lstnumber=\count349
\lst@skipnumbers=\count350
\lst@framebox=\box82
)
(/opt/homebrew/Cellar/texlive/20260301/share/texmf-dist/tex/latex/listings/list
ings.cfg
File: listings.cfg 2025/11/14 1.11b listings configuration
))
Package: listings 2025/11/14 1.11b (Carsten Heinz)

==> First Aid for listings.sty no longer applied!
    Expected:
        2024/09/23 1.10c (Carsten Heinz)
    but found:
        2025/11/14 1.11b (Carsten Heinz)
    so I'm assuming it got fixed.

(/opt/homebrew/Cellar/texlive/20260301/share/texmf-dist/tex/latex/tcolorbox/tcb
listingscore.code.tex
Library (tcolorbox): 'tcblistingscore.code.tex' version '6.9.0'

(/opt/homebrew/Cellar/texlive/20260301/share/texmf-dist/tex/latex/tcolorbox/tcb
processing.code.tex
Library (tcolorbox): 'tcbprocessing.code.tex' version '6.9.0'
)
\c@tcblisting=\count351
))
Package tcolorbox Info: Library `listingsutf8' is compatible with pdftex only.
Library `listings` is loaded instead. on input line 29.
)
(/opt/homebrew/Cellar/texlive/20260301/share/texmf-dist/tex/latex/tcolorbox/tcb
external.code.tex
Library (tcolorbox): 'tcbexternal.code.tex' version '6.9.0'
)
(/opt/homebrew/Cellar/texlive/20260301/share/texmf-dist/tex/latex/tcolorbox/tcb
magazine.code.tex
Library (tcolorbox): 'tcbmagazine.code.tex' version '6.9.0'
)
(/opt/homebrew/Cellar/texlive/20260301/share/texmf-dist/tex/latex/tcolorbox/tcb
vignette.code.tex
Library (tcolorbox): 'tcbvignette.code.tex' version '6.9.0'

(/opt/homebrew/Cellar/texlive/20260301/share/texmf-dist/tex/generic/pgf/fronten
dlayer/tikz/libraries/tikzlibraryfadings.code.tex
File: tikzlibraryfadings.code.tex 2025-08-29 v3.1.11a (3.1.11a)

(/opt/homebrew/Cellar/texlive/20260301/share/texmf-dist/tex/generic/pgf/librari
es/pgflibraryfadings.code.tex
File: pgflibraryfadings.code.tex 2025-08-29 v3.1.11a (3.1.11a)
)))
(/opt/homebrew/Cellar/texlive/20260301/share/texmf-dist/tex/latex/tcolorbox/tcb
poster.code.tex
Library (tcolorbox): 'tcbposter.code.tex' version '6.9.0'
))
(/opt/homebrew/Cellar/texlive/20260301/share/texmf-dist/tex/latex/tools/tabular
x.sty
Package: tabularx 2023/12/11 v2.12a `tabularx' package (DPC)

(/opt/homebrew/Cellar/texlive/20260301/share/texmf-dist/tex/latex/tools/array.s
ty
Package: array 2025/09/25 v2.6n Tabular extension package (FMi)
\col@sep=\dimen299
\ar@mcellbox=\box83
\extrarowheight=\dimen300
\NC@list=\toks43
\extratabsurround=\skip54
\backup@length=\skip55
\ar@cellbox=\box84
)
\TX@col@width=\dimen301
\TX@old@table=\dimen302
\TX@old@col=\dimen303
\TX@target=\dimen304
\TX@delta=\dimen305
\TX@cols=\count352
\TX@ftn=\toks44
)
(/opt/homebrew/Cellar/texlive/20260301/share/texmf-dist/tex/latex/booktabs/book
tabs.sty
Package: booktabs 2020/01/12 v1.61803398 Publication quality tables
\heavyrulewidth=\dimen306
\lightrulewidth=\dimen307
\cmidrulewidth=\dimen308
\belowrulesep=\dimen309
\belowbottomsep=\dimen310
\aboverulesep=\dimen311
\abovetopsep=\dimen312
\cmidrulesep=\dimen313
\cmidrulekern=\dimen314
\defaultaddspace=\dimen315
\@cmidla=\count353
\@cmidlb=\count354
\@aboverulesep=\dimen316
\@belowrulesep=\dimen317
\@thisruleclass=\count355
\@lastruleclass=\count356
\@thisrulewidth=\dimen318
)
(/opt/homebrew/Cellar/texlive/20260301/share/texmf-dist/tex/latex/enumitem/enum
item.sty
Package: enumitem 2025/02/06 v3.11 Customized lists
\labelindent=\skip56
\enit@outerparindent=\dimen319
\enit@toks=\toks45
\enit@inbox=\box85
\enit@count@id=\count357
\enitdp@description=\count358
)
(/opt/homebrew/Cellar/texlive/20260301/share/texmf-dist/tex/latex/fancyhdr/fanc
yhdr.sty
Package: fancyhdr 2025/02/07 v5.2 Extensive control of page headers and footers

\f@nch@headwidth=\skip57
\f@nch@offset@elh=\skip58
\f@nch@offset@erh=\skip59
\f@nch@offset@olh=\skip60
\f@nch@offset@orh=\skip61
\f@nch@offset@elf=\skip62
\f@nch@offset@erf=\skip63
\f@nch@offset@olf=\skip64
\f@nch@offset@orf=\skip65
\f@nch@height=\skip66
\f@nch@footalignment=\skip67
\f@nch@widthL=\skip68
\f@nch@widthC=\skip69
\f@nch@widthR=\skip70
\@temptokenb=\toks46
)
(/opt/homebrew/Cellar/texlive/20260301/share/texmf-dist/tex/latex/titlesec/titl
esec.sty
Package: titlesec 2025/01/04 v2.17 Sectioning titles
\ttl@box=\box86
\beforetitleunit=\skip71
\aftertitleunit=\skip72
\ttl@plus=\dimen320
\ttl@minus=\dimen321
\ttl@toksa=\toks47
\titlewidth=\dimen322
\titlewidthlast=\dimen323
\titlewidthfirst=\dimen324
)
(/opt/homebrew/Cellar/texlive/20260301/share/texmf-dist/tex/latex/hyperref/hype
rref.sty
Package: hyperref 2026-01-29 v7.01p Hypertext links for LaTeX

(/opt/homebrew/Cellar/texlive/20260301/share/texmf-dist/tex/latex/kvsetkeys/kvs
etkeys.sty
Package: kvsetkeys 2022-10-05 v1.19 Key value parser (HO)
)
(/opt/homebrew/Cellar/texlive/20260301/share/texmf-dist/tex/generic/kvdefinekey
s/kvdefinekeys.sty
Package: kvdefinekeys 2019-12-19 v1.6 Define keys (HO)
)
(/opt/homebrew/Cellar/texlive/20260301/share/texmf-dist/tex/generic/pdfescape/p
dfescape.sty
Package: pdfescape 2019/12/09 v1.15 Implements pdfTeX's escape features (HO)

(/opt/homebrew/Cellar/texlive/20260301/share/texmf-dist/tex/generic/pdftexcmds/
pdftexcmds.sty
Package: pdftexcmds 2020-06-27 v0.33 Utility functions of pdfTeX for LuaTeX (HO
)
Package pdftexcmds Info: \pdf@primitive is available.
Package pdftexcmds Info: \pdf@ifprimitive is available.
Package pdftexcmds Info: \pdfdraftmode not found.
))
(/opt/homebrew/Cellar/texlive/20260301/share/texmf-dist/tex/latex/hycolor/hycol
or.sty
Package: hycolor 2020-01-27 v1.10 Color options for hyperref/bookmark (HO)
)
(/opt/homebrew/Cellar/texlive/20260301/share/texmf-dist/tex/latex/hyperref/name
ref.sty
Package: nameref 2026-01-29 v2.58 Cross-referencing by name of section

(/opt/homebrew/Cellar/texlive/20260301/share/texmf-dist/tex/latex/refcount/refc
ount.sty
Package: refcount 2019/12/15 v3.6 Data extraction from label references (HO)
)
(/opt/homebrew/Cellar/texlive/20260301/share/texmf-dist/tex/generic/gettitlestr
ing/gettitlestring.sty
Package: gettitlestring 2019/12/15 v1.6 Cleanup title references (HO)

(/opt/homebrew/Cellar/texlive/20260301/share/texmf-dist/tex/latex/kvoptions/kvo
ptions.sty
Package: kvoptions 2022-06-15 v3.15 Key value format for package options (HO)
))
\c@section@level=\count359
)
(/opt/homebrew/Cellar/texlive/20260301/share/texmf-dist/tex/generic/stringenc/s
tringenc.sty
Package: stringenc 2019/11/29 v1.12 Convert strings between diff. encodings (HO
)
)
\@linkdim=\dimen325
\Hy@linkcounter=\count360
\Hy@pagecounter=\count361

(/opt/homebrew/Cellar/texlive/20260301/share/texmf-dist/tex/latex/hyperref/pd1e
nc.def
File: pd1enc.def 2026-01-29 v7.01p Hyperref: PDFDocEncoding definition (HO)
)
(/opt/homebrew/Cellar/texlive/20260301/share/texmf-dist/tex/generic/intcalc/int
calc.sty
Package: intcalc 2019/12/15 v1.3 Expandable calculations with integers (HO)
)
\Hy@SavedSpaceFactor=\count362

(/opt/homebrew/Cellar/texlive/20260301/share/texmf-dist/tex/latex/hyperref/puen
c.def
File: puenc.def 2026-01-29 v7.01p Hyperref: PDF Unicode definition (HO)
)
Package hyperref Info: Hyper figures OFF on input line 4201.
Package hyperref Info: Link nesting OFF on input line 4206.
Package hyperref Info: Hyper index ON on input line 4209.
Package hyperref Info: Plain pages OFF on input line 4216.
Package hyperref Info: Backreferencing OFF on input line 4221.
Package hyperref Info: Implicit mode ON; LaTeX internals redefined.
Package hyperref Info: Bookmarks ON on input line 4468.
\c@Hy@tempcnt=\count363

(/opt/homebrew/Cellar/texlive/20260301/share/texmf-dist/tex/latex/url/url.sty
\Urlmuskip=\muskip18
Package: url 2013/09/16  ver 3.4  Verb mode for urls, etc.
)
LaTeX Info: Redefining \url on input line 4807.
\XeTeXLinkMargin=\dimen326

(/opt/homebrew/Cellar/texlive/20260301/share/texmf-dist/tex/generic/bitset/bits
et.sty
Package: bitset 2019/12/09 v1.3 Handle bit-vector datatype (HO)

(/opt/homebrew/Cellar/texlive/20260301/share/texmf-dist/tex/generic/bigintcalc/
bigintcalc.sty
Package: bigintcalc 2019/12/15 v1.5 Expandable calculations on big integers (HO
)
))
\Fld@menulength=\count364
\Field@Width=\dimen327
\Fld@charsize=\dimen328
Package hyperref Info: Hyper figures OFF on input line 6084.
Package hyperref Info: Link nesting OFF on input line 6089.
Package hyperref Info: Hyper index ON on input line 6092.
Package hyperref Info: backreferencing OFF on input line 6099.
Package hyperref Info: Link coloring OFF on input line 6104.
Package hyperref Info: Link coloring with OCG OFF on input line 6109.
Package hyperref Info: PDF/A mode OFF on input line 6114.
\Hy@abspage=\count365
\c@Item=\count366
\c@Hfootnote=\count367
)
Package hyperref Info: Driver (autodetected): hxetex.

(/opt/homebrew/Cellar/texlive/20260301/share/texmf-dist/tex/latex/hyperref/hxet
ex.def
File: hxetex.def 2026-01-29 v7.01p Hyperref driver for XeTeX
\pdfm@box=\box87
\c@Hy@AnnotLevel=\count368
\HyField@AnnotCount=\count369
\Fld@listcount=\count370
\c@bookmark@seq@number=\count371

(/opt/homebrew/Cellar/texlive/20260301/share/texmf-dist/tex/latex/rerunfilechec
k/rerunfilecheck.sty
Package: rerunfilecheck 2025-06-21 v1.11 Rerun checks for auxiliary files (HO)

(/opt/homebrew/Cellar/texlive/20260301/share/texmf-dist/tex/generic/uniquecount
er/uniquecounter.sty
Package: uniquecounter 2019/12/15 v1.4 Provide unlimited unique counter (HO)
)
Package uniquecounter Info: New unique counter `rerunfilecheck' on input line 2
84.
)
\Hy@SectionHShift=\skip73
)
(/opt/homebrew/Cellar/texlive/20260301/share/texmf-dist/tex/latex/xurl/xurl.sty
Package: xurl 2022/01/09 v 0.10 modify URL breaks
)
(/opt/homebrew/Cellar/texlive/20260301/share/texmf-dist/tex/latex/microtype/mic
rotype.sty
Package: microtype 2026/03/01 v3.2d Micro-typographical refinements (RS)
\MT@toks=\toks48
\MT@tempbox=\box88
\MT@count=\count372
LaTeX Info: Redefining \noprotrusionifhmode on input line 1084.
LaTeX Info: Redefining \leftprotrusion on input line 1085.
\MT@prot@toks=\toks49
LaTeX Info: Redefining \rightprotrusion on input line 1104.
LaTeX Info: Redefining \textls on input line 1449.
\MT@outer@kern=\dimen329
LaTeX Info: Redefining \microtypecontext on input line 2053.
LaTeX Info: Redefining \textmicrotypecontext on input line 2070.
\MT@listname@count=\count373

(/opt/homebrew/Cellar/texlive/20260301/share/texmf-dist/tex/latex/microtype/mic
rotype-xetex.def
File: microtype-xetex.def 2026/03/01 v3.2d Definitions specific to xetex (RS)
LaTeX Info: Redefining \lsstyle on input line 443.
LaTeX Info: Redefining \lslig on input line 451.
\MT@outer@space=\skip74
)
Package microtype Info: Loading configuration file microtype.cfg.

(/opt/homebrew/Cellar/texlive/20260301/share/texmf-dist/tex/latex/microtype/mic
rotype.cfg
File: microtype.cfg 2026/03/01 v3.2d microtype main configuration file (RS)
)
LaTeX Info: Redefining \microtypesetup on input line 3065.
)
(/opt/homebrew/Cellar/texlive/20260301/share/texmf-dist/tex/latex/setspace/sets
pace.sty
Package: setspace 2022/12/04 v6.7b set line spacing
)
(/opt/homebrew/Cellar/texlive/20260301/share/texmf-dist/tex/latex/caption/capti
on.sty
Package: caption 2023/08/05 v3.6o Customizing captions (AR)

(/opt/homebrew/Cellar/texlive/20260301/share/texmf-dist/tex/latex/caption/capti
on3.sty
Package: caption3 2023/07/31 v2.4d caption3 kernel (AR)
\caption@tempdima=\dimen330
\captionmargin=\dimen331
\caption@leftmargin=\dimen332
\caption@rightmargin=\dimen333
\caption@width=\dimen334
\caption@indent=\dimen335
\caption@parindent=\dimen336
\caption@hangindent=\dimen337
Package caption Info: Standard document class detected.
)
\c@caption@flags=\count374
\c@continuedfloat=\count375
Package caption Info: hyperref package is loaded.
Package caption Info: listings package is loaded.
)
(/opt/homebrew/Cellar/texlive/20260301/share/texmf-dist/tex/latex/tools/multico
l.sty
Package: multicol 2025/10/21 v2.0b multicolumn formatting (FMi)
\c@tracingmulticols=\count376
\mult@box=\box89
\multicol@leftmargin=\dimen338
\c@unbalance=\count377
\c@collectmore=\count378
\doublecol@number=\count379
\multicoltolerance=\count380
\multicolpretolerance=\count381
\full@width=\dimen339
\page@free=\dimen340
\premulticols=\dimen341
\postmulticols=\dimen342
\multicolsep=\skip75
\multicolbaselineskip=\skip76
\partial@page=\box90
\last@line=\box91
\mc@boxedresult=\box92
\maxbalancingoverflow=\dimen343
\mult@rightbox=\box93
\mult@grightbox=\box94
\mult@firstbox=\box95
\mult@gfirstbox=\box96
\@tempa=\box97
\@tempa=\box98
\@tempa=\box99
\@tempa=\box100
\@tempa=\box101
\@tempa=\box102
\@tempa=\box103
\@tempa=\box104
\@tempa=\box105
\@tempa=\box106
\@tempa=\box107
\@tempa=\box108
\@tempa=\box109
\@tempa=\box110
\@tempa=\box111
\@tempa=\box112
\@tempa=\box113
\@tempa=\box114
\@tempa=\box115
\@tempa=\box116
\@tempa=\box117
\@tempa=\box118
\@tempa=\box119
\@tempa=\box120
\@tempa=\box121
\@tempa=\box122
\@tempa=\box123
\@tempa=\box124
\@tempa=\box125
\@tempa=\box126
\@tempa=\box127
\@tempa=\box128
\@tempa=\box129
\@tempa=\box130
\@tempa=\box131
\@tempa=\box132
\c@minrows=\count382
\c@columnbadness=\count383
\c@finalcolumnbadness=\count384
\last@try=\dimen344
\multicolovershoot=\dimen345
\multicolundershoot=\dimen346
\mult@nat@firstbox=\box133
\colbreak@box=\box134
\mc@col@check@num=\count385
\g__mc_curr_col_int=\count386
)
(/opt/homebrew/Cellar/texlive/20260301/share/texmf-dist/tex/latex/ragged2e/ragg
ed2e.sty
Package: ragged2e 2023/06/22 v3.6 ragged2e Package
\CenteringLeftskip=\skip77
\RaggedLeftLeftskip=\skip78
\RaggedRightLeftskip=\skip79
\CenteringRightskip=\skip80
\RaggedLeftRightskip=\skip81
\RaggedRightRightskip=\skip82
\CenteringParfillskip=\skip83
\RaggedLeftParfillskip=\skip84
\RaggedRightParfillskip=\skip85
\JustifyingParfillskip=\skip86
\CenteringParindent=\skip87
\RaggedLeftParindent=\skip88
\RaggedRightParindent=\skip89
\JustifyingParindent=\skip90
)
(/opt/homebrew/Cellar/texlive/20260301/share/texmf-dist/tex/latex/base/ifthen.s
ty
Package: ifthen 2024/03/16 v1.1e Standard LaTeX ifthen package (DPC)
)
(/opt/homebrew/Cellar/texlive/20260301/share/texmf-dist/tex/latex/lastpage/last
page.sty
Package: lastpage 2025/08/14 v2.1h lastpage: 2.09 or 2e? (HMM)

(/opt/homebrew/Cellar/texlive/20260301/share/texmf-dist/tex/latex/lastpage/last
page2e.sty
Package: lastpage2e 2025/08/14 v2.1h Decide which 2e lastpage version to use (H
MM)

(/opt/homebrew/Cellar/texlive/20260301/share/texmf-dist/tex/latex/lastpage/last
pagemodern.sty
Package: lastpagemodern 2025-08-14 v2.1h Refers to last page's name (HMM; JPG)
\c@lastpagecount=\count387
)
))

Package fontspec Info:
(fontspec)             Font family 'AvenirNext(0)' created for font 'Avenir
(fontspec)             Next' with options [Ligatures=TeX].
(fontspec)
(fontspec)              This font family consists of the following NFSS
(fontspec)             series/shapes:
(fontspec)
(fontspec)             - 'normal' (m/n) with NFSS spec.: <->"Avenir
(fontspec)             Next/OT:script=latn;language=dflt;mapping=tex-text;"
(fontspec)             - 'small caps'  (m/sc) with NFSS spec.: <->"Avenir
(fontspec)             Next/OT:script=latn;language=dflt;+smcp;mapping=tex-text
;"
(fontspec)             - 'bold' (b/n) with NFSS spec.: <->"Avenir
(fontspec)             Next/B/OT:script=latn;language=dflt;mapping=tex-text;"
(fontspec)             - 'bold small caps'  (b/sc) with NFSS spec.: <->"Avenir
(fontspec)             Next/B/OT:script=latn;language=dflt;+smcp;mapping=tex-te
xt;"
(fontspec)             - 'italic' (m/it) with NFSS spec.: <->"Avenir
(fontspec)             Next/I/OT:script=latn;language=dflt;mapping=tex-text;"
(fontspec)             - 'italic small caps'  (m/scit) with NFSS spec.:
(fontspec)             <->"Avenir
(fontspec)             Next/I/OT:script=latn;language=dflt;+smcp;mapping=tex-te
xt;"
(fontspec)             - 'bold italic' (b/it) with NFSS spec.: <->"Avenir
(fontspec)             Next/BI/OT:script=latn;language=dflt;mapping=tex-text;"
(fontspec)             - 'bold italic small caps'  (b/scit) with NFSS spec.:
(fontspec)             <->"Avenir
(fontspec)             Next/BI/OT:script=latn;language=dflt;+smcp;mapping=tex-t
ext;"


Package fontspec Info:
(fontspec)             Menlo scale = 0.83.


Package fontspec Info:
(fontspec)             Menlo scale = 0.83.


Package fontspec Info:
(fontspec)             Menlo/B scale = 0.83.


Package fontspec Info:
(fontspec)             Menlo/I scale = 0.83.


Package fontspec Info:
(fontspec)             Menlo/BI scale = 0.83.


Package fontspec Info:
(fontspec)             Font family 'Menlo(0)' created for font 'Menlo' with
(fontspec)             options
(fontspec)             [WordSpace={1,0,0},HyphenChar=None,PunctuationSpace=Word
Space,Scale=0.83].
(fontspec)
(fontspec)              This font family consists of the following NFSS
(fontspec)             series/shapes:
(fontspec)
(fontspec)             - 'normal' (m/n) with NFSS spec.:
(fontspec)             <->s*[0.83]"Menlo/AAT"
(fontspec)             - 'bold' (b/n) with NFSS spec.:
(fontspec)             <->s*[0.83]"Menlo/B/AAT"
(fontspec)             - 'italic' (m/it) with NFSS spec.:
(fontspec)             <->s*[0.83]"Menlo/I/AAT"
(fontspec)             - 'bold italic' (b/it) with NFSS spec.:
(fontspec)             <->s*[0.83]"Menlo/BI/AAT"


Package fontspec Info:
(fontspec)             Font family 'Futura(0)' created for font 'Futura' with
(fontspec)             options [].
(fontspec)
(fontspec)              This font family consists of the following NFSS
(fontspec)             series/shapes:
(fontspec)
(fontspec)             - 'normal' (m/n) with NFSS spec.:
(fontspec)             <->"Futura/OT:language=dflt;"
(fontspec)             - 'bold' (b/n) with NFSS spec.:
(fontspec)             <->"Futura/B/OT:language=dflt;"
(fontspec)             - 'italic' (m/it) with NFSS spec.:
(fontspec)             <->"Futura/I/OT:language=dflt;"
(fontspec)             - 'bold italic' (b/it) with NFSS spec.:
(fontspec)             <->"Futura/BI/OT:language=dflt;"


Package fontspec Info:
(fontspec)             Font family 'AvenirNextCondensed(0)' created for font
(fontspec)             'Avenir Next Condensed' with options [].
(fontspec)
(fontspec)              This font family consists of the following NFSS
(fontspec)             series/shapes:
(fontspec)
(fontspec)             - 'normal' (m/n) with NFSS spec.: <->"Avenir Next
(fontspec)             Condensed/OT:script=latn;language=dflt;"
(fontspec)             - 'small caps'  (m/sc) with NFSS spec.: <->"Avenir Next
(fontspec)             Condensed/OT:script=latn;language=dflt;+smcp;"
(fontspec)             - 'bold' (b/n) with NFSS spec.: <->"Avenir Next
(fontspec)             Condensed/B/OT:script=latn;language=dflt;"
(fontspec)             - 'bold small caps'  (b/sc) with NFSS spec.: <->"Avenir
(fontspec)             Next Condensed/B/OT:script=latn;language=dflt;+smcp;"
(fontspec)             - 'italic' (m/it) with NFSS spec.: <->"Avenir Next
(fontspec)             Condensed/I/OT:script=latn;language=dflt;"
(fontspec)             - 'italic small caps'  (m/scit) with NFSS spec.:
(fontspec)             <->"Avenir Next
(fontspec)             Condensed/I/OT:script=latn;language=dflt;+smcp;"
(fontspec)             - 'bold italic' (b/it) with NFSS spec.: <->"Avenir Next
(fontspec)             Condensed/BI/OT:script=latn;language=dflt;"
(fontspec)             - 'bold italic small caps'  (b/scit) with NFSS spec.:
(fontspec)             <->"Avenir Next
(fontspec)             Condensed/BI/OT:script=latn;language=dflt;+smcp;"

Package hyperref Info: Option `colorlinks' set `true' on input line 67.
)
(/opt/homebrew/Cellar/texlive/20260301/share/texmf-dist/tex/latex/markdown/mark
down.sty
(/opt/homebrew/Cellar/texlive/20260301/share/texmf-dist/tex/generic/markdown/ma
rkdown.tex
(/opt/homebrew/Cellar/texlive/20260301/share/texmf-dist/tex/generic/lt3luabridg
e/lt3luabridge.tex
\g_luabridge_method_int=\count388

Package luabridge Info: Using shell escape as the bridging method

)
\markdownInputFileStream=\read4
\markdownOutputFileStream=\write4
)
\markdownOptionFrozenCacheCounter=\count389
\g_tmpa_iow=\write5
\openout5 = `complete-builders-field-manual.luabridge.lua'.


Package luabridge Info: Writing a helper Lua script to file
(luabridge)             complete-builders-field-manual.luabridge.lua


Package luabridge Info: Executing a helper Lua script from file
(luabridge)             complete-builders-field-manual.luabridge.lua


(|TEXMF_OUTPUT_DIRECTORY=${TEXMF_OUTPUT_DIRECTORY:-.}
texlua $TEXMF_OUTPUT_DIRECTORY/complete-builders-field-manual.luabridge.lua)
Package: markdown 2026-01-02 v3.13.0-0-gdd212d58 markdown renderer
)

Package markdown Info: Loading version latest of LaTeX Markdown theme
(markdown)             witiko/markdown/defaults


(/opt/homebrew/Cellar/texlive/20260301/share/texmf-dist/tex/latex/markdown/mark
downthemewitiko_markdown_defaults.sty

Package markdown Info: Loading version latest of plain TeX Markdown theme
(markdown)             witiko/markdown/defaults


(/opt/homebrew/Cellar/texlive/20260301/share/texmf-dist/tex/generic/markdown/ma
rkdownthemewitiko_markdown_defaults.tex)
(/opt/homebrew/Cellar/texlive/20260301/share/texmf-dist/tex/latex/amsfonts/amss
ymb.sty
Package: amssymb 2013/01/14 v3.01 AMS font symbols

(/opt/homebrew/Cellar/texlive/20260301/share/texmf-dist/tex/latex/amsfonts/amsf
onts.sty
Package: amsfonts 2013/01/14 v3.01 Basic AMSFonts support
\symAMSa=\mathgroup4
\symAMSb=\mathgroup5
LaTeX Font Info:    Redeclaring math symbol \hbar on input line 98.
LaTeX Font Info:    Overwriting math alphabet `\mathfrak' in version `bold'
(Font)                  U/euf/m/n --> U/euf/b/n on input line 106.
))
(/opt/homebrew/Cellar/texlive/20260301/share/texmf-dist/tex/latex/csvsimple/csv
simple.sty
Package: csvsimple 2024/09/27 v2.7.0 LaTeX CSV file processing
)
(/opt/homebrew/Cellar/texlive/20260301/share/texmf-dist/tex/latex/csvsimple/csv
simple-legacy.sty
Package: csvsimple-legacy 2024/09/27 version 2.7.0 LaTeX2e CSV file processing

(/opt/homebrew/Cellar/texlive/20260301/share/texmf-dist/tex/latex/tools/shelles
c.sty
Package: shellesc 2023/07/08 v1.0d unified shell escape interface for LaTeX
Package shellesc Info: Unrestricted shell escape enabled on input line 75.
)
\csv@file=\read5
\c@csvinputline=\count390
\c@csvrow=\count391
\c@csvcol=\count392
\csv@out=\write6
)
(/opt/homebrew/Cellar/texlive/20260301/share/texmf-dist/tex/latex/fancyvrb/fanc
yvrb.sty
Package: fancyvrb 2025/07/28 4.6 verbatim text (tvz,hv)
\FV@CodeLineNo=\count393
\FV@InFile=\read6
\FV@TabBox=\box135
\c@FancyVerbLine=\count394
\FV@StepNumber=\count395
\FV@OutFile=\write7
)
\markdownLaTeXCitationsCounter=\count396
\markdownLaTeXRowCounter=\count397
\markdownLaTeXRowTotal=\count398
\markdownLaTeXColumnCounter=\count399
\markdownLaTeXColumnTotal=\count400
\markdownLaTeXTable=\toks50
\markdownLaTeXTableAlignment=\toks51
\markdownLaTeXTableEnd=\toks52
)
(/Users/rob/dev/Presentation/ROB-Books/tmp/pdfs/complete-builders-field-manual.
aux)
\openout1 = `complete-builders-field-manual.aux'.

LaTeX Font Info:    Checking defaults for OML/cmm/m/it on input line 47.
LaTeX Font Info:    ... okay on input line 47.
LaTeX Font Info:    Checking defaults for OMS/cmsy/m/n on input line 47.
LaTeX Font Info:    ... okay on input line 47.
LaTeX Font Info:    Checking defaults for OT1/cmr/m/n on input line 47.
LaTeX Font Info:    ... okay on input line 47.
LaTeX Font Info:    Checking defaults for T1/cmr/m/n on input line 47.
LaTeX Font Info:    ... okay on input line 47.
LaTeX Font Info:    Checking defaults for TS1/cmr/m/n on input line 47.
LaTeX Font Info:    ... okay on input line 47.
LaTeX Font Info:    Checking defaults for TU/lmr/m/n on input line 47.
LaTeX Font Info:    ... okay on input line 47.
LaTeX Font Info:    Checking defaults for OMX/cmex/m/n on input line 47.
LaTeX Font Info:    ... okay on input line 47.
LaTeX Font Info:    Checking defaults for U/cmr/m/n on input line 47.
LaTeX Font Info:    ... okay on input line 47.
LaTeX Font Info:    Checking defaults for PD1/pdf/m/n on input line 47.
LaTeX Font Info:    ... okay on input line 47.
LaTeX Font Info:    Checking defaults for PU/pdf/m/n on input line 47.
LaTeX Font Info:    ... okay on input line 47.

*geometry* driver: auto-detecting
*geometry* detected driver: xetex
*geometry* verbose mode - [ preamble ] result:
* driver: xetex
* paper: letterpaper
* layout: <same size as paper>
* layoutoffset:(h,v)=(0.0pt,0.0pt)
* modes: twoside
* h-part:(L,W,R)=(52.03448pt, 517.45348pt, 44.80704pt)
* v-part:(T,H,B)=(49.86647pt, 694.51474pt, 50.58878pt)
* \paperwidth=614.295pt
* \paperheight=794.96999pt
* \textwidth=517.45348pt
* \textheight=694.51474pt
* \oddsidemargin=-20.2355pt
* \evensidemargin=-27.46295pt
* \topmargin=-53.40352pt
* \headheight=21.0pt
* \headsep=10.0pt
* \topskip=10.0pt
* \footskip=26.0pt
* \marginparwidth=125.0pt
* \marginparsep=7.0pt
* \columnsep=10.0pt
* \skip\footins=9.0pt plus 4.0pt minus 2.0pt
* \hoffset=0.0pt
* \voffset=0.0pt
* \mag=1000
* \@twocolumnfalse
* \@twosidetrue
* \@mparswitchtrue
* \@reversemarginfalse
* (1in=72.27pt=25.4mm, 1cm=28.453pt)


Package fontspec Info:
(fontspec)             Adjusting the maths setup (use [no-math] to avoid
(fontspec)             this).

\symlegacymaths=\mathgroup6
LaTeX Font Info:    Overwriting symbol font `legacymaths' in version `bold'
(Font)                  OT1/cmr/m/n --> OT1/cmr/bx/n on input line 47.
LaTeX Font Info:    Redeclaring math accent \acute on input line 47.
LaTeX Font Info:    Redeclaring math accent \grave on input line 47.
LaTeX Font Info:    Redeclaring math accent \ddot on input line 47.
LaTeX Font Info:    Redeclaring math accent \tilde on input line 47.
LaTeX Font Info:    Redeclaring math accent \bar on input line 47.
LaTeX Font Info:    Redeclaring math accent \breve on input line 47.
LaTeX Font Info:    Redeclaring math accent \check on input line 47.
LaTeX Font Info:    Redeclaring math accent \hat on input line 47.
LaTeX Font Info:    Redeclaring math accent \dot on input line 47.
LaTeX Font Info:    Redeclaring math accent \mathring on input line 47.
LaTeX Font Info:    Redeclaring math symbol \Gamma on input line 47.
LaTeX Font Info:    Redeclaring math symbol \Delta on input line 47.
LaTeX Font Info:    Redeclaring math symbol \Theta on input line 47.
LaTeX Font Info:    Redeclaring math symbol \Lambda on input line 47.
LaTeX Font Info:    Redeclaring math symbol \Xi on input line 47.
LaTeX Font Info:    Redeclaring math symbol \Pi on input line 47.
LaTeX Font Info:    Redeclaring math symbol \Sigma on input line 47.
LaTeX Font Info:    Redeclaring math symbol \Upsilon on input line 47.
LaTeX Font Info:    Redeclaring math symbol \Phi on input line 47.
LaTeX Font Info:    Redeclaring math symbol \Psi on input line 47.
LaTeX Font Info:    Redeclaring math symbol \Omega on input line 47.
LaTeX Font Info:    Redeclaring math symbol \mathdollar on input line 47.
LaTeX Font Info:    Redeclaring symbol font `operators' on input line 47.
LaTeX Font Info:    Encoding `OT1' has changed to `TU' for symbol font
(Font)              `operators' in the math version `normal' on input line 47.
LaTeX Font Info:    Overwriting symbol font `operators' in version `normal'
(Font)                  OT1/cmr/m/n --> TU/AvenirNext(0)/m/n on input line 47.
LaTeX Font Info:    Encoding `OT1' has changed to `TU' for symbol font
(Font)              `operators' in the math version `bold' on input line 47.
LaTeX Font Info:    Overwriting symbol font `operators' in version `bold'
(Font)                  OT1/cmr/bx/n --> TU/AvenirNext(0)/m/n on input line 47.

LaTeX Font Info:    Overwriting symbol font `operators' in version `normal'
(Font)                  TU/AvenirNext(0)/m/n --> TU/AvenirNext(0)/m/n on input
line 47.
LaTeX Font Info:    Overwriting math alphabet `\mathit' in version `normal'
(Font)                  OT1/cmr/m/it --> TU/AvenirNext(0)/m/it on input line 47
.
LaTeX Font Info:    Overwriting math alphabet `\mathbf' in version `normal'
(Font)                  OT1/cmr/bx/n --> TU/AvenirNext(0)/b/n on input line 47.

LaTeX Font Info:    Overwriting math alphabet `\mathsf' in version `normal'
(Font)                  OT1/cmss/m/n --> TU/AvenirNext(0)/m/n on input line 47.

LaTeX Font Info:    Overwriting math alphabet `\mathtt' in version `normal'
(Font)                  OT1/cmtt/m/n --> TU/Menlo(0)/m/n on input line 47.
LaTeX Font Info:    Overwriting symbol font `operators' in version `bold'
(Font)                  TU/AvenirNext(0)/m/n --> TU/AvenirNext(0)/b/n on input
line 47.
LaTeX Font Info:    Overwriting math alphabet `\mathit' in version `bold'
(Font)                  OT1/cmr/bx/it --> TU/AvenirNext(0)/b/it on input line 4
7.
LaTeX Font Info:    Overwriting math alphabet `\mathsf' in version `bold'
(Font)                  OT1/cmss/bx/n --> TU/AvenirNext(0)/b/n on input line 47
.
LaTeX Font Info:    Overwriting math alphabet `\mathtt' in version `bold'
(Font)                  OT1/cmtt/m/n --> TU/Menlo(0)/b/n on input line 47.
\c@lstlisting=\count401
Package hyperref Info: Link coloring ON on input line 47.

(/Users/rob/dev/Presentation/ROB-Books/tmp/pdfs/complete-builders-field-manual.
out)
(/Users/rob/dev/Presentation/ROB-Books/tmp/pdfs/complete-builders-field-manual.
out)
\@outlinefile=\write8
\openout8 = `complete-builders-field-manual.out'.

Package microtype Info: Patching varwidth to enable character protrusion.
\MT@vwid@leftmargin=\dimen347
\MT@vwid@rightmargin=\dimen348
LaTeX Info: Redefining \microtypecontext on input line 47.
Package microtype Info: Applying patch `item' on input line 47.
Package microtype Info: Applying patch `toc' on input line 47.
Package microtype Info: Applying patch `eqnum' on input line 47.


Package microtype Warning: Unable to apply patch `footnote' on input line 47.

Package microtype Info: Applying patch `verbatim' on input line 47.
LaTeX Info: Redefining \microtypesetup on input line 47.
Package microtype Info: Character protrusion enabled (level 2).
Package microtype Info: Using default protrusion set `alltext'.
Package microtype Info: No adjustment of tracking.
Package microtype Info: No adjustment of spacing.
Package microtype Info: No adjustment of kerning.
Package microtype Info: Loading generic protrusion settings for font family
(microtype)             `AvenirNext' (encoding: TU).
(microtype)             For optimal results, create family-specific settings.
(microtype)             See the microtype manual for details.
Package caption Info: Begin \AtBeginDocument code.
Package caption Info: End \AtBeginDocument code.
File: ../assets/photos/2025-rob-side-full-body.jpg Graphic file (type bmp)
<../assets/photos/2025-rob-side-full-body.jpg>
Package microtype Info: Loading generic protrusion settings for font family
(microtype)             `AvenirNextCondensed' (encoding: TU).
(microtype)             For optimal results, create family-specific settings.
(microtype)             See the microtype manual for details.
Package microtype Info: Loading generic protrusion settings for font family
(microtype)             `Futura' (encoding: TU).
(microtype)             For optimal results, create family-specific settings.
(microtype)             See the microtype manual for details.
[1


]
File: ../assets/generated/rob-used-future-frontispiece.png Graphic file (type b
mp)
<../assets/generated/rob-used-future-frontispiece.png>
 [2]
(/opt/homebrew/Cellar/texlive/20260301/share/texmf-dist/tex/latex/amsfonts/umsa
.fd)
(/opt/homebrew/Cellar/texlive/20260301/share/texmf-dist/tex/latex/microtype/mt-
msa.cfg)
(/opt/homebrew/Cellar/texlive/20260301/share/texmf-dist/tex/latex/amsfonts/umsb
.fd)
(/opt/homebrew/Cellar/texlive/20260301/share/texmf-dist/tex/latex/microtype/mt-
msb.cfg)
(/opt/homebrew/Cellar/texlive/20260301/share/texmf-dist/tex/latex/microtype/mt-
cmr.cfg)
LaTeX Font Info:    Font shape `TU/Menlo(0)/m/n' will be
(Font)              scaled to size 8.30002pt on input line 76.
Package microtype Info: Loading generic protrusion settings for font family
(microtype)             `Menlo' (encoding: TU).
(microtype)             For optimal results, create family-specific settings.
(microtype)             See the microtype manual for details.
 [3

] [4]
(/Users/rob/dev/Presentation/ROB-Books/tmp/pdfs/complete-builders-field-manual.
toc [5

] [6] [7] [8] [9] [10] [11] [12] [13] [14] [15])
\tf@toc=\write9
\openout9 = `complete-builders-field-manual.toc'.

 [16] [1



]
File: ../assets/photos/2025-rob-face-portrait.jpg Graphic file (type bmp)
<../assets/photos/2025-rob-face-portrait.jpg>

Underfull \hbox (badness 3579) in paragraph at lines 92--92
[]\TU/Futura(0)/b/n/29 The robot as a long-running
 []

[2

]
Chapter 1.

Underfull \hbox (badness 10000) in paragraph at lines 130--130
[]|\TU/AvenirNext(0)/m/n/10 Open electronics, camera/head revisions,
 []


Underfull \hbox (badness 10000) in paragraph at lines 130--130
\TU/AvenirNext(0)/m/n/10 wooden base templates, tread geometry,
 []


Underfull \hbox (badness 2671) in paragraph at lines 130--130
[]|\TU/AvenirNext(0)/m/n/10 Operational experience likely drove require-
 []


Underfull \hbox (badness 3068) in paragraph at lines 130--130
\TU/AvenirNext(0)/m/n/10 ments, but the archive does not link each
 []


Underfull \hbox (badness 10000) in paragraph at lines 130--130
[]|\TU/AvenirNext(0)/m/n/10 Sprocket-area machining, chain clearance,
 []


Underfull \hbox (badness 10000) in paragraph at lines 130--130
[]|\TU/AvenirNext(0)/m/n/10 Shoulder and neck gearing, arm re-
 []


Underfull \hbox (badness 3623) in paragraph at lines 130--130
\TU/AvenirNext(0)/m/n/10 moval/reassembly, cable labels, emergency-
 []

[3


]
File: ../assets/photos/2019-rob-front-corner.jpg Graphic file (type bmp)
<../assets/photos/2019-rob-front-corner.jpg>
File: ../assets/photos/2025-rob-side-full-body.jpg Graphic file (type bmp)
<../assets/photos/2025-rob-side-full-body.jpg>
 [4]
Underfull \hbox (badness 1337) in paragraph at lines 180--180
\TU/AvenirNext(0)/m/n/10 three H.264 feeds, and mixed-immersive panorama exist;

 []

[5] [6]
File: ../assets/photos/2019-rob-side-profile.jpg Graphic file (type bmp)
<../assets/photos/2019-rob-side-profile.jpg>
 [7

]
File: ../assets/photos/2024-open-tracked-base.jpg Graphic file (type bmp)
<../assets/photos/2024-open-tracked-base.jpg>

Underfull \hbox (badness 10000) in paragraph at lines 197--197
[]\TU/Futura(0)/b/n/29 System boundaries and
 []

[8

]
Chapter 2.

Underfull \hbox (badness 10000) in paragraph at lines 230--230
[]|\TU/AvenirNext(0)/m/n/10 Capture fresh intent, apply its client-
 []


Underfull \hbox (badness 10000) in paragraph at lines 230--230
\TU/AvenirNext(0)/m/n/10 specific lease or watchdog, present
 []


Underfull \hbox (badness 2285) in paragraph at lines 230--230
\TU/AvenirNext(0)/m/n/10 and order messages, reject replay and
 []


Underfull \hbox (badness 1275) in paragraph at lines 230--230
[]|\TU/AvenirNext(0)/m/n/10 Target: accept only complete bounded
 []

[9


] [10] [11

]
File: ../assets/photos/2024-nearly-assembled-base.jpg Graphic file (type bmp)
<../assets/photos/2024-nearly-assembled-base.jpg>
 [12

]
Chapter 3.
File: ../assets/photos/2022-drive-assembly-rear.jpg Graphic file (type bmp)
<../assets/photos/2022-drive-assembly-rear.jpg>

Underfull \hbox (badness 10000) in paragraph at lines 271--271
[][]
 []

File: ../assets/photos/2024-sprocket-machined-opening.jpg Graphic file (type bm
p)
<../assets/photos/2024-sprocket-machined-opening.jpg>
[13


]
File: ../assets/photos/2022-chain-sprocket-interior.jpg Graphic file (type bmp)

<../assets/photos/2022-chain-sprocket-interior.jpg>

Underfull \hbox (badness 10000) in paragraph at lines 279--279
[][]
 []

File: ../assets/photos/2024-chain-drive-closeup.jpg Graphic file (type bmp)
<../assets/photos/2024-chain-drive-closeup.jpg>
File: ../assets/slides/rob-v3-page-23.jpg Graphic file (type bmp)
<../assets/slides/rob-v3-page-23.jpg>
[14] [15] [16]
File: ../assets/photos/2025-rob-side-full-body.jpg Graphic file (type bmp)
<../assets/photos/2025-rob-side-full-body.jpg>
 [17

]
Chapter 4.
File: ../assets/photos/2025-rear-electronics-bay.jpg Graphic file (type bmp)
<../assets/photos/2025-rear-electronics-bay.jpg>
File: ../assets/photos/2025-labeled-cables.jpg Graphic file (type bmp)
<../assets/photos/2025-labeled-cables.jpg>

Underfull \hbox (badness 10000) in paragraph at lines 364--364
[][]
 []


Underfull \hbox (badness 2547) in paragraph at lines 364--364
[]\TU/AvenirNext(0)/m/it/7 Temporary labels aid teardown, but permanent routing
 must account for
 []

[18


]
File: ../assets/photos/2022-oakd-depth-camera.jpg Graphic file (type bmp)
<../assets/photos/2022-oakd-depth-camera.jpg>
File: ../assets/photos/2025-neck-gear-train.jpg Graphic file (type bmp)
<../assets/photos/2025-neck-gear-train.jpg>

Underfull \hbox (badness 10000) in paragraph at lines 372--372
[][]
 []

[19]
File: ../assets/photos/2025-detached-articulated-arm.jpg Graphic file (type bmp
)
<../assets/photos/2025-detached-articulated-arm.jpg>

Underfull \hbox (badness 2564) in paragraph at lines 378--378
[][] []\TU/AvenirNext(0)/m/it/7 A detached arm reveals its
 []

File: ../assets/photos/2022-arm-controller-board.jpg Graphic file (type bmp)
<../assets/photos/2022-arm-controller-board.jpg>
[20]
File: ../assets/photos/2022-drilling-metal-rail.jpg Graphic file (type bmp)
<../assets/photos/2022-drilling-metal-rail.jpg>
 [21

]
Chapter 5.
File: ../assets/photos/2024-caliper-tread-measurement.jpg Graphic file (type bm
p)
<../assets/photos/2024-caliper-tread-measurement.jpg>

Underfull \hbox (badness 10000) in paragraph at lines 409--409
[][]
 []

File: ../assets/photos/2022-bracket-fit-check.jpg Graphic file (type bmp)
<../assets/photos/2022-bracket-fit-check.jpg>

Underfull \hbox (badness 10000) in paragraph at lines 409--409
[][]
 []

[22


] [23] [24

]
File: ../assets/photos/2024-batteries-and-power-leads.jpg Graphic file (type bm
p)
<../assets/photos/2024-batteries-and-power-leads.jpg>
 [25

]
Chapter 6.
File: ../assets/slides/rob-v3-page-41.jpg Graphic file (type bmp)
<../assets/slides/rob-v3-page-41.jpg>

Underfull \hbox (badness 10000) in paragraph at lines 455--455
[][]
 []

File: ../assets/photos/2024-batteries-and-power-leads.jpg Graphic file (type bm
p)
<../assets/photos/2024-batteries-and-power-leads.jpg>

Underfull \hbox (badness 10000) in paragraph at lines 455--455
[][]
 []

[26


]
File: ../assets/photos/2024-power-cable-pass-through.jpg Graphic file (type bmp
)
<../assets/photos/2024-power-cable-pass-through.jpg>
File: ../assets/photos/2024-voltage-gauge.jpg Graphic file (type bmp)
<../assets/photos/2024-voltage-gauge.jpg>

Underfull \hbox (badness 10000) in paragraph at lines 474--474
[][]
 []


Underfull \hbox (badness 10000) in paragraph at lines 488--488
[]|\TU/AvenirNext(0)/m/n/10 tread/flipper controllers
 []


Underfull \hbox (badness 10000) in paragraph at lines 488--488
\TU/AvenirNext(0)/m/n/10 before 24 V revision,
 []


Underfull \hbox (badness 10000) in paragraph at lines 488--488
\TU/AvenirNext(0)/m/n/10 linear-actuator controller,
 []


Underfull \hbox (badness 10000) in paragraph at lines 488--488
\TU/AvenirNext(0)/m/n/10 Arduino/base hub, on-
 []


Underfull \hbox (badness 10000) in paragraph at lines 488--488
[]|\TU/AvenirNext(0)/m/n/10 HengDrive motors after
 []


Underfull \hbox (badness 1052) in paragraph at lines 488--488
\TU/AvenirNext(0)/m/n/10 boost, rotary power path,
 []


Underfull \hbox (badness 1845) in paragraph at lines 488--488
\TU/AvenirNext(0)/m/n/10 torso bus, stepper candi-
 []


Underfull \hbox (badness 2626) in paragraph at lines 488--488
\TU/AvenirNext(0)/m/n/10 date, Maestro/peripherals
 []


Underfull \hbox (badness 5345) in paragraph at lines 488--488
[]|\TU/AvenirNext(0)/m/n/10 backpack router, camera
 []


Underfull \hbox (badness 1242) in paragraph at lines 488--488
\TU/AvenirNext(0)/m/n/10 charging, AMBER Ubuntu
 []


Underfull \hbox (badness 3229) in paragraph at lines 488--488
[]|\TU/AvenirNext(0)/m/n/10 fanless pure-sine inverter,
 []


Underfull \hbox (badness 7504) in paragraph at lines 488--488
\TU/AvenirNext(0)/m/n/10 recalled 150 W continu-
 []


Underfull \hbox (badness 1389) in paragraph at lines 488--488
\TU/AvenirNext(0)/m/n/10 ous / 300 W peak, used
 []


Underfull \hbox (badness 10000) in paragraph at lines 488--488
\TU/AvenirNext(0)/m/n/10 for AC-powered com-
 []


Underfull \hbox (badness 2158) in paragraph at lines 488--488
[]|\TU/AvenirNext(0)/m/n/10 Model, grounding/isolation, receptacle protection,
inrush,
 []


Underfull \hbox (badness 10000) in paragraph at lines 488--488
[]|\TU/AvenirNext(0)/m/n/10 two AMBER B1 arms
 []


Underfull \hbox (badness 10000) in paragraph at lines 488--488
\TU/AvenirNext(0)/m/n/10 through rear cutoff
 []

[27] [28]
File: ../assets/photos/2025-emergency-stop-bench-layout.jpg Graphic file (type
bmp)
<../assets/photos/2025-emergency-stop-bench-layout.jpg>
 [29]
File: ../assets/photos/2024-dense-internal-routing.jpg Graphic file (type bmp)
<../assets/photos/2024-dense-internal-routing.jpg>
 [30

]
Chapter 7.

Underfull \hbox (badness 10000) in paragraph at lines 529--529
[]|[] \TU/AvenirNext(0)/m/n/10 current
 []

[31


]
Underfull \hbox (badness 10000) in paragraph at lines 559--559
[]|\TU/AvenirNext(0)/m/n/10 SoftwareSerial
 []


Underfull \hbox (badness 10000) in paragraph at lines 559--559
\TU/AvenirNext(0)/m/n/10 D22/D23, 19,200
 []


Underfull \hbox (badness 2932) in paragraph at lines 559--559
[]|\TU/AvenirNext(0)/m/n/10 Compact serial forward/reverse; nominal speed -3200
 to
 []


Underfull \hbox (badness 10000) in paragraph at lines 559--559
[]|\TU/AvenirNext(0)/m/n/10 I2C via Wire;
 []


Underfull \hbox (badness 10000) in paragraph at lines 559--559
[]|\TU/AvenirNext(0)/m/n/10 Proposed
 []

LaTeX Font Info:    Font shape `TU/Menlo(0)/m/n' will be
(Font)              scaled to size 9.96002pt on input line 569.
[32] [33]
Underfull \hbox (badness 10000) in paragraph at lines 647--647
[]|\TU/AvenirNext(0)/m/n/10 PROPOSED
 []


Underfull \hbox (badness 10000) in paragraph at lines 647--647
[]|\TU/AvenirNext(0)/m/n/10 All external interrupts; verify voltage, pull-up, e
dge,
 []


Underfull \hbox (badness 3049) in paragraph at lines 647--647
[]|\TU/AvenirNext(0)/m/n/10 D20 SDA / D21
 []


Underfull \hbox (badness 1412) in paragraph at lines 647--647
[]|\TU/AvenirNext(0)/m/n/10 Short, local, twisted/ground-referenced routing onl
y; do not
 []

[34] [35] [36

]
File: ../assets/photos/2022-fanless-computer-and-serial.jpg Graphic file (type
bmp)
<../assets/photos/2022-fanless-computer-and-serial.jpg>
 [37

]
Chapter 8.

Underfull \hbox (badness 10000) in paragraph at lines 692--692
[]|\TU/AvenirNext(0)/m/n/10 Separate face/belly/panorama providers, frame-set o
wnership,
 []


Underfull \hbox (badness 10000) in paragraph at lines 692--692
[]|\TU/AvenirNext(0)/m/n/10 Fail-closed one-to-one bridge, responder, bounded a
ttach-
 []


Underfull \hbox (badness 5787) in paragraph at lines 692--692
\TU/AvenirNext(0)/m/n/10 ments/current information, optional encrypted transcri
pt memory,
 []

[38


]
Underfull \hbox (badness 10000) in paragraph at lines 711--711
[]\TU/AvenirNext(0)/b/n/10 Why it is here: \TU/AvenirNext(0)/m/n/10 Read \TU/Me
nlo(0)/m/n/10 initialize_connection\TU/AvenirNext(0)/m/n/10 , \TU/Menlo(0)/m/n/
10 usbSerialPortPaths\TU/AvenirNext(0)/m/n/10 , \TU/Menlo(0)/m/n/10 connectToDe
tectedBase\TU/AvenirNext(0)/m/n/10 ,
 []


Underfull \hbox (badness 10000) in paragraph at lines 711--711
\TU/Menlo(0)/m/n/10 probeBaseFirmwareAtPath\TU/AvenirNext(0)/m/n/10 , \TU/Menlo
(0)/m/n/10 consumeBaseSerialBytes\TU/AvenirNext(0)/m/n/10 , the Vision neck/tor
so methods, and
 []

[39]
Underfull \hbox (badness 10000) in paragraph at lines 734--734
[]\TU/AvenirNext(0)/b/n/10 Why it is here: \TU/AvenirNext(0)/m/n/10 Compare the
 latest-value snapshot store with \TU/Menlo(0)/m/n/10 ROBMLXRuntime.swift\TU/Av
enirNext(0)/m/n/10 ,
 []

[40] [41]
File: ../assets/photos/2024-open-tracked-base.jpg Graphic file (type bmp)
<../assets/photos/2024-open-tracked-base.jpg>
 [42

]
Chapter 9.

Underfull \hbox (badness 3439) in paragraph at lines 749--749
[]\TU/AvenirNext(0)/b/n/10 Why it is here: \TU/AvenirNext(0)/m/n/10 The client
control contract is the anchor. Compare it with Cerebro’s matching
 []

[43


]
Underfull \hbox (badness 10000) in paragraph at lines 782--782
[]|\TU/AvenirNext(0)/m/n/10 Send established con-
 []


Underfull \hbox (badness 10000) in paragraph at lines 782--782
\TU/AvenirNext(0)/m/n/10 trol/action/autonomy messages and
 []


Underfull \hbox (badness 5331) in paragraph at lines 782--782
[]|\TU/AvenirNext(0)/m/n/10 Send bounded typed scan and map
 []

[44] [45]
File: ../assets/photos/2022-oakd-depth-camera.jpg Graphic file (type bmp)
<../assets/photos/2022-oakd-depth-camera.jpg>
 [46

]
Chapter 10.
[47


]
Underfull \hbox (badness 10000) in paragraph at lines 869--869
[]|\TU/AvenirNext(0)/m/n/10 pinned identity,
 []


Underfull \hbox (badness 10000) in paragraph at lines 869--869
[]|\TU/AvenirNext(0)/m/n/10 magic, version,
 []


Underfull \hbox (badness 10000) in paragraph at lines 869--869
\TU/AvenirNext(0)/m/n/10 kind, length, se-
 []


Underfull \hbox (badness 1072) in paragraph at lines 869--869
[]|\TU/AvenirNext(0)/m/n/10 IDs, codec, timing,
 []


Underfull \hbox (badness 10000) in paragraph at lines 869--869
[]|\TU/AvenirNext(0)/m/n/10 NAL lengths and
 []

[48] [49] [50]
File: ../assets/photos/2022-oakd-depth-camera.jpg Graphic file (type bmp)
<../assets/photos/2022-oakd-depth-camera.jpg>

Underfull \hbox (badness 5592) in paragraph at lines 914--914
[]\TU/Futura(0)/b/n/29 Cameras, depth, lidar, and
 []

[51

]
Chapter 11.
[52


] [53]
File: ../assets/slides/rob-v3-page-55.jpg Graphic file (type bmp)
<../assets/slides/rob-v3-page-55.jpg>

Underfull \hbox (badness 10000) in paragraph at lines 973--973
[][]
 []

File: ../assets/photos/2024-open-tracked-base.jpg Graphic file (type bmp)
<../assets/photos/2024-open-tracked-base.jpg>
[54]
File: ../assets/photos/2025-detached-articulated-arm.jpg Graphic file (type bmp
)
<../assets/photos/2025-detached-articulated-arm.jpg>

Underfull \hbox (badness 10000) in paragraph at lines 979--979
[]\TU/Futura(0)/b/n/29 Arms, animation, speech,
 []

[55

]
Chapter 12.
LaTeX Font Info:    Font shape `TU/Menlo(0)/m/it' will be
(Font)              scaled to size 5.81001pt on input line 988.
[56


] [57]
Underfull \hbox (badness 10000) in paragraph at lines 1044--1044
[]\TU/AvenirNext(0)/b/n/10 Why it is here: \TU/AvenirNext(0)/m/n/10 Read the st
rict show protocol and fixture tests first, then compare
 []

[58]
File: ../assets/photos/2025-detached-articulated-arm.jpg Graphic file (type bmp
)
<../assets/photos/2025-detached-articulated-arm.jpg>
File: ../assets/photos/2022-oakd-depth-camera.jpg Graphic file (type bmp)
<../assets/photos/2022-oakd-depth-camera.jpg>
 [59] [60] [61

]
File: ../assets/photos/2022-tracked-base-front.jpg Graphic file (type bmp)
<../assets/photos/2022-tracked-base-front.jpg>
 [62

]
Chapter 13.

Underfull \hbox (badness 2134) in paragraph at lines 1099--1099
[]|\TU/AvenirNext(0)/m/n/10 Protocol, range, state, deadline, replay, and
 []


Underfull \hbox (badness 10000) in paragraph at lines 1099--1099
[]|\TU/AvenirNext(0)/m/n/10 Repeatable operating envelope and ther-
 []

[63


] [64]
File: ../assets/photos/2025-rob-side-full-body.jpg Graphic file (type bmp)
<../assets/photos/2025-rob-side-full-body.jpg>
 [65

]
Chapter 14.
[66


] [67]
File: ../assets/photos/2025-rear-electronics-bay.jpg Graphic file (type bmp)
<../assets/photos/2025-rear-electronics-bay.jpg>
 [68

]
Chapter 15.
[69


] [70] [71

] [72] [73

]

Package markdown Info: Including markdown document
(markdown)             "volume-5-ai-robotics-with-codex.md"

\openout5 = `complete-builders-field-manual.luabridge.lua'.


Package luabridge Info: Writing a helper Lua script to file
(luabridge)             complete-builders-field-manual.luabridge.lua


Package luabridge Info: Executing a helper Lua script from file
(luabridge)             complete-builders-field-manual.luabridge.lua


(|texlua /Users/rob/dev/Presentation/ROB-Books/tmp/pdfs/complete-builders-field
-manual.luabridge.lua)
(/Users/rob/dev/Presentation/ROB-Books/tmp/pdfs/_markdown_complete-builders-fie
ld-manual/ab8dff4bc73999329989058b62820981.md.tex
Chapter 16.
Package hyperref Info: bookmark level for unknown lstlisting defaults to 0 on i
nput line 52.
LaTeX Font Info:    Font shape `TU/Menlo(0)/m/n' will be
(Font)              scaled to size 6.806pt on input line 52.

(/Users/rob/dev/Presentation/ROB-Books/tmp/pdfs/_markdown_complete-builders-fie
ld-manual/9b1b0c8be9856fc9d5bb1df5e95db737.verbatim [74

])
Underfull \hbox (badness 1337) in paragraph at lines 66--66
[]\TU/AvenirNext(0)/b/n/10 SOURCE TRAIL — HISTORICAL ARCHIVE: \TU/Menlo(0)/m/n/
10 CEREBRO_ARCHIVE_HISTORY.md \TU/AvenirNext(0)/m/n/10 records the preserved
 []

[75]
(/Users/rob/dev/Presentation/ROB-Books/tmp/pdfs/_markdown_complete-builders-fie
ld-manual/a5d0a1954ecb9d79b987eff4cfcb16fa.verbatim) [76]
(/Users/rob/dev/Presentation/ROB-Books/tmp/pdfs/_markdown_complete-builders-fie
ld-manual/e7fe232962210ca71aaed5f69d043e59.verbatim) [77]
(/Users/rob/dev/Presentation/ROB-Books/tmp/pdfs/_markdown_complete-builders-fie
ld-manual/42a2a132cf6418a4e7bb84f37f1ea31d.verbatim)
(/Users/rob/dev/Presentation/ROB-Books/tmp/pdfs/_markdown_complete-builders-fie
ld-manual/71b6b7fb4eb612591270eab27165ee63.verbatim)
(/Users/rob/dev/Presentation/ROB-Books/tmp/pdfs/_markdown_complete-builders-fie
ld-manual/b341702cab0dd8b01bd0831034672cb0.verbatim) [78]
(/Users/rob/dev/Presentation/ROB-Books/tmp/pdfs/_markdown_complete-builders-fie
ld-manual/1bc57dc08495a260464e1107fe71f2ef.verbatim)
(/Users/rob/dev/Presentation/ROB-Books/tmp/pdfs/_markdown_complete-builders-fie
ld-manual/f5fc205995a3df5526dea0104870f6ae.verbatim) [79]
(/Users/rob/dev/Presentation/ROB-Books/tmp/pdfs/_markdown_complete-builders-fie
ld-manual/1d261981f5c1c1516a0afc993d216b08.verbatim)
(/Users/rob/dev/Presentation/ROB-Books/tmp/pdfs/_markdown_complete-builders-fie
ld-manual/b9443bf954d716505c6ade97b3d643b8.verbatim) [80]
(/Users/rob/dev/Presentation/ROB-Books/tmp/pdfs/_markdown_complete-builders-fie
ld-manual/5d06a65321a82a24a3c526eb6f4efe61.verbatim)
(/Users/rob/dev/Presentation/ROB-Books/tmp/pdfs/_markdown_complete-builders-fie
ld-manual/be72149530d4e0ed010eebca8eb35a2b.verbatim) [81]
Underfull \hbox (badness 2503) in paragraph at lines 398--399
[]\TU/AvenirNext(0)/m/n/10 a disabled-by-default, allowlisted one-to-one Messag
es AI bridge with bounded images, local current-
 []


(/Users/rob/dev/Presentation/ROB-Books/tmp/pdfs/_markdown_complete-builders-fie
ld-manual/ec817424852c9db7be104cf4c25dedb8.verbatim) [82]
(/Users/rob/dev/Presentation/ROB-Books/tmp/pdfs/_markdown_complete-builders-fie
ld-manual/ca46e1dc9d5664b42718819cc94cfc9c.verbatim)
(/Users/rob/dev/Presentation/ROB-Books/tmp/pdfs/_markdown_complete-builders-fie
ld-manual/be1136643826c800700c93f9e23a8d7b.verbatim) [83]
(/Users/rob/dev/Presentation/ROB-Books/tmp/pdfs/_markdown_complete-builders-fie
ld-manual/85be9f82cdadacb8bfc5c22e3f8cf7e0.verbatim)
(/Users/rob/dev/Presentation/ROB-Books/tmp/pdfs/_markdown_complete-builders-fie
ld-manual/4d14d31ded2aa8e39a2bfa9e2a4f5dec.verbatim)
(/Users/rob/dev/Presentation/ROB-Books/tmp/pdfs/_markdown_complete-builders-fie
ld-manual/43d6ea8b015234df236091984a74d028.verbatim)
(/Users/rob/dev/Presentation/ROB-Books/tmp/pdfs/_markdown_complete-builders-fie
ld-manual/4ef5bda13c9400dfccd2381a8a9610f0.verbatim)
(/Users/rob/dev/Presentation/ROB-Books/tmp/pdfs/_markdown_complete-builders-fie
ld-manual/b51c399ded5a0db02464edc32e09f8a0.verbatim)
(/Users/rob/dev/Presentation/ROB-Books/tmp/pdfs/_markdown_complete-builders-fie
ld-manual/e5f390792eaa2cc878b8ce1a474dfb48.verbatim)
(/Users/rob/dev/Presentation/ROB-Books/tmp/pdfs/_markdown_complete-builders-fie
ld-manual/df35e3f179bfb84aa06c2ce5e3edc515.verbatim [84])
(/Users/rob/dev/Presentation/ROB-Books/tmp/pdfs/_markdown_complete-builders-fie
ld-manual/2cec1e09c7a0c7d4b2724b2c0f2e57d2.verbatim)
(/Users/rob/dev/Presentation/ROB-Books/tmp/pdfs/_markdown_complete-builders-fie
ld-manual/1b20222d41659432ab0778964a7ceeac.verbatim)
(/Users/rob/dev/Presentation/ROB-Books/tmp/pdfs/_markdown_complete-builders-fie
ld-manual/be168b781a3cd7fe386ffa408a1b854d.verbatim) [85] [86]
(/Users/rob/dev/Presentation/ROB-Books/tmp/pdfs/_markdown_complete-builders-fie
ld-manual/21aa13b6966d270d5e728a626dc378dc.verbatim)
(/Users/rob/dev/Presentation/ROB-Books/tmp/pdfs/_markdown_complete-builders-fie
ld-manual/4661268c6b664f245c2fe4229e72a844.verbatim) [87]
(/Users/rob/dev/Presentation/ROB-Books/tmp/pdfs/_markdown_complete-builders-fie
ld-manual/c4280b5df4b58707714d20fc0b3108cc.verbatim) [88]
(/Users/rob/dev/Presentation/ROB-Books/tmp/pdfs/_markdown_complete-builders-fie
ld-manual/31222354dab7b4bc11d01c20045b1249.verbatim)
(/Users/rob/dev/Presentation/ROB-Books/tmp/pdfs/_markdown_complete-builders-fie
ld-manual/a2cdfcb2dd36a8fd0e6310bd47a4fd80.verbatim)
(/Users/rob/dev/Presentation/ROB-Books/tmp/pdfs/_markdown_complete-builders-fie
ld-manual/b62021c1680c09f91dc73d9989f667c2.verbatim [89])
(/Users/rob/dev/Presentation/ROB-Books/tmp/pdfs/_markdown_complete-builders-fie
ld-manual/5cbd371aa2e73597c8a9259e0dc7be8c.verbatim)
(/Users/rob/dev/Presentation/ROB-Books/tmp/pdfs/_markdown_complete-builders-fie
ld-manual/116511f19a1eb2bdca5704af3f21757a.verbatim)
(/Users/rob/dev/Presentation/ROB-Books/tmp/pdfs/_markdown_complete-builders-fie
ld-manual/8b531506f0edcb3bbc53378149e090e4.verbatim)
(/Users/rob/dev/Presentation/ROB-Books/tmp/pdfs/_markdown_complete-builders-fie
ld-manual/aafde5a090f51575e5eb532437f8fb38.verbatim)
(/Users/rob/dev/Presentation/ROB-Books/tmp/pdfs/_markdown_complete-builders-fie
ld-manual/acd51289eff5aa520259ba3005ef1944.verbatim) [90]
(/Users/rob/dev/Presentation/ROB-Books/tmp/pdfs/_markdown_complete-builders-fie
ld-manual/ab590c1b801ac43b1901a00c3ff61f36.verbatim)
(/Users/rob/dev/Presentation/ROB-Books/tmp/pdfs/_markdown_complete-builders-fie
ld-manual/05c2f09143b14bc47be21f6182ad9f85.verbatim) [91]
(/Users/rob/dev/Presentation/ROB-Books/tmp/pdfs/_markdown_complete-builders-fie
ld-manual/d6a2de363bf451dc4c937a78fcf9948e.verbatim) [92]
(/Users/rob/dev/Presentation/ROB-Books/tmp/pdfs/_markdown_complete-builders-fie
ld-manual/cde5e8c30040712873ea2c2f8bdf2051.verbatim)
(/Users/rob/dev/Presentation/ROB-Books/tmp/pdfs/_markdown_complete-builders-fie
ld-manual/4859bb2dc945ed48f2b7f2190f495f04.verbatim)
(/Users/rob/dev/Presentation/ROB-Books/tmp/pdfs/_markdown_complete-builders-fie
ld-manual/1c9f064fb0a247bdccaf71e7d2c5293c.verbatim) [93] [94] [95]
(/Users/rob/dev/Presentation/ROB-Books/tmp/pdfs/_markdown_complete-builders-fie
ld-manual/181df8f7843da464184be164cacf0150.verbatim [96])
(/Users/rob/dev/Presentation/ROB-Books/tmp/pdfs/_markdown_complete-builders-fie
ld-manual/596b3bc8d63f14187000f731af2486bf.verbatim) [97]
(/Users/rob/dev/Presentation/ROB-Books/tmp/pdfs/_markdown_complete-builders-fie
ld-manual/7792b5519e579079b825477f53ea1833.verbatim)
(/Users/rob/dev/Presentation/ROB-Books/tmp/pdfs/_markdown_complete-builders-fie
ld-manual/a680a24ba3d74fe3fd807b57b78ad574.verbatim) [98]
(/Users/rob/dev/Presentation/ROB-Books/tmp/pdfs/_markdown_complete-builders-fie
ld-manual/87e2dc07e45a90ce16277163b0972900.verbatim)
(/Users/rob/dev/Presentation/ROB-Books/tmp/pdfs/_markdown_complete-builders-fie
ld-manual/76f036af2968af19a3c27a366d826754.verbatim)
(/Users/rob/dev/Presentation/ROB-Books/tmp/pdfs/_markdown_complete-builders-fie
ld-manual/ed85ca82cd7aa9fffb548f0895653e00.verbatim) [99]
(/Users/rob/dev/Presentation/ROB-Books/tmp/pdfs/_markdown_complete-builders-fie
ld-manual/163969e6263351aa5f20a4a33cfdb47a.verbatim)
(/Users/rob/dev/Presentation/ROB-Books/tmp/pdfs/_markdown_complete-builders-fie
ld-manual/5a0ac7e988d608b93865a85c1b70a8c9.verbatim) [100]
Underfull \hbox (badness 10000) in paragraph at lines 1333--1333
[]\TU/AvenirNext(0)/b/n/10 SOURCE TRAIL — ANALYZING NOW: \TU/Menlo(0)/m/n/10 Op
eratorSpeechPanel.swift\TU/AvenirNext(0)/m/n/10 , \TU/Menlo(0)/m/n/10 ControlPa
nel.swift\TU/AvenirNext(0)/m/n/10 ,
 []

[101]
(/Users/rob/dev/Presentation/ROB-Books/tmp/pdfs/_markdown_complete-builders-fie
ld-manual/b194a9162caec045518a7f47f9174ac7.verbatim) [102] [103]
LaTeX Font Info:    Font shape `TU/Menlo(0)/m/n' will be
(Font)              scaled to size 6.64001pt on input line 1472.
) [104]
[105

]

Package markdown Info: Including markdown document
(markdown)             "volume-6-amber-dual-arm-robotics.md"

\openout5 = `complete-builders-field-manual.luabridge.lua'.


Package luabridge Info: Writing a helper Lua script to file
(luabridge)             complete-builders-field-manual.luabridge.lua


Package luabridge Info: Executing a helper Lua script from file
(luabridge)             complete-builders-field-manual.luabridge.lua


(|texlua /Users/rob/dev/Presentation/ROB-Books/tmp/pdfs/complete-builders-field
-manual.luabridge.lua)
(/Users/rob/dev/Presentation/ROB-Books/tmp/pdfs/_markdown_complete-builders-fie
ld-manual/f8a83f67f5588ccd87dd2005445b89cd.md.tex
Chapter 17.

Underfull \hbox (badness 10000) in paragraph at lines 5--5
[]\TU/AvenirNext(0)/b/n/10 SOURCE TRAIL — ANALYZING NOW: \TU/Menlo(0)/m/n/10 Am
berHomeFolder/amber/L-10/launch.json \TU/AvenirNext(0)/m/n/10 and
 []


(/Users/rob/dev/Presentation/ROB-Books/tmp/pdfs/_markdown_complete-builders-fie
ld-manual/99923fb453be3526787049c00682445f.verbatim) [106

]
Chapter 18.

(/Users/rob/dev/Presentation/ROB-Books/tmp/pdfs/_markdown_complete-builders-fie
ld-manual/d3276e0785b71a8743233e0a4a787b62.verbatim)
(/Users/rob/dev/Presentation/ROB-Books/tmp/pdfs/_markdown_complete-builders-fie
ld-manual/ec704a8c25a946b2c6071a454dd55670.verbatim) [107

]
Chapter 19.

(/Users/rob/dev/Presentation/ROB-Books/tmp/pdfs/_markdown_complete-builders-fie
ld-manual/ab5acdd5964bcc4fe3ef17df0a8977f2.verbatim) [108

] [109]
Chapter 20.

(/Users/rob/dev/Presentation/ROB-Books/tmp/pdfs/_markdown_complete-builders-fie
ld-manual/f292067fa251e8098021e09b26da0e02.verbatim) [110

]
Chapter 21.

Underfull \hbox (badness 10000) in paragraph at lines 80--80
[]\TU/AvenirNext(0)/b/n/10 SOURCE TRAIL — ANALYZING NOW: \TU/Menlo(0)/m/n/10 in
itCan.sh \TU/AvenirNext(0)/m/n/10 in \TU/Menlo(0)/m/n/10 amber_core/init \TU/Av
enirNext(0)/m/n/10 and its adjacent
 []


(/Users/rob/dev/Presentation/ROB-Books/tmp/pdfs/_markdown_complete-builders-fie
ld-manual/ff751083778f07712f5f42b8c45c1513.verbatim) [111

]
Chapter 22.

(/Users/rob/dev/Presentation/ROB-Books/tmp/pdfs/_markdown_complete-builders-fie
ld-manual/0a1273650725afcecb94dcb6e320b5c5.verbatim) [112

]
LaTeX Font Info:    Font shape `TU/Menlo(0)/b/n' will be
(Font)              scaled to size 8.30002pt on input line 121.
 [113]
Chapter 23.

(/Users/rob/dev/Presentation/ROB-Books/tmp/pdfs/_markdown_complete-builders-fie
ld-manual/b8663b218a8318e4c0e3b06689634eba.verbatim)
(/Users/rob/dev/Presentation/ROB-Books/tmp/pdfs/_markdown_complete-builders-fie
ld-manual/281d75d1ffe0f61959869d966fdba0e5.verbatim) [114

]
Chapter 24.
[115

] [116]
Chapter 25.
[117

]
Chapter 26.

(/Users/rob/dev/Presentation/ROB-Books/tmp/pdfs/_markdown_complete-builders-fie
ld-manual/12d2bed23fb4984305ff7f14507a5e4f.verbatim)
(/opt/homebrew/Cellar/texlive/20260301/share/texmf-dist/tex/latex/listings/lstl
ang1.sty
File: lstlang1.sty 2025/11/14 1.11b listings language file
)
(/Users/rob/dev/Presentation/ROB-Books/tmp/pdfs/_markdown_complete-builders-fie
ld-manual/e7b49ba5ac898ca04612fed2199c9908.verbatim
LaTeX Font Info:    Font shape `TU/Menlo(0)/b/n' will be
(Font)              scaled to size 6.806pt on input line 5.
) [118

]
(/Users/rob/dev/Presentation/ROB-Books/tmp/pdfs/_markdown_complete-builders-fie
ld-manual/8b813e05a9e3ce21aa72c61d991cb48c.verbatim) [119]
Chapter 27.

(/Users/rob/dev/Presentation/ROB-Books/tmp/pdfs/_markdown_complete-builders-fie
ld-manual/3dd02d59d8d7bc5b3d4a5356a02d4b84.verbatim) [120

]
Chapter 28.

(/Users/rob/dev/Presentation/ROB-Books/tmp/pdfs/_markdown_complete-builders-fie
ld-manual/3c1bb78283862656504d191a282f66e7.verbatim) [121

] [122]
Chapter 29.

(/Users/rob/dev/Presentation/ROB-Books/tmp/pdfs/_markdown_complete-builders-fie
ld-manual/8128f382f1de2717c4e0cf14f819b2f5.verbatim) [123

]
Chapter 30.

(/Users/rob/dev/Presentation/ROB-Books/tmp/pdfs/_markdown_complete-builders-fie
ld-manual/b41906f63cc360d28a0594874ea854bf.verbatim) [124

]
Chapter 31.
[125

] [126]
Chapter 32.
[127

]
Chapter 33.
[128

]
Chapter 34.
[129

]
Chapter 35.
[130

]
Chapter 36.
) [131

] [132

]

Package markdown Info: Including markdown document
(markdown)             "volume-7-engineering-robcontrollervision.md"

\openout5 = `complete-builders-field-manual.luabridge.lua'.


Package luabridge Info: Writing a helper Lua script to file
(luabridge)             complete-builders-field-manual.luabridge.lua


Package luabridge Info: Executing a helper Lua script from file
(luabridge)             complete-builders-field-manual.luabridge.lua


(|texlua /Users/rob/dev/Presentation/ROB-Books/tmp/pdfs/complete-builders-field
-manual.luabridge.lua)
(/Users/rob/dev/Presentation/ROB-Books/tmp/pdfs/_markdown_complete-builders-fie
ld-manual/e6bf12a3bafc1f1b56b1f1acee5a5638.md.tex
Chapter 37.

(/Users/rob/dev/Presentation/ROB-Books/tmp/pdfs/_markdown_complete-builders-fie
ld-manual/7f769449b193716cad5d4cdcebae69ef.verbatim)
Underfull \hbox (badness 3098) in paragraph at lines 8--8
[]\TU/AvenirNext(0)/b/n/10 SOURCE TRAIL — ANALYZING NOW: \TU/Menlo(0)/m/n/10 RO
BControllerVision/README.md\TU/AvenirNext(0)/m/n/10 , \TU/Menlo(0)/m/n/10 docs/
architecture.md\TU/AvenirNext(0)/m/n/10 ,
 []

[133

]
Chapter 38.

(/Users/rob/dev/Presentation/ROB-Books/tmp/pdfs/_markdown_complete-builders-fie
ld-manual/1b22a8418d98ff5200d384f6d955bf3f.verbatim) [134

]
Chapter 39.

(/Users/rob/dev/Presentation/ROB-Books/tmp/pdfs/_markdown_complete-builders-fie
ld-manual/f491e00334f03353dd2d700f693b8332.verbatim) [135

]
Chapter 40.

(/Users/rob/dev/Presentation/ROB-Books/tmp/pdfs/_markdown_complete-builders-fie
ld-manual/ae6f2a153cc22cd0cc576af067dcbc87.verbatim) [136

]
Chapter 41.

(/Users/rob/dev/Presentation/ROB-Books/tmp/pdfs/_markdown_complete-builders-fie
ld-manual/909804e9fed985036c6c23fdb92d85c7.verbatim) [137

]
Chapter 42.

(/Users/rob/dev/Presentation/ROB-Books/tmp/pdfs/_markdown_complete-builders-fie
ld-manual/82daa9252cf02050d6b8ec9733168348.verbatim) [138

]
Chapter 43.
[139

]
Chapter 44.
[140

]
Chapter 45.
[141

]
Chapter 46.

(/Users/rob/dev/Presentation/ROB-Books/tmp/pdfs/_markdown_complete-builders-fie
ld-manual/05f796e05701d711cc87a227fdc3042c.verbatim) [142

]
Chapter 47.

(/Users/rob/dev/Presentation/ROB-Books/tmp/pdfs/_markdown_complete-builders-fie
ld-manual/6d8a891e0cb04da1dd435237c4279b5c.verbatim) [143

]
Chapter 48.
[144

]
Chapter 49.
[145

]
Chapter 50.
[146

]
Chapter 51.
[147

]
Chapter 52.
[148

]
Chapter 53.
[149

]
Chapter 54.
[150

]
Chapter 55.
[151

]
Chapter 56.
[152

]
Chapter 57.
[153

]
Chapter 58.
[154

]
Chapter 59.

(/Users/rob/dev/Presentation/ROB-Books/tmp/pdfs/_markdown_complete-builders-fie
ld-manual/07863ce618c98eddcb6ebe0d43309a35.verbatim)
(/Users/rob/dev/Presentation/ROB-Books/tmp/pdfs/_markdown_complete-builders-fie
ld-manual/4a926fd75e560be3b27f1c39b3bdc218.verbatim) [155

]
Chapter 60.
[156

]
Chapter 61.
[157

]
Chapter 62.
[158

]
Chapter 63.

(/Users/rob/dev/Presentation/ROB-Books/tmp/pdfs/_markdown_complete-builders-fie
ld-manual/327fc9210acb78827dfdba812794d8f4.verbatim) [159

]
Chapter 64.
[160

]
Chapter 65.
[161

]
Chapter 66.
[162

]
Chapter 67.

(/Users/rob/dev/Presentation/ROB-Books/tmp/pdfs/_markdown_complete-builders-fie
ld-manual/614d145333772290c61abab7b7dddecc.verbatim) [163

]
Chapter 68.
) [164

] [165

]

Package markdown Info: Including markdown document
(markdown)             "volume-8-engineering-cerebro.md"

\openout5 = `complete-builders-field-manual.luabridge.lua'.


Package luabridge Info: Writing a helper Lua script to file
(luabridge)             complete-builders-field-manual.luabridge.lua


Package luabridge Info: Executing a helper Lua script from file
(luabridge)             complete-builders-field-manual.luabridge.lua


(|texlua /Users/rob/dev/Presentation/ROB-Books/tmp/pdfs/complete-builders-field
-manual.luabridge.lua)
(/Users/rob/dev/Presentation/ROB-Books/tmp/pdfs/_markdown_complete-builders-fie
ld-manual/5bc716a591dc6f5913c9df8b22b55f8b.md.tex
Chapter 69.

(/Users/rob/dev/Presentation/ROB-Books/tmp/pdfs/_markdown_complete-builders-fie
ld-manual/9fd0e41554294ec56b231a6826111832.verbatim)
Underfull \hbox (badness 10000) in paragraph at lines 8--8
[]\TU/AvenirNext(0)/b/n/10 SOURCE TRAIL — ANALYZING NOW: \TU/Menlo(0)/m/n/10 RE
ADME.md\TU/AvenirNext(0)/m/n/10 , \TU/Menlo(0)/m/n/10 Cerebro.xcodeproj/project
.pbxproj\TU/AvenirNext(0)/m/n/10 ,
 []


Underfull \hbox (badness 1122) in paragraph at lines 8--8
\TU/Menlo(0)/m/n/10 Cerebro/AppDelegate.m\TU/AvenirNext(0)/m/n/10 , and \TU/Men
lo(0)/m/n/10 Cerebro/ROBMainViewController.mm \TU/AvenirNext(0)/m/n/10 establis
h the application boundary
 []

[166

]
Chapter 70.
[167

] [168]
Chapter 71.
[169

]
Chapter 72.

Underfull \hbox (badness 3229) in paragraph at lines 130--130
[]\TU/AvenirNext(0)/b/n/10 SOURCE TRAIL — ANALYZING NOW: \TU/Menlo(0)/m/n/10 Pa
ckage.resolved \TU/AvenirNext(0)/m/n/10 inside the Xcode workspace, plus
 []


(/Users/rob/dev/Presentation/ROB-Books/tmp/pdfs/_markdown_complete-builders-fie
ld-manual/aad5a77dca6dbea3ff874e385bbaad9a.verbatim) [170

]
Chapter 73.
[171

]
Chapter 74.

(/Users/rob/dev/Presentation/ROB-Books/tmp/pdfs/_markdown_complete-builders-fie
ld-manual/149ccede00aab17d105c7984449163f1.verbatim) [172

]
Chapter 75.

(/Users/rob/dev/Presentation/ROB-Books/tmp/pdfs/_markdown_complete-builders-fie
ld-manual/acfafe86ee40f44f1d691aaf02ef9922.verbatim) [173

]
Chapter 76.
[174

]
Chapter 77.

(/Users/rob/dev/Presentation/ROB-Books/tmp/pdfs/_markdown_complete-builders-fie
ld-manual/c999fc48ac9fd4473cb5693430299a1f.verbatim) [175

]
Chapter 78.

Underfull \hbox (badness 10000) in paragraph at lines 190--190
[]\TU/AvenirNext(0)/b/n/10 SOURCE TRAIL — ANALYZING NOW: \TU/Menlo(0)/m/n/10 RO
BSerialBox.m \TU/AvenirNext(0)/m/n/10 methods \TU/Menlo(0)/m/n/10 applyVisionNe
ckPan:tilt:\TU/AvenirNext(0)/m/n/10 ,
 []


(/Users/rob/dev/Presentation/ROB-Books/tmp/pdfs/_markdown_complete-builders-fie
ld-manual/ca591f4c594505042628ca5a2307484c.verbatim) [176

]
Chapter 79.

Underfull \hbox (badness 10000) in paragraph at lines 199--199
[]\TU/AvenirNext(0)/b/n/10 SOURCE TRAIL — ANALYZING NOW: \TU/Menlo(0)/m/n/10 Ce
rebro/Cerebro-Bridging-Header.h\TU/AvenirNext(0)/m/n/10 ,
 []

[177

]
Chapter 80.

Underfull \hbox (badness 10000) in paragraph at lines 214--214
[]\TU/AvenirNext(0)/b/n/10 SOURCE TRAIL — ANALYZING NOW: \TU/Menlo(0)/m/n/10 Ce
rebro/CameraManager.swift \TU/AvenirNext(0)/m/n/10 types \TU/Menlo(0)/m/n/10 Ca
meraSource\TU/AvenirNext(0)/m/n/10 ,
 []


Underfull \hbox (badness 1496) in paragraph at lines 215--215
[]\TU/AvenirNext(0)/m/n/10 The AVFoundation path discovers a camera, chooses a
format, configures \TU/Menlo(0)/m/n/10 AVCaptureSession\TU/AvenirNext(0)/m/n/10
 , and receives
 []

[178

]
Chapter 81.

Underfull \hbox (badness 10000) in paragraph at lines 222--222
[]\TU/AvenirNext(0)/b/n/10 SOURCE TRAIL — ANALYZING NOW: \TU/Menlo(0)/m/n/10 do
cs/depth-camera.md\TU/AvenirNext(0)/m/n/10 , \TU/Menlo(0)/m/n/10 Cerebro/Webcam
_color.py\TU/AvenirNext(0)/m/n/10 ,
 []


Underfull \hbox (badness 2435) in paragraph at lines 227--227
[]\TU/AvenirNext(0)/m/n/10 The Insta360 Pro II is a third, independent role. \T
U/Menlo(0)/m/n/10 ROBInsta360CameraService \TU/AvenirNext(0)/m/n/10 establishes
 the camera con-
 []


Underfull \hbox (badness 7981) in paragraph at lines 227--227
\TU/AvenirNext(0)/m/n/10 trol session, maintains heartbeat, supervises RTMP/ffm
peg preview, and reports bounded retry state.
 []

[179

] [180]
Chapter 82.

Underfull \hbox (badness 10000) in paragraph at lines 247--247
[]\TU/AvenirNext(0)/b/n/10 SOURCE TRAIL — ANALYZING NOW: \TU/Menlo(0)/m/n/10 Ca
meraViewController.swift\TU/AvenirNext(0)/m/n/10 ,
 []


(/Users/rob/dev/Presentation/ROB-Books/tmp/pdfs/_markdown_complete-builders-fie
ld-manual/4a9d3bb22c85c3d3aa3ab1ebba53e5be.verbatim) [181

]
Chapter 83.
[182

]
Chapter 84.
[183

]
Chapter 85.

Underfull \hbox (badness 10000) in paragraph at lines 269--269
[]\TU/AvenirNext(0)/b/n/10 SOURCE TRAIL — ANALYZING NOW: \TU/Menlo(0)/m/n/10 Ce
rebro/ROBMLXRuntime.swift\TU/AvenirNext(0)/m/n/10 ,
 []


Underfull \hbox (badness 10000) in paragraph at lines 269--269
\TU/Menlo(0)/m/n/10 ROBMLXImprovisationProvider.swift\TU/AvenirNext(0)/m/n/10 ,
 \TU/Menlo(0)/m/n/10 ROBMLXStageObservation.swift\TU/AvenirNext(0)/m/n/10 , \TU
/Menlo(0)/m/n/10 docs/mlx-local-ai.md\TU/AvenirNext(0)/m/n/10 , and
 []


Underfull \hbox (badness 10000) in paragraph at lines 270--270
[]\TU/Menlo(0)/m/n/10 ROBMLXEngine \TU/AvenirNext(0)/m/n/10 is an actor. This s
erializes model-container state, loading, diagnostics, VLM admis-
 []


Underfull \hbox (badness 5316) in paragraph at lines 270--270
\TU/AvenirNext(0)/m/n/10 sion, embeddings, and semantic memory without blocking
 the main actor. The initial local LLM is
 []


Underfull \hbox (badness 5077) in paragraph at lines 270--270
\TU/Menlo(0)/m/n/10 mlx-community/Llama-3.2-1B-Instruct-4bit\TU/AvenirNext(0)/m
/n/10 ; vision uses \TU/Menlo(0)/m/n/10 mlx-community/Qwen2-VL-2B-Instruct-4bit
\TU/AvenirNext(0)/m/n/10 ; retrieval
 []

[184

]
Chapter 86.

(/Users/rob/dev/Presentation/ROB-Books/tmp/pdfs/_markdown_complete-builders-fie
ld-manual/37fb83924f5c624f27acefc5dce5905a.verbatim)
Underfull \hbox (badness 2277) in paragraph at lines 285--286
[]\TU/Menlo(0)/m/n/10 loadLLM \TU/AvenirNext(0)/m/n/10 returns the already load
ed container when the model ID matches, otherwise it records load-
 []

[185

]
Chapter 87.

Underfull \hbox (badness 10000) in paragraph at lines 297--297
[]\TU/AvenirNext(0)/b/n/10 SOURCE TRAIL — ANALYZING NOW: \TU/Menlo(0)/m/n/10 RO
BDatasetManager \TU/AvenirNext(0)/m/n/10 in \TU/Menlo(0)/m/n/10 ROBSceneSnapsho
t.swift\TU/AvenirNext(0)/m/n/10 ,
 []


Underfull \hbox (badness 8075) in paragraph at lines 297--297
\TU/Menlo(0)/m/n/10 TrainProjectModel.py\TU/AvenirNext(0)/m/n/10 , the model-ma
nifest loader and \TU/Menlo(0)/m/n/10 YoloSpatialDetectionNetwork \TU/AvenirNex
t(0)/m/n/10 branch in
 []


(/Users/rob/dev/Presentation/ROB-Books/tmp/pdfs/_markdown_complete-builders-fie
ld-manual/488dadd45aba5bb2ea36961e9343feb7.verbatim) [186

] [187]
Chapter 88.
[188

]
Chapter 89.
[189

]
Chapter 90.
[190

]
Chapter 91.

(/Users/rob/dev/Presentation/ROB-Books/tmp/pdfs/_markdown_complete-builders-fie
ld-manual/0dd41ca32e96b4eff655b714e202e2da.verbatim) [191

]
Chapter 92.

Underfull \hbox (badness 10000) in paragraph at lines 374--374
[]\TU/AvenirNext(0)/b/n/10 SOURCE TRAIL — ANALYZING NOW: \TU/Menlo(0)/m/n/10 Ce
rebro/ROBAI.swift\TU/AvenirNext(0)/m/n/10 , \TU/Menlo(0)/m/n/10 GeminiRoboticsP
rotocol.swift\TU/AvenirNext(0)/m/n/10 ,
 []


Underfull \hbox (badness 10000) in paragraph at lines 374--374
\TU/Menlo(0)/m/n/10 ROBGeminiDiagnosticsWindowController.swift\TU/AvenirNext(0)
/m/n/10 , \TU/Menlo(0)/m/n/10 docs/gemini-robotics-live.md\TU/AvenirNext(0)/m/n
/10 , and
 []

[192

]
Chapter 93.
[193

]
Chapter 94.

(/Users/rob/dev/Presentation/ROB-Books/tmp/pdfs/_markdown_complete-builders-fie
ld-manual/8900aaf09ec0b695a56b97173cca51af.verbatim) [194

]
Chapter 95.

Underfull \hbox (badness 1424) in paragraph at lines 401--401
[]\TU/Menlo(0)/m/n/10 ROBTraversabilityRuntime \TU/AvenirNext(0)/m/n/10 learns
belly-camera ground context only from manually traversed and odometry-
 []

[195

]
Chapter 96.

Underfull \hbox (badness 10000) in paragraph at lines 406--406
[]\TU/AvenirNext(0)/b/n/10 SOURCE TRAIL — ANALYZING NOW: \TU/Menlo(0)/m/n/10 RO
BVideoServer.swift\TU/AvenirNext(0)/m/n/10 , \TU/Menlo(0)/m/n/10 ROBVideoProtoc
ol.swift\TU/AvenirNext(0)/m/n/10 ,
 []

[196

]
Chapter 97.

(/Users/rob/dev/Presentation/ROB-Books/tmp/pdfs/_markdown_complete-builders-fie
ld-manual/c71263fbec83c5a57390e78314961c50.verbatim)
(/Users/rob/dev/Presentation/ROB-Books/tmp/pdfs/_markdown_complete-builders-fie
ld-manual/2852f1eea6b13029b7bcf17c8a5077e7.verbatim)
Underfull \hbox (badness 10000) in paragraph at lines 431--431
[]\TU/AvenirNext(0)/m/n/10 The prefix is not part of the NAL unit. The first by
te after each prefix is the NAL header.
 []

[197

]
Underfull \hbox (badness 6300) in paragraph at lines 439--440
[]\TU/AvenirNext(0)/m/n/10 Create a VideoToolbox H.264 compression session whos
e destination pixels are NV12 video-range
 []


Underfull \hbox (badness 1097) in paragraph at lines 440--441
[]\TU/AvenirNext(0)/m/n/10 Request real-time operation, disable frame reorderin
g, prefer Constrained Baseline, set expected frame
 []


(/Users/rob/dev/Presentation/ROB-Books/tmp/pdfs/_markdown_complete-builders-fie
ld-manual/145d95b4bf12a5ccec482ab76d745979.verbatim) [198] [199]
Chapter 98.
[200

]
Chapter 99.
[201

]
Chapter 100.

Underfull \hbox (badness 10000) in paragraph at lines 490--490
[]\TU/AvenirNext(0)/b/n/10 SOURCE TRAIL — ANALYZING NOW: \TU/Menlo(0)/m/n/10 RO
BSaberChoreography.swift\TU/AvenirNext(0)/m/n/10 ,
 []


Underfull \hbox (badness 10000) in paragraph at lines 490--490
\TU/Menlo(0)/m/n/10 StageShows/ProgressiveSaberTraining.robshow.json\TU/AvenirN
ext(0)/m/n/10 , \TU/Menlo(0)/m/n/10 GalacticSaberBattle.robshow.json\TU/AvenirN
ext(0)/m/n/10 ,
 []

[202

]
Chapter 101.
[203

]
Chapter 102.

Underfull \hbox (badness 5064) in paragraph at lines 521--521
[]\TU/AvenirNext(0)/m/n/10 Then perform a staged hardware test: no-power simula
tion, powered actuators mechanically isolated,
 []

[204

]
Chapter 103.
[205

]
Chapter 104.

(/Users/rob/dev/Presentation/ROB-Books/tmp/pdfs/_markdown_complete-builders-fie
ld-manual/8299ced50d688155a8a316e2ee3711ae.verbatim)
Underfull \hbox (badness 10000) in paragraph at lines 550--550
[]\TU/AvenirNext(0)/m/n/10 For camera work, preserve \TU/Menlo(0)/m/n/10 Camera
ManagerProtocol \TU/AvenirNext(0)/m/n/10 and \TU/Menlo(0)/m/n/10 CameraFrameSet
\TU/AvenirNext(0)/m/n/10 . For model work, preserve
 []

[206

]
Chapter 105.
[207

]
Chapter 106.
[208

]
Chapter 107.
) (./adult-learning-and-commissioning.tex [209

]
Appendix A.
[210

]
Appendix B.
[211

]
Appendix C.
) [212

]
Appendix D.
[213

]
Appendix E.
[214

]
Appendix F.

Underfull \hbox (badness 10000) in paragraph at lines 1306--1306
[]|\TU/AvenirNext(0)/m/n/10 PROTECTION / CON-
 []

[215

]
Appendix G.
[216

]
Appendix H.

Underfull \hbox (badness 1939) in paragraph at lines 1357--1357
[]|\TU/AvenirNext(0)/m/n/10 Historical Mac-software evidence: the pre-Git seria
l-command
 []


Underfull \hbox (badness 1132) in paragraph at lines 1357--1357
[]|\TU/AvenirNext(0)/m/n/10 Captured Ubuntu runtime evidence for the two AMBER
cores;
 []


Underfull \hbox (badness 1824) in paragraph at lines 1386--1386
[]|\TU/AvenirNext(0)/m/n/10 Current transport, video, depth, autonomy, recordin
g/training,
 []


Underfull \hbox (badness 3039) in paragraph at lines 1386--1386
[]|\TU/AvenirNext(0)/m/n/10 H.264 validation, SPS/PPS format construction, AVCC
 sample
 []


Underfull \hbox (badness 3872) in paragraph at lines 1386--1386
[]|\TU/AvenirNext(0)/m/n/10 Slamware acquisition, compact RLS1 scans, authentic
ated lo-
 []

[217

] [218]
Appendix I.
[219

]
Appendix J.
[220

]
enddocument/afterlastpage (AED): lastpage setting LastPage.

(/Users/rob/dev/Presentation/ROB-Books/tmp/pdfs/complete-builders-field-manual.
aux)
 ***********
LaTeX2e <2025-11-01>
L3 programming layer <2026-01-19>
 ***********
Package rerunfilecheck Info: File `complete-builders-field-manual.out' has not
changed.
(rerunfilecheck)             Checksum: 88DB4CD290987EB7DB0749B44D641E61;87343.
 )
Here is how much of TeX's memory you used:
 40390 strings out of 468168
 952522 string characters out of 5423555
 1854309 words of memory out of 5000000
 68072 multiletter control sequences out of 15000+600000
 633616 words of font info for 153 fonts, out of 8000000 for 9000
 1348 hyphenation exceptions out of 8191
 101i,13n,131p,1158b,2842s stack positions out of 10000i,1000n,20000p,200000b,200000s

Output written on /Users/rob/dev/Presentation/ROB-Books/tmp/pdfs/complete-build
ers-field-manual.xdv (236 pages, 6173520 bytes).
